Codice.comune,Comune,Popolazione.censita.al.1..gennaio,Nati.vivi,Morti,Saldo.naturale,Immigrati.da.altro.comune,Emigrati.per.altro.comune,Saldo.migratorio.interno,Immigrati.dall.estero,Emigrati.per.l.estero,Saldo.migratorio.con.l.estero,Unità.in.più.meno.dovute.a.variazioni.territoriali,Aggiustamento.statistico,Saldo.totale,Popolazione.censita.al.31.dicembre,Numero.di.famiglie.al.31.dicembre,Popolazione.censita.al.31.dicembre.residente.in.famiglia,Numero.medio.di.componenti.per.famiglia.al.31.dicembre,Numero.di.convivenze.al.31.dicembre,Popolazione.censita.al.31.dicembre.residente.in.convivenza,year
7001,Allein,213,0,5,-5,9,9,0,2,0,2,0,0,-3,210,115,210,1.8,0,0,2019
7002,Antey-Saint-André,584,5,7,-2,13,25,-12,4,0,4,0,-9,-19,565,284,560,2,2,5,2019
7003,Aosta,34169,223,404,-181,1064,1051,13,194,65,129,0,-214,-253,33916,16510,33546,2,36,370,2019
7004,Arnad,1255,9,19,-10,32,32,0,5,7,-2,0,2,-10,1245,598,1232,2.1,1,13,2019
7005,Arvier,879,11,9,2,23,32,-9,4,5,-1,0,-1,-9,870,408,870,2.1,0,0,2019
7006,Avise,310,0,4,-4,3,2,1,0,1,-1,0,0,-4,306,141,306,2.2,0,0,2019
7007,Ayas,1379,14,11,3,32,16,16,5,11,-6,0,1,14,1393,670,1393,2.1,0,0,2019
7008,Aymavilles,2061,18,21,-3,112,68,44,10,7,3,0,-1,43,2104,964,2097,2.2,1,7,2019
7009,Bard,121,0,2,-2,10,6,4,0,0,0,0,-1,1,122,59,122,2,0,0,2019
7010,Bionaz,229,1,2,-1,3,7,-4,1,0,1,0,0,-4,225,123,225,1.8,0,0,2019
7011,Brissogne,963,7,8,-1,43,54,-11,4,6,-2,0,-1,-15,948,415,911,2.2,2,37,2019
7012,Brusson,915,4,13,-9,20,43,-23,2,1,1,0,-1,-32,883,429,865,2,3,18,2019
7013,Challand-Saint-Anselme,762,5,11,-6,17,13,4,4,4,0,0,-2,-4,758,353,752,2.1,1,6,2019
7014,Challand-Saint-Victor,569,4,6,-2,3,18,-15,0,3,-3,0,-1,-21,548,284,548,1.9,0,0,2019
7015,Chambave,942,3,11,-8,37,45,-8,3,4,-1,0,-6,-23,919,456,919,2,0,0,2019
7016,Chamois,98,0,3,-3,4,1,3,0,0,0,0,0,0,98,65,98,1.5,0,0,2019
7017,Champdepraz,729,7,7,0,21,30,-9,2,2,0,0,-6,-15,714,345,714,2.1,0,0,2019
7018,Champorcher,409,0,4,-4,5,15,-10,4,0,4,0,-5,-15,394,226,394,1.7,0,0,2019
7019,Charvensod,2362,12,23,-11,114,132,-18,5,3,2,0,3,-24,2338,1088,2337,2.2,1,1,2019
7020,Châtillon,4588,28,52,-24,124,155,-31,24,33,-9,0,0,-64,4524,2161,4458,2.1,8,66,2019
7021,Cogne,1389,10,25,-15,35,30,5,9,10,-1,0,-1,-12,1377,721,1374,1.9,1,3,2019
7022,Courmayeur,2771,16,28,-12,92,107,-15,22,7,15,0,2,-10,2761,1424,2760,1.9,1,1,2019
7023,Donnas,2486,6,37,-31,84,78,6,8,5,3,0,-16,-38,2448,1169,2418,2.1,1,30,2019
7024,Doues,516,4,6,-2,13,15,-2,1,2,-1,0,1,-4,512,255,503,2,1,9,2019
7025,Emarèse,219,3,1,2,7,5,2,1,1,0,0,0,4,223,105,216,2,1,7,2019
7026,Etroubles,504,1,9,-8,20,30,-10,4,6,-2,0,-3,-23,481,237,481,2,0,0,2019
7027,Fénis,1778,11,24,-13,90,66,24,14,22,-8,0,-12,-9,1769,831,1761,2.1,1,8,2019
7028,Fontainemore,434,3,8,-5,6,9,-3,4,0,4,0,1,-3,431,222,431,1.9,0,0,2019
7029,Gaby,478,2,4,-2,10,28,-18,2,1,1,0,1,-18,460,257,457,1.8,1,3,2019
7030,Gignod,1699,15,16,-1,79,66,13,5,4,1,0,3,16,1715,787,1702,2.2,3,13,2019
7031,Gressan,3408,27,38,-11,145,144,1,14,14,0,0,-5,-15,3393,1582,3376,2.1,1,17,2019
7032,Gressoney-La-Trinité,303,4,5,-1,15,1,14,3,1,2,0,0,15,318,142,318,2.2,0,0,2019
7033,Gressoney-Saint-Jean,825,5,10,-5,17,20,-3,0,2,-2,0,-3,-13,812,392,807,2.1,2,5,2019
7034,Hône,1165,16,16,0,47,27,20,6,2,4,0,0,24,1189,585,1176,2,2,13,2019
7035,Introd,659,5,8,-3,26,20,6,2,2,0,0,-1,2,661,301,654,2.2,1,7,2019
7036,Issime,400,3,8,-5,18,8,10,4,2,2,0,0,7,407,216,407,1.9,0,0,2019
7037,Issogne,1342,8,9,-1,38,29,9,2,4,-2,0,1,7,1349,670,1349,2,0,0,2019
7038,Jovençan,742,3,1,2,45,61,-16,7,10,-3,0,-2,-19,723,339,723,2.1,0,0,2019
7039,La Magdeleine,110,0,1,-1,3,3,0,0,0,0,0,0,-1,109,62,109,1.7,0,0,2019
7040,La Salle,1991,20,32,-12,80,66,14,17,11,6,0,2,10,2001,1005,1995,2,1,6,2019
7041,La Thuile,820,5,5,0,30,32,-2,1,9,-8,0,2,-8,812,424,805,1.9,3,7,2019
7042,Lillianes,449,6,4,2,9,14,-5,0,0,0,0,-1,-4,445,219,445,2,0,0,2019
7043,Montjovet,1795,10,19,-9,62,48,14,6,4,2,0,0,7,1802,841,1798,2.1,1,4,2019
7044,Morgex,2102,14,24,-10,105,93,12,18,1,17,0,-25,-6,2096,971,2092,2.2,2,4,2019
7045,Nus,2938,17,21,-4,140,138,2,22,7,15,0,-1,12,2950,1354,2938,2.2,3,12,2019
7046,Ollomont,163,2,1,1,7,6,1,0,0,0,0,0,2,165,95,165,1.7,0,0,2019
7047,Oyace,212,2,2,0,8,3,5,0,0,0,0,0,5,217,105,217,2.1,0,0,2019
7048,Perloz,464,1,6,-5,8,13,-5,7,4,3,0,0,-7,457,221,449,2,2,8,2019
7049,Pollein,1538,8,12,-4,61,57,4,3,4,-1,0,-1,-2,1536,681,1535,2.2,1,1,2019
7050,Pontboset,177,1,0,1,1,6,-5,0,0,0,0,0,-4,173,94,173,1.8,0,0,2019
7051,Pontey,809,7,9,-2,29,39,-10,6,0,6,0,-2,-8,801,368,790,2.1,2,11,2019
7052,Pont-Saint-Martin,3630,19,41,-22,132,138,-6,16,1,15,0,-25,-38,3592,1685,3583,2.1,1,9,2019
7053,Pré-Saint-Didier,1023,8,7,1,45,35,10,5,1,4,0,-7,8,1031,509,1022,2,1,9,2019
7054,Quart,4043,33,34,-1,219,220,-1,19,13,6,0,-2,2,4045,1843,4036,2.2,1,9,2019
7055,Rhêmes-Notre-Dame,81,0,1,-1,5,0,5,0,0,0,0,0,4,85,43,82,1.9,1,3,2019
7056,Rhêmes-Saint-Georges,177,0,3,-3,3,3,0,0,0,0,0,0,-3,174,87,174,2,0,0,2019
7057,Roisan,1023,7,5,2,64,56,8,7,2,5,0,0,15,1038,463,1024,2.2,1,14,2019
7058,Saint-Christophe,3435,27,29,-2,166,153,13,20,10,10,0,-10,11,3446,1558,3405,2.2,3,41,2019
7059,Saint-Denis,382,0,4,-4,12,7,5,1,1,0,0,-1,0,382,181,382,2.1,0,0,2019
7060,Saint-Marcel,1358,8,10,-2,61,53,8,5,1,4,0,-3,7,1365,608,1358,2.2,1,7,2019
7061,Saint-Nicolas,323,1,5,-4,8,7,1,1,1,0,0,0,-3,320,163,320,2,0,0,2019
7062,Saint-Oyen,191,0,2,-2,22,4,18,0,0,0,0,-8,8,199,87,182,2.1,1,17,2019
7063,Saint-Pierre,3172,28,30,-2,149,128,21,17,7,10,0,-6,23,3195,1493,3175,2.1,3,20,2019
7064,Saint-Rhémy-en-Bosses,336,2,6,-4,10,17,-7,5,1,4,0,0,-7,329,175,301,1.7,3,28,2019
7065,Saint-Vincent,4454,32,56,-24,163,148,15,34,36,-2,0,-11,-22,4432,2315,4416,1.9,1,16,2019
7066,Sarre,4810,30,40,-10,232,194,38,23,40,-17,0,-4,7,4817,2207,4782,2.2,5,35,2019
7067,Torgnon,577,3,10,-7,8,11,-3,2,1,1,0,-1,-10,567,288,567,2,0,0,2019
7068,Valgrisenche,193,0,1,-1,5,2,3,1,0,1,0,0,3,196,118,196,1.6,0,0,2019
7069,Valpelline,605,5,6,-1,37,26,11,7,0,7,0,-4,13,618,305,617,2,1,1,2019
7070,Valsavarenche,177,1,1,0,0,6,-6,6,0,6,0,-2,-2,175,107,175,1.6,0,0,2019
7071,Valtournenche,2277,21,25,-4,50,76,-26,18,13,5,0,3,-22,2255,1162,2241,1.9,4,14,2019
7072,Verrayes,1279,4,18,-14,40,45,-5,3,4,-1,0,5,-15,1264,622,1264,2,0,0,2019
7073,Verrès,2585,20,31,-11,105,84,21,24,21,3,0,-21,-8,2577,1267,2550,2,4,27,2019
7074,Villeneuve,1299,6,16,-10,59,73,-14,9,5,4,0,-20,-40,1259,589,1240,2.1,1,19,2019
7001,Allein,210,0,7,-7,13,7,6,1,1,0,0,-1,-2,208,117,208,1.8,0,0,2020
7002,Antey-Saint-André,565,2,5,-3,17,23,-6,2,0,2,0,-12,-19,546,278,542,2,2,4,2020
7003,Aosta,33916,186,556,-370,935,901,34,117,120,-3,0,-54,-393,33523,16572,33202,2,35,321,2020
7004,Arnad,1245,12,19,-7,28,33,-5,8,4,4,0,-10,-18,1227,592,1213,2,1,14,2020
7005,Arvier,870,3,12,-9,32,29,3,3,8,-5,0,-7,-18,852,413,852,2.1,0,0,2020
7006,Avise,306,1,2,-1,3,7,-4,0,0,0,0,-3,-8,298,140,298,2.1,0,0,2020
7007,Ayas,1393,14,16,-2,39,26,13,4,10,-6,0,1,6,1399,683,1399,2,0,0,2020
7008,Aymavilles,2104,16,21,-5,77,72,5,6,12,-6,0,0,-6,2098,975,2093,2.2,1,5,2020
7009,Bard,122,1,2,-1,3,10,-7,0,0,0,0,-2,-10,112,57,112,2,0,0,2020
7010,Bionaz,225,0,6,-6,4,2,2,0,0,0,0,-3,-7,218,115,218,1.9,0,0,2020
7011,Brissogne,948,10,7,3,30,37,-7,1,1,0,0,-2,-6,942,413,915,2.2,2,27,2020
7012,Brusson,883,4,15,-11,28,23,5,7,0,7,0,-21,-20,863,423,846,2,3,17,2020
7013,Challand-Saint-Anselme,758,6,6,0,28,21,7,0,2,-2,0,-27,-22,736,351,731,2.1,1,5,2020
7014,Challand-Saint-Victor,548,2,10,-8,24,10,14,2,3,-1,0,-17,-12,536,280,536,1.9,0,0,2020
7015,Chambave,919,7,19,-12,27,39,-12,4,12,-8,0,-15,-47,872,442,872,2,0,0,2020
7016,Chamois,98,0,0,0,14,2,12,0,0,0,0,-2,10,108,71,108,1.5,0,0,2020
7017,Champdepraz,714,3,10,-7,36,38,-2,2,1,1,0,-6,-14,700,347,700,2,0,0,2020
7018,Champorcher,394,1,4,-3,14,17,-3,2,0,2,0,-10,-14,380,225,380,1.7,0,0,2020
7019,Charvensod,2338,16,29,-13,116,98,18,4,4,0,0,34,39,2377,1121,2375,2.1,1,2,2020
7020,Châtillon,4524,27,60,-33,117,160,-43,17,20,-3,0,5,-74,4450,2176,4396,2,7,54,2020
7021,Cogne,1377,7,25,-18,23,23,0,5,0,5,0,-21,-34,1343,714,1340,1.9,1,3,2020
7022,Courmayeur,2761,15,32,-17,106,119,-13,20,8,12,0,-9,-27,2734,1444,2733,1.9,1,1,2020
7023,Donnas,2448,11,50,-39,71,68,3,9,9,0,0,-7,-43,2405,1164,2387,2,2,18,2020
7024,Doues,512,0,13,-13,15,8,7,0,2,-2,0,-7,-15,497,256,488,1.9,1,9,2020
7025,Emarèse,223,1,5,-4,8,10,-2,0,0,0,0,3,-3,220,104,213,2,1,7,2020
7026,Etroubles,481,1,8,-7,18,7,11,3,0,3,0,-5,2,483,240,483,2,0,0,2020
7027,Fénis,1769,18,26,-8,76,62,14,4,9,-5,0,8,9,1778,846,1774,2.1,1,4,2020
7028,Fontainemore,431,4,3,1,14,18,-4,6,1,5,0,0,2,433,223,433,1.9,0,0,2020
7029,Gaby,460,4,7,-3,12,15,-3,2,4,-2,0,-15,-23,437,248,433,1.8,1,4,2020
7030,Gignod,1715,12,20,-8,65,56,9,8,4,4,0,19,24,1739,806,1727,2.1,3,12,2020
7031,Gressan,3393,21,33,-12,138,123,15,8,8,0,0,-16,-13,3380,1603,3371,2.1,1,9,2020
7032,Gressoney-La-Trinité,318,4,3,1,16,9,7,0,1,-1,0,-3,4,322,150,322,2.2,0,0,2020
7033,Gressoney-Saint-Jean,812,6,9,-3,31,16,15,1,1,0,0,-20,-8,804,395,797,2,2,7,2020
7034,Hône,1189,10,23,-13,28,24,4,1,6,-5,0,-21,-35,1154,570,1144,2,2,10,2020
7035,Introd,661,3,8,-5,16,16,0,1,1,0,0,-10,-15,646,303,639,2.1,1,7,2020
7036,Issime,407,3,8,-5,11,16,-5,3,5,-2,0,-2,-14,393,216,393,1.8,0,0,2020
7037,Issogne,1349,7,20,-13,30,31,-1,0,2,-2,0,14,-2,1347,675,1347,2,0,0,2020
7038,Jovençan,723,4,12,-8,36,24,12,2,2,0,0,-15,-11,712,335,712,2.1,0,0,2020
7039,La Magdeleine,109,1,3,-2,5,2,3,0,0,0,0,-2,-1,108,64,108,1.7,0,0,2020
7040,La Salle,2001,14,19,-5,83,81,2,11,16,-5,0,14,6,2007,1010,2004,2,1,3,2020
7041,La Thuile,812,10,10,0,37,17,20,4,4,0,0,-13,7,819,427,813,1.9,3,6,2020
7042,Lillianes,445,2,5,-3,16,8,8,0,0,0,0,-4,1,446,226,446,2,0,0,2020
7043,Montjovet,1802,6,23,-17,50,41,9,3,3,0,0,-45,-53,1749,823,1746,2.1,1,3,2020
7044,Morgex,2096,16,30,-14,81,69,12,8,22,-14,0,17,1,2097,992,2094,2.1,2,3,2020
7045,Nus,2950,22,30,-8,113,95,18,12,5,7,0,17,34,2984,1388,2975,2.1,3,9,2020
7046,Ollomont,165,1,3,-2,3,3,0,0,1,-1,0,-1,-4,161,94,161,1.7,0,0,2020
7047,Oyace,217,1,1,0,0,2,-2,0,0,0,0,-6,-8,209,101,209,2.1,0,0,2020
7048,Perloz,457,7,7,0,11,18,-7,0,1,-1,0,3,-5,452,221,444,2,2,8,2020
7049,Pollein,1536,5,12,-7,45,57,-12,2,6,-4,0,7,-16,1520,687,1520,2.2,0,0,2020
7050,Pontboset,173,1,2,-1,9,8,1,1,1,0,0,-3,-3,170,91,170,1.9,0,0,2020
7051,Pontey,801,8,14,-6,31,23,8,5,1,4,0,-9,-3,798,362,786,2.2,2,12,2020
7052,Pont-Saint-Martin,3592,16,63,-47,112,128,-16,21,2,19,0,23,-21,3571,1693,3565,2.1,1,6,2020
7053,Pré-Saint-Didier,1031,7,20,-13,43,49,-6,6,7,-1,0,-15,-35,996,505,993,2,1,3,2020
7054,Quart,4045,40,51,-11,172,144,28,5,13,-8,0,47,56,4101,1871,4092,2.2,1,9,2020
7055,Rhêmes-Notre-Dame,85,0,1,-1,2,3,-1,1,0,1,0,-1,-2,83,44,80,1.8,1,3,2020
7056,Rhêmes-Saint-Georges,174,0,4,-4,10,3,7,0,0,0,0,-5,-2,172,85,172,2,0,0,2020
7057,Roisan,1038,9,17,-8,44,46,-2,10,5,5,0,-18,-23,1015,455,1007,2.2,1,8,2020
7058,Saint-Christophe,3446,23,39,-16,147,165,-18,10,12,-2,0,61,25,3471,1611,3427,2.1,3,44,2020
7059,Saint-Denis,382,0,6,-6,9,10,-1,1,3,-2,0,-7,-16,366,178,366,2.1,0,0,2020
7060,Saint-Marcel,1365,4,21,-17,48,67,-19,6,5,1,0,-19,-54,1311,597,1311,2.2,0,0,2020
7061,Saint-Nicolas,320,2,2,0,14,9,5,4,0,4,0,-9,0,320,160,320,2,0,0,2020
7062,Saint-Oyen,199,1,2,-1,4,6,-2,0,1,-1,0,-1,-5,194,90,177,2,1,17,2020
7063,Saint-Pierre,3195,23,45,-22,154,137,17,13,9,4,0,26,25,3220,1534,3198,2.1,3,22,2020
7064,Saint-Rhémy-en-Bosses,329,2,5,-3,19,15,4,3,0,3,0,0,4,333,181,309,1.7,3,24,2020
7065,Saint-Vincent,4432,26,92,-66,167,124,43,15,19,-4,0,60,33,4465,2373,4451,1.9,1,14,2020
7066,Sarre,4817,37,60,-23,194,215,-21,8,12,-4,0,24,-24,4793,2221,4751,2.1,5,42,2020
7067,Torgnon,567,7,6,1,16,20,-4,2,4,-2,0,-7,-12,555,290,555,1.9,0,0,2020
7068,Valgrisenche,196,2,5,-3,8,5,3,0,1,-1,0,-3,-4,192,114,192,1.7,0,0,2020
7069,Valpelline,618,2,4,-2,14,26,-12,4,3,1,0,-11,-24,594,304,592,2,1,2,2020
7070,Valsavarenche,175,0,5,-5,5,4,1,1,0,1,0,-4,-7,168,105,168,1.6,0,0,2020
7071,Valtournenche,2255,11,21,-10,83,70,13,10,10,0,0,15,18,2273,1221,2257,1.8,4,16,2020
7072,Verrayes,1264,8,18,-10,43,34,9,3,6,-3,0,7,3,1267,627,1267,2,0,0,2020
7073,Verrès,2577,14,44,-30,102,81,21,17,17,0,0,22,13,2590,1287,2569,2,4,21,2020
7074,Villeneuve,1259,6,13,-7,49,33,16,6,4,2,0,-23,-12,1247,583,1231,2.1,1,16,2020
7001,Allein,208,0,4,-4,11,6,5,2,0,2,0,0,3,211,123,211,1.7,0,0,2021
7002,Antey-Saint-André,546,1,12,-11,12,7,5,1,0,1,0,1,-4,542,277,537,1.9,2,5,2021
7003,Aosta,33523,174,474,-300,1036,980,56,180,120,60,0,-116,-300,33223,16503,32925,2,30,298,2021
7004,Arnad,1227,12,17,-5,47,26,21,2,0,2,0,4,22,1249,599,1237,2.1,1,12,2021
7005,Arvier,852,8,10,-2,15,28,-13,3,5,-2,0,-2,-19,833,409,833,2,0,0,2021
7006,Avise,298,3,4,-1,5,2,3,1,0,1,0,-2,1,299,138,299,2.2,0,0,2021
7007,Ayas,1399,20,16,4,19,37,-18,6,3,3,0,-29,-40,1359,661,1359,2.1,0,0,2021
7008,Aymavilles,2098,17,14,3,107,93,14,5,7,-2,0,1,16,2114,985,2106,2.1,1,8,2021
7009,Bard,112,0,3,-3,0,1,-1,0,0,0,0,0,-4,108,54,108,2,0,0,2021
7010,Bionaz,218,1,3,-2,3,2,1,1,0,1,0,0,0,218,115,218,1.9,0,0,2021
7011,Brissogne,942,7,8,-1,54,49,5,2,1,1,0,1,6,948,416,918,2.2,2,30,2021
7012,Brusson,863,2,12,-10,32,21,11,8,11,-3,0,0,-2,861,424,844,2,3,17,2021
7013,Challand-Saint-Anselme,736,14,13,1,20,23,-3,7,1,6,0,2,6,742,353,738,2.1,1,4,2021
7014,Challand-Saint-Victor,536,2,7,-5,40,27,13,4,0,4,0,-1,11,547,283,547,1.9,0,0,2021
7015,Chambave,872,4,13,-9,39,21,18,9,3,6,0,-1,14,886,447,886,2,0,0,2021
7016,Chamois,108,0,2,-2,10,7,3,0,0,0,0,0,1,109,69,109,1.6,0,0,2021
7017,Champdepraz,700,3,3,0,37,19,18,2,2,0,0,-1,17,717,355,717,2,0,0,2021
7018,Champorcher,380,0,6,-6,11,9,2,4,2,2,0,-4,-6,374,229,374,1.6,0,0,2021
7019,Charvensod,2377,12,15,-3,97,100,-3,3,10,-7,0,3,-10,2367,1113,2363,2.1,1,4,2021
7020,Châtillon,4450,23,62,-39,126,149,-23,12,15,-3,0,17,-48,4402,2160,4356,2,7,46,2021
7021,Cogne,1343,3,24,-21,34,28,6,6,3,3,0,-16,-28,1315,704,1310,1.9,1,5,2021
7022,Courmayeur,2734,8,30,-22,83,132,-49,10,9,1,0,-49,-119,2615,1371,2614,1.9,1,1,2021
7023,Donnas,2405,8,49,-41,82,69,13,9,12,-3,0,15,-16,2389,1150,2371,2.1,2,18,2021
7024,Doues,497,5,6,-1,15,11,4,1,0,1,0,1,5,502,255,492,1.9,1,10,2021
7025,Emarèse,220,3,2,1,5,6,-1,0,0,0,0,0,0,220,106,213,2,1,7,2021
7026,Etroubles,483,3,5,-2,20,30,-10,2,2,0,0,1,-11,472,246,472,1.9,0,0,2021
7027,Fénis,1778,15,17,-2,80,66,14,11,12,-1,0,-1,10,1788,857,1782,2.1,2,6,2021
7028,Fontainemore,433,3,8,-5,11,13,-2,3,4,-1,0,0,-8,425,224,425,1.9,0,0,2021
7029,Gaby,437,3,10,-7,24,28,-4,3,3,0,0,-2,-13,424,234,420,1.8,1,4,2021
7030,Gignod,1739,10,19,-9,88,115,-27,10,6,4,0,-8,-40,1699,800,1691,2.1,3,8,2021
7031,Gressan,3380,24,35,-11,136,114,22,13,9,4,0,-5,10,3390,1596,3377,2.1,1,13,2021
7032,Gressoney-La-Trinité,322,4,0,4,20,15,5,1,0,1,0,0,10,332,148,332,2.2,0,0,2021
7033,Gressoney-Saint-Jean,804,0,13,-13,24,21,3,5,2,3,0,2,-5,799,396,792,2,2,7,2021
7034,Hône,1154,11,18,-7,27,32,-5,9,5,4,0,2,-6,1148,561,1136,2,2,12,2021
7035,Introd,646,3,6,-3,21,17,4,1,6,-5,0,0,-4,642,304,636,2.1,1,6,2021
7036,Issime,393,2,8,-6,13,25,-12,3,2,1,0,2,-15,378,200,378,1.9,0,0,2021
7037,Issogne,1347,7,18,-11,23,41,-18,2,4,-2,0,7,-24,1323,667,1323,2,0,0,2021
7038,Jovençan,712,5,7,-2,42,37,5,2,2,0,0,1,4,716,340,716,2.1,0,0,2021
7039,La Magdeleine,108,1,0,1,2,3,-1,0,0,0,0,0,0,108,62,108,1.7,0,0,2021
7040,La Salle,2007,14,20,-6,85,70,15,12,2,10,0,-5,14,2021,1020,2018,2,1,3,2021
7041,La Thuile,819,6,8,-2,35,36,-1,0,3,-3,0,3,-3,816,432,811,1.9,2,5,2021
7042,Lillianes,446,1,6,-5,7,17,-10,2,1,1,0,0,-14,432,221,432,2,0,0,2021
7043,Montjovet,1749,9,13,-4,56,46,10,2,3,-1,0,12,17,1766,829,1762,2.1,2,4,2021
7044,Morgex,2097,16,19,-3,71,108,-37,5,14,-9,0,10,-39,2058,984,2051,2.1,2,7,2021
7045,Nus,2984,17,22,-5,144,139,5,7,5,2,0,2,4,2988,1398,2983,2.1,2,5,2021
7046,Ollomont,161,2,1,1,3,9,-6,2,0,2,0,0,-3,158,92,158,1.7,0,0,2021
7047,Oyace,209,0,3,-3,9,8,1,2,0,2,0,0,0,209,104,209,2,0,0,2021
7048,Perloz,452,1,1,0,16,7,9,3,0,3,0,-6,6,458,228,446,2,2,12,2021
7049,Pollein,1520,14,15,-1,65,74,-9,9,3,6,0,-9,-13,1507,670,1507,2.2,0,0,2021
7050,Pontboset,170,1,3,-2,6,5,1,1,0,1,0,1,1,171,92,171,1.9,0,0,2021
7051,Pontey,798,5,11,-6,43,40,3,4,5,-1,0,1,-3,795,367,784,2.1,1,11,2021
7052,Pont-Saint-Martin,3571,24,50,-26,116,112,4,14,15,-1,0,5,-18,3553,1685,3550,2.1,1,3,2021
7053,Pré-Saint-Didier,996,6,14,-8,54,68,-14,10,5,5,0,-2,-19,977,491,977,2,0,0,2021
7054,Quart,4101,28,37,-9,175,181,-6,12,10,2,0,1,-12,4089,1881,4079,2.2,2,10,2021
7055,Rhêmes-Notre-Dame,83,1,1,0,3,6,-3,1,0,1,0,0,-2,81,44,78,1.8,1,3,2021
7056,Rhêmes-Saint-Georges,172,0,4,-4,2,2,0,0,1,-1,0,0,-5,167,83,167,2,0,0,2021
7057,Roisan,1015,8,8,0,29,39,-10,1,5,-4,0,4,-10,1005,454,995,2.2,1,10,2021
7058,Saint-Christophe,3471,24,26,-2,170,141,29,3,11,-8,0,-6,13,3484,1610,3446,2.1,3,38,2021
7059,Saint-Denis,366,6,4,2,11,8,3,0,1,-1,0,1,5,371,179,371,2.1,0,0,2021
7060,Saint-Marcel,1311,11,9,2,53,54,-1,4,5,-1,0,1,1,1312,594,1310,2.2,1,2,2021
7061,Saint-Nicolas,320,2,2,0,11,13,-2,2,0,2,0,1,1,321,163,321,2,0,0,2021
7062,Saint-Oyen,194,1,3,-2,14,8,6,1,0,1,0,-1,4,198,92,180,2,1,18,2021
7063,Saint-Pierre,3220,26,36,-10,144,133,11,23,7,16,0,3,20,3240,1538,3219,2.1,3,21,2021
7064,Saint-Rhémy-en-Bosses,333,3,5,-2,15,17,-2,1,0,1,0,0,-3,330,177,301,1.7,3,29,2021
7065,Saint-Vincent,4465,19,59,-40,172,140,32,21,25,-4,0,-2,-14,4451,2374,4436,1.9,1,15,2021
7066,Sarre,4793,28,50,-22,228,252,-24,27,21,6,0,2,-38,4755,2232,4719,2.1,6,36,2021
7067,Torgnon,555,1,6,-5,23,18,5,2,1,1,0,0,1,556,287,556,1.9,0,0,2021
7068,Valgrisenche,192,0,3,-3,6,2,4,0,0,0,0,-1,0,192,111,192,1.7,0,0,2021
7069,Valpelline,594,4,7,-3,18,19,-1,4,3,1,0,0,-3,591,302,590,2,1,1,2021
7070,Valsavarenche,168,0,3,-3,7,5,2,0,1,-1,0,0,-2,166,106,166,1.6,0,0,2021
7071,Valtournenche,2273,12,17,-5,52,83,-31,18,9,9,0,-48,-75,2198,1184,2181,1.8,4,17,2021
7072,Verrayes,1267,14,8,6,45,28,17,2,2,0,0,4,27,1294,637,1294,2,0,0,2021
7073,Verrès,2590,11,45,-34,107,93,14,21,11,10,0,-2,-12,2578,1276,2557,2,4,21,2021
7074,Villeneuve,1247,8,11,-3,65,49,16,22,9,13,0,5,31,1278,597,1257,2.1,1,21,2021
7001,Allein,211,1,6,-5,12,9,3,0,1,-1,0,0,-3,208,120,208,1.7,0,0,2022
7002,Antey-Saint-André,542,4,10,-6,17,15,2,2,1,1,0,0,-3,539,272,537,2,2,2,2022
7003,Aosta,33223,199,463,-264,1022,930,92,226,107,119,0,-16,-69,33154,16571,32836,2,30,318,2022
7004,Arnad,1249,9,17,-8,23,32,-9,3,5,-2,0,2,-17,1232,590,1220,2.1,1,12,2022
7005,Arvier,833,9,8,1,28,36,-8,2,5,-3,0,-3,-13,820,404,820,2,0,0,2022
7006,Avise,299,1,3,-2,17,13,4,0,0,0,0,0,2,301,135,301,2.2,0,0,2022
7007,Ayas,1359,14,17,-3,41,40,1,8,5,3,0,4,5,1364,666,1364,2,0,0,2022
7008,Aymavilles,2114,17,24,-7,86,108,-22,16,1,15,0,-2,-16,2098,990,2087,2.1,1,11,2022
7009,Bard,108,0,1,-1,3,2,1,0,0,0,0,0,0,108,54,108,2,0,0,2022
7010,Bionaz,218,1,1,0,5,3,2,1,0,1,0,0,3,221,117,221,1.9,0,0,2022
7011,Brissogne,948,8,5,3,43,40,3,12,3,9,0,2,17,965,427,927,2.2,2,38,2022
7012,Brusson,861,5,17,-12,32,29,3,0,1,-1,0,-3,-13,848,427,828,1.9,3,20,2022
7013,Challand-Saint-Anselme,742,3,11,-8,40,27,13,2,0,2,0,-4,3,745,357,742,2.1,1,3,2022
7014,Challand-Saint-Victor,547,1,9,-8,23,16,7,5,0,5,0,0,4,551,288,551,1.9,0,0,2022
7015,Chambave,886,4,11,-7,27,38,-11,8,0,8,0,-1,-11,875,446,875,2,0,0,2022
7016,Chamois,109,2,1,1,8,12,-4,1,0,1,0,0,-2,107,71,107,1.5,0,0,2022
7017,Champdepraz,717,7,4,3,35,20,15,0,0,0,0,-5,13,730,364,730,2,0,0,2022
7018,Champorcher,374,3,5,-2,12,19,-7,4,5,-1,0,3,-7,367,232,367,1.6,0,0,2022
7019,Charvensod,2367,20,24,-4,123,90,33,19,4,15,0,1,45,2412,1139,2409,2.1,1,3,2022
7020,Châtillon,4402,25,74,-49,127,133,-6,27,16,11,0,12,-32,4370,2138,4318,2,7,52,2022
7021,Cogne,1315,4,19,-15,28,12,16,12,8,4,0,-8,-3,1312,707,1305,1.8,1,7,2022
7022,Courmayeur,2615,15,36,-21,112,104,8,24,16,8,0,-2,-7,2608,1371,2576,1.9,5,32,2022
7023,Donnas,2389,11,22,-11,59,62,-3,55,7,48,0,-4,30,2419,1139,2355,2.1,3,64,2022
7024,Doues,502,6,4,2,16,10,6,1,0,1,0,0,9,511,256,501,2,1,10,2022
7025,Emarèse,220,3,1,2,12,9,3,0,0,0,0,4,9,229,108,220,2,1,9,2022
7026,Etroubles,472,0,3,-3,25,18,7,3,2,1,0,1,6,478,252,478,1.9,0,0,2022
7027,Fénis,1788,11,24,-13,68,76,-8,6,2,4,0,1,-16,1772,849,1767,2.1,1,5,2022
7028,Fontainemore,425,2,7,-5,12,15,-3,2,0,2,0,0,-6,419,228,419,1.8,0,0,2022
7029,Gaby,424,2,7,-5,25,20,5,3,2,1,0,-5,-4,420,230,416,1.8,1,4,2022
7030,Gignod,1699,13,19,-6,65,75,-10,4,10,-6,0,2,-20,1679,801,1677,2.1,2,2,2022
7031,Gressan,3390,19,34,-15,136,161,-25,16,5,11,0,-1,-30,3360,1612,3349,2.1,1,11,2022
7032,Gressoney-La-Trinité,332,2,4,-2,3,12,-9,2,0,2,0,0,-9,323,146,323,2.2,0,0,2022
7033,Gressoney-Saint-Jean,799,9,16,-7,7,32,-25,10,1,9,0,-2,-25,774,384,768,2,1,6,2022
7034,Hône,1148,11,25,-14,34,29,5,5,3,2,0,-1,-8,1140,562,1130,2,2,10,2022
7035,Introd,642,4,7,-3,23,19,4,7,1,6,0,-1,6,648,303,641,2.1,1,7,2022
7036,Issime,378,5,6,-1,3,13,-10,0,0,0,0,-1,-12,366,194,366,1.9,0,0,2022
7037,Issogne,1323,5,31,-26,30,28,2,3,2,1,0,1,-22,1301,662,1301,2,0,0,2022
7038,Jovençan,716,5,7,-2,28,39,-11,1,0,1,0,0,-12,704,334,704,2.1,0,0,2022
7039,La Magdeleine,108,0,2,-2,2,9,-7,4,0,4,0,0,-5,103,61,103,1.7,0,0,2022
7040,La Salle,2021,13,20,-7,91,106,-15,25,3,22,0,1,1,2022,1032,2011,1.9,1,11,2022
7041,La Thuile,816,4,8,-4,13,40,-27,6,1,5,0,-1,-27,789,429,784,1.8,2,5,2022
7042,Lillianes,432,2,8,-6,7,8,-1,1,1,0,0,0,-7,425,219,425,1.9,0,0,2022
7043,Montjovet,1766,10,21,-11,36,37,-1,7,4,3,0,0,-9,1757,832,1754,2.1,1,3,2022
7044,Morgex,2058,10,24,-14,90,75,15,21,9,12,0,-12,1,2059,989,2052,2.1,2,7,2022
7045,Nus,2988,21,34,-13,94,108,-14,28,6,22,0,6,1,2989,1407,2983,2.1,3,6,2022
7046,Ollomont,158,2,1,1,14,7,7,4,0,4,0,0,12,170,101,170,1.7,0,0,2022
7047,Oyace,209,0,2,-2,4,3,1,0,0,0,0,1,0,209,104,209,2,0,0,2022
7048,Perloz,458,1,5,-4,10,5,5,2,0,2,0,-2,1,459,232,447,1.9,2,12,2022
7049,Pollein,1507,9,18,-9,43,53,-10,2,2,0,0,-1,-20,1487,660,1487,2.3,0,0,2022
7050,Pontboset,171,1,3,-2,7,5,2,1,0,1,0,0,1,172,93,172,1.8,0,0,2022
7051,Pontey,795,4,5,-1,25,32,-7,3,1,2,0,1,-5,790,362,776,2.1,2,14,2022
7052,Pont-Saint-Martin,3553,21,45,-24,114,111,3,24,18,6,0,3,-12,3541,1679,3538,2.1,1,3,2022
7053,Pré-Saint-Didier,977,10,4,6,40,48,-8,10,4,6,0,0,4,981,493,981,2,0,0,2022
7054,Quart,4089,31,28,3,190,176,14,20,12,8,0,-7,18,4107,1891,4097,2.2,1,10,2022
7055,Rhêmes-Notre-Dame,81,0,0,0,2,3,-1,0,1,-1,0,0,-2,79,45,79,1.8,0,0,2022
7056,Rhêmes-Saint-Georges,167,0,4,-4,3,3,0,0,0,0,0,0,-4,163,80,163,2,0,0,2022
7057,Roisan,1005,7,8,-1,45,42,3,5,7,-2,0,-2,-2,1003,449,995,2.2,1,8,2022
7058,Saint-Christophe,3484,27,33,-6,136,130,6,10,19,-9,0,7,-2,3482,1617,3451,2.1,3,31,2022
7059,Saint-Denis,371,2,5,-3,13,18,-5,0,1,-1,0,0,-9,362,178,362,2,0,0,2022
7060,Saint-Marcel,1312,5,9,-4,47,41,6,5,7,-2,0,-4,-4,1308,594,1308,2.2,0,0,2022
7061,Saint-Nicolas,321,3,3,0,12,7,5,2,1,1,0,0,6,327,166,327,2,0,0,2022
7062,Saint-Oyen,198,2,4,-2,10,7,3,1,0,1,0,0,2,200,94,183,1.9,1,17,2022
7063,Saint-Pierre,3240,27,32,-5,166,149,17,16,11,5,0,3,20,3260,1561,3244,2.1,3,16,2022
7064,Saint-Rhémy-en-Bosses,330,2,4,-2,14,12,2,3,0,3,0,1,4,334,180,304,1.7,3,30,2022
7065,Saint-Vincent,4451,24,60,-36,191,174,17,45,31,14,0,13,8,4459,2384,4447,1.9,1,12,2022
7066,Sarre,4755,37,42,-5,226,192,34,50,13,37,0,5,71,4826,2274,4796,2.1,5,30,2022
7067,Torgnon,556,2,7,-5,12,10,2,3,0,3,0,0,0,556,287,556,1.9,0,0,2022
7068,Valgrisenche,192,1,3,-2,6,4,2,0,0,0,0,-1,-1,191,111,191,1.7,0,0,2022
7069,Valpelline,591,5,5,0,25,27,-2,7,0,7,0,-1,4,595,302,593,2,1,2,2022
7070,Valsavarenche,166,1,6,-5,2,2,0,0,0,0,0,0,-5,161,105,161,1.5,0,0,2022
7071,Valtournenche,2198,13,24,-11,50,74,-24,18,2,16,0,4,-15,2183,1184,2170,1.8,4,13,2022
7072,Verrayes,1294,9,11,-2,37,33,4,2,4,-2,0,0,0,1294,630,1294,2.1,0,0,2022
7073,Verrès,2578,10,40,-30,91,103,-12,28,11,17,0,-12,-37,2541,1264,2525,2,3,16,2022
7074,Villeneuve,1278,5,19,-14,47,58,-11,24,9,15,0,0,-10,1268,602,1247,2.1,1,21,2022
7001,Allein,208,0,1,-1,10,9,1,2,1,1,0,0,1,209,123,209,1.7,0,0,2023
7002,Antey-Saint-André,539,4,5,-1,36,9,27,0,0,0,0,0,26,565,284,556,2,2,9,2023
7003,Aosta,33154,185,425,-240,1050,937,113,259,126,133,0,-62,-56,33098,16580,32761,2,31,337,2023
7004,Arnad,1232,5,19,-14,38,31,7,11,2,9,0,-2,0,1232,600,1220,2,1,12,2023
7005,Arvier,820,2,10,-8,34,44,-10,4,2,2,0,2,-14,806,408,806,2,0,0,2023
7006,Avise,301,2,3,-1,10,9,1,2,0,2,0,0,2,303,138,303,2.2,0,0,2023
7007,Ayas,1364,8,13,-5,33,25,8,9,5,4,0,-2,5,1369,667,1369,2.1,0,0,2023
7008,Aymavilles,2098,10,20,-10,86,75,11,11,10,1,0,-4,-2,2096,981,2084,2.1,1,12,2023
7009,Bard,108,2,1,1,3,11,-8,1,0,1,0,0,-6,102,55,102,1.9,0,0,2023
7010,Bionaz,221,2,3,-1,5,2,3,0,1,-1,0,0,1,222,117,222,1.9,0,0,2023
7011,Brissogne,965,4,7,-3,32,35,-3,3,9,-6,0,0,-12,953,425,914,2.2,2,39,2023
7012,Brusson,848,1,9,-8,23,51,-28,1,0,1,0,1,-34,814,417,794,1.9,3,20,2023
7013,Challand-Saint-Anselme,745,5,13,-8,20,31,-11,15,0,15,0,-1,-5,740,358,737,2.1,1,3,2023
7014,Challand-Saint-Victor,551,5,8,-3,22,27,-5,2,1,1,0,2,-5,546,284,545,1.9,1,1,2023
7015,Chambave,875,3,16,-13,33,25,8,4,6,-2,0,1,-6,869,441,869,2,0,0,2023
7016,Chamois,107,1,0,1,10,9,1,0,1,-1,0,0,1,108,70,108,1.5,0,0,2023
7017,Champdepraz,730,2,8,-6,22,22,0,2,0,2,0,0,-4,726,365,726,2,0,0,2023
7018,Champorcher,367,2,6,-4,13,9,4,5,3,2,0,0,2,369,231,369,1.6,0,0,2023
7019,Charvensod,2412,16,17,-1,99,100,-1,17,8,9,0,4,11,2423,1137,2420,2.1,1,3,2023
7020,Châtillon,4370,26,63,-37,145,163,-18,54,9,45,0,-14,-24,4346,2132,4281,2,7,65,2023
7021,Cogne,1312,5,21,-16,36,27,9,13,1,12,0,-7,-2,1310,711,1305,1.8,1,5,2023
7022,Courmayeur,2608,18,18,0,100,106,-6,19,12,7,0,-7,-6,2602,1371,2563,1.9,5,39,2023
7023,Donnas,2419,9,41,-32,62,75,-13,30,9,21,0,-4,-28,2391,1136,2328,2,3,63,2023
7024,Doues,511,1,6,-5,20,32,-12,10,1,9,0,2,-6,505,254,495,1.9,1,10,2023
7025,Emarèse,229,3,1,2,11,16,-5,0,2,-2,0,1,-4,225,110,217,2,1,8,2023
7026,Etroubles,478,3,2,1,28,20,8,6,12,-6,0,0,3,481,261,480,1.8,1,1,2023
7027,Fénis,1772,13,22,-9,69,61,8,8,12,-4,0,2,-3,1769,863,1764,2,1,5,2023
7028,Fontainemore,419,4,1,3,10,9,1,9,0,9,0,0,13,432,235,432,1.8,0,0,2023
7029,Gaby,420,2,7,-5,12,8,4,2,2,0,0,-1,-2,418,232,414,1.8,1,4,2023
7030,Gignod,1679,6,14,-8,76,66,10,15,7,8,0,-2,8,1687,811,1687,2.1,0,0,2023
7031,Gressan,3360,24,32,-8,127,133,-6,32,8,24,0,5,15,3375,1632,3361,2.1,1,14,2023
7032,Gressoney-La-Trinité,323,4,5,-1,6,10,-4,5,1,4,0,-2,-3,320,141,320,2.3,0,0,2023
7033,Gressoney-Saint-Jean,774,3,6,-3,22,37,-15,9,2,7,0,-3,-14,760,382,754,2,2,6,2023
7034,Hône,1140,10,13,-3,44,25,19,9,7,2,0,1,19,1159,567,1145,2,2,14,2023
7035,Introd,648,2,4,-2,16,18,-2,11,2,9,0,0,5,653,309,646,2.1,1,7,2023
7036,Issime,366,4,4,0,19,12,7,9,0,9,0,-1,15,381,200,381,1.9,0,0,2023
7037,Issogne,1301,5,31,-26,40,30,10,9,3,6,0,-1,-11,1290,652,1290,2,0,0,2023
7038,Jovençan,704,4,4,0,47,39,8,7,5,2,0,0,10,714,342,714,2.1,0,0,2023
7039,La Magdeleine,103,0,1,-1,6,5,1,0,4,-4,0,0,-4,99,60,99,1.7,0,0,2023
7040,La Salle,2022,7,17,-10,99,77,22,15,16,-1,0,-1,10,2032,1045,2021,1.9,1,11,2023
7041,La Thuile,789,6,5,1,16,30,-14,3,3,0,0,0,-13,776,427,774,1.8,1,2,2023
7042,Lillianes,425,4,4,0,8,24,-16,3,0,3,0,0,-13,412,213,412,1.9,0,0,2023
7043,Montjovet,1757,10,19,-9,48,53,-5,9,1,8,0,-3,-9,1748,839,1746,2.1,2,2,2023
7044,Morgex,2059,16,21,-5,69,72,-3,16,9,7,0,-1,-2,2057,993,2050,2.1,2,7,2023
7045,Nus,2989,20,25,-5,78,119,-41,17,7,10,0,-3,-39,2950,1385,2945,2.1,2,5,2023
7046,Ollomont,170,0,1,-1,7,13,-6,2,0,2,0,0,-5,165,98,165,1.7,0,0,2023
7047,Oyace,209,2,3,-1,2,7,-5,0,1,-1,0,0,-7,202,103,202,2,0,0,2023
7048,Perloz,459,3,6,-3,15,19,-4,0,1,-1,0,0,-8,451,228,442,1.9,2,9,2023
7049,Pollein,1487,8,7,1,66,55,11,7,11,-4,0,6,14,1501,671,1500,2.2,1,1,2023
7050,Pontboset,172,0,2,-2,9,8,1,0,0,0,0,-1,-2,170,93,170,1.8,0,0,2023
7051,Pontey,790,8,17,-9,30,36,-6,5,2,3,0,0,-12,778,364,765,2.1,2,13,2023
7052,Pont-Saint-Martin,3541,23,36,-13,123,128,-5,37,25,12,0,6,0,3541,1682,3539,2.1,1,2,2023
7053,Pré-Saint-Didier,981,4,8,-4,30,50,-20,7,5,2,0,-4,-26,955,485,955,2,0,0,2023
7054,Quart,4107,33,32,1,172,160,12,18,8,10,0,-3,20,4127,1910,4118,2.2,1,9,2023
7055,Rhêmes-Notre-Dame,79,0,1,-1,3,6,-3,1,0,1,0,0,-3,76,42,76,1.8,0,0,2023
7056,Rhêmes-Saint-Georges,163,0,3,-3,8,5,3,0,0,0,0,0,0,163,84,163,1.9,0,0,2023
7057,Roisan,1003,9,7,2,50,40,10,1,0,1,0,-2,11,1014,450,1004,2.2,1,10,2023
7058,Saint-Christophe,3482,26,31,-5,136,119,17,12,13,-1,0,-25,-14,3468,1630,3453,2.1,2,15,2023
7059,Saint-Denis,362,1,3,-2,16,11,5,4,1,3,0,0,6,368,179,368,2.1,0,0,2023
7060,Saint-Marcel,1308,7,11,-4,78,56,22,5,1,4,0,1,23,1331,611,1331,2.2,0,0,2023
7061,Saint-Nicolas,327,3,3,0,21,16,5,4,2,2,0,0,7,334,168,334,2,0,0,2023
7062,Saint-Oyen,200,0,2,-2,3,7,-4,0,0,0,0,0,-6,194,91,178,2,1,16,2023
7063,Saint-Pierre,3260,17,28,-11,145,121,24,28,10,18,0,1,32,3292,1586,3275,2.1,3,17,2023
7064,Saint-Rhémy-en-Bosses,334,2,3,-1,17,24,-7,6,1,5,0,0,-3,331,176,299,1.7,3,32,2023
7065,Saint-Vincent,4459,27,39,-12,158,169,-11,32,19,13,0,7,-3,4456,2414,4447,1.8,1,9,2023
7066,Sarre,4826,32,43,-11,213,258,-45,38,20,18,0,-1,-39,4787,2269,4762,2.1,5,25,2023
7067,Torgnon,556,3,7,-4,21,13,8,1,4,-3,0,0,1,557,291,557,1.9,0,0,2023
7068,Valgrisenche,191,1,3,-2,4,6,-2,1,0,1,0,-2,-5,186,111,186,1.7,0,0,2023
7069,Valpelline,595,3,10,-7,39,32,7,2,6,-4,0,-3,-7,588,302,586,1.9,1,2,2023
7070,Valsavarenche,161,0,2,-2,3,5,-2,1,4,-3,0,0,-7,154,101,154,1.5,0,0,2023
7071,Valtournenche,2183,13,25,-12,62,74,-12,25,10,15,0,5,-4,2179,1191,2168,1.8,4,11,2023
7072,Verrayes,1294,7,13,-6,38,42,-4,5,6,-1,0,0,-11,1283,623,1283,2.1,0,0,2023
7073,Verrès,2541,12,45,-33,90,102,-12,24,5,19,0,-7,-33,2508,1250,2494,2,3,14,2023
7074,Villeneuve,1268,6,11,-5,49,66,-17,48,8,40,0,-10,8,1276,593,1232,2.1,1,44,2023
7001,Allein,209,1,3,-2,4,4,0,1,3,-2,0,0,-4,205,122,205,1.7,0,0,2024
7002,Antey-Saint-André,565,1,9,-8,18,24,-6,2,0,2,0,0,-12,553,283,545,1.9,2,8,2024
7003,Aosta,33098,165,431,-266,1071,864,207,218,110,108,0,-51,-2,33096,16677,32764,2,28,332,2024
7004,Arnad,1232,7,8,-1,20,38,-18,19,3,16,0,2,-1,1231,598,1219,2,1,12,2024
7005,Arvier,806,3,15,-12,54,28,26,6,4,2,0,-1,15,821,414,821,2,0,0,2024
7006,Avise,303,1,6,-5,13,8,5,0,0,0,0,-2,-2,301,139,301,2.2,0,0,2024
7007,Ayas,1369,6,17,-11,43,30,13,4,16,-12,0,-1,-11,1358,673,1358,2,0,0,2024
7008,Aymavilles,2096,4,33,-29,77,56,21,10,0,10,0,0,2,2098,985,2088,2.1,1,10,2024
7009,Bard,102,0,1,-1,6,6,0,1,0,1,0,0,0,102,55,102,1.9,0,0,2024
7010,Bionaz,222,1,3,-2,3,5,-2,0,1,-1,0,0,-5,217,112,217,1.9,0,0,2024
7011,Brissogne,953,4,9,-5,55,28,27,1,4,-3,0,0,19,972,425,930,2.2,2,42,2024
7012,Brusson,814,8,21,-13,47,21,26,0,9,-9,0,0,4,818,421,797,1.9,3,21,2024
7013,Challand-Saint-Anselme,740,4,6,-2,25,21,4,5,3,2,0,0,4,744,364,742,2,1,2,2024
7014,Challand-Saint-Victor,546,4,5,-1,22,13,9,7,1,6,0,0,14,560,292,556,1.9,1,4,2024
7015,Chambave,869,6,10,-4,36,22,14,11,8,3,0,-2,11,880,451,880,2,0,0,2024
7016,Chamois,108,0,4,-4,10,5,5,3,0,3,0,0,4,112,70,112,1.6,0,0,2024
7017,Champdepraz,726,7,4,3,18,36,-18,6,3,3,0,1,-11,715,359,715,2,0,0,2024
7018,Champorcher,369,2,5,-3,18,20,-2,9,3,6,0,-1,0,369,225,366,1.6,1,3,2024
7019,Charvensod,2423,9,22,-13,99,112,-13,10,17,-7,0,5,-28,2395,1132,2391,2.1,1,4,2024
7020,Châtillon,4346,14,53,-39,147,175,-28,48,17,31,0,-7,-43,4303,2148,4239,2,7,64,2024
7021,Cogne,1310,7,13,-6,45,34,11,17,8,9,0,3,17,1327,731,1319,1.8,1,8,2024
7022,Courmayeur,2602,12,24,-12,76,133,-57,14,9,5,0,-17,-81,2521,1355,2496,1.8,5,25,2024
7023,Donnas,2391,14,42,-28,79,52,27,22,21,1,0,1,1,2392,1134,2321,2,3,71,2024
7024,Doues,505,5,8,-3,22,15,7,5,0,5,0,0,9,514,255,505,2,1,9,2024
7025,Emarèse,225,0,1,-1,13,5,8,1,0,1,0,0,8,233,118,228,1.9,1,5,2024
7026,Etroubles,481,5,6,-1,23,28,-5,3,2,1,0,0,-5,476,255,472,1.9,2,4,2024
7027,Fénis,1769,13,18,-5,69,40,29,5,6,-1,0,-3,20,1789,875,1782,2,1,7,2024
7028,Fontainemore,432,1,8,-7,15,19,-4,25,1,24,0,2,15,447,258,447,1.7,0,0,2024
7029,Gaby,418,1,7,-6,8,14,-6,1,2,-1,0,-2,-15,403,229,397,1.7,1,6,2024
7030,Gignod,1687,6,14,-8,62,55,7,10,8,2,0,7,8,1695,813,1694,2.1,1,1,2024
7031,Gressan,3375,16,38,-22,116,142,-26,17,13,4,0,-7,-51,3324,1612,3308,2.1,1,16,2024
7032,Gressoney-La-Trinité,320,3,6,-3,9,5,4,2,1,1,0,0,2,322,141,322,2.3,0,0,2024
7033,Gressoney-Saint-Jean,760,5,6,-1,31,30,1,11,4,7,0,0,7,767,385,762,2,2,5,2024
7034,Hône,1159,9,12,-3,32,40,-8,10,2,8,0,2,-1,1158,564,1143,2,2,15,2024
7035,Introd,653,4,13,-9,14,24,-10,3,6,-3,0,0,-22,631,298,625,2.1,1,6,2024
7036,Issime,381,2,5,-3,10,14,-4,3,2,1,0,1,-5,376,201,376,1.9,0,0,2024
7037,Issogne,1290,8,19,-11,31,41,-10,9,0,9,0,-3,-15,1275,645,1275,2,0,0,2024
7038,Jovençan,714,5,6,-1,38,31,7,3,9,-6,0,0,0,714,340,714,2.1,0,0,2024
7039,La Magdeleine,99,1,1,0,8,3,5,3,0,3,0,0,8,107,69,107,1.6,0,0,2024
7040,La Salle,2032,19,17,2,101,85,16,17,23,-6,0,-1,11,2043,1063,2032,1.9,1,11,2024
7041,La Thuile,776,5,7,-2,27,32,-5,8,0,8,0,-3,-2,774,425,773,1.8,1,1,2024
7042,Lillianes,412,5,7,-2,14,7,7,2,0,2,0,0,7,419,218,419,1.9,0,0,2024
7043,Montjovet,1748,6,24,-18,74,61,13,6,5,1,0,-2,-6,1742,845,1740,2.1,1,2,2024
7044,Morgex,2057,14,26,-12,86,84,2,15,4,11,0,-1,0,2057,998,2048,2.1,2,9,2024
7045,Nus,2950,22,26,-4,111,118,-7,12,12,0,0,-8,-19,2931,1384,2925,2.1,2,6,2024
7046,Ollomont,165,1,2,-1,8,4,4,1,1,0,0,0,3,168,100,168,1.7,0,0,2024
7047,Oyace,202,0,1,-1,5,6,-1,1,0,1,0,0,-1,201,104,201,1.9,0,0,2024
7048,Perloz,451,2,4,-2,21,20,1,1,1,0,0,-2,-3,448,226,437,1.9,2,11,2024
7049,Pollein,1501,5,16,-11,59,91,-32,6,12,-6,0,0,-49,1452,653,1452,2.2,0,0,2024
7050,Pontboset,170,0,0,0,5,1,4,2,0,2,0,0,6,176,96,176,1.8,0,0,2024
7051,Pontey,778,3,14,-11,35,36,-1,14,3,11,0,1,0,778,360,762,2.1,2,16,2024
7052,Pont-Saint-Martin,3541,18,45,-27,102,116,-14,37,19,18,0,8,-15,3526,1681,3523,2.1,1,3,2024
7053,Pré-Saint-Didier,955,2,11,-9,41,33,8,9,2,7,0,2,8,963,493,963,2,0,0,2024
7054,Quart,4127,23,29,-6,188,141,47,15,8,7,0,-8,40,4167,1933,4159,2.2,1,8,2024
7055,Rhêmes-Notre-Dame,76,0,0,0,3,3,0,0,0,0,0,0,0,76,44,76,1.7,0,0,2024
7056,Rhêmes-Saint-Georges,163,1,0,1,5,1,4,0,0,0,0,0,5,168,86,168,2,0,0,2024
7057,Roisan,1014,4,7,-3,29,31,-2,3,2,1,0,-3,-7,1007,451,996,2.2,1,11,2024
7058,Saint-Christophe,3468,15,37,-22,120,149,-29,11,13,-2,0,-3,-56,3412,1614,3393,2.1,2,19,2024
7059,Saint-Denis,368,3,5,-2,12,16,-4,3,0,3,0,0,-3,365,182,365,2,0,0,2024
7060,Saint-Marcel,1331,6,16,-10,36,49,-13,4,12,-8,0,-4,-35,1296,606,1292,2.1,1,4,2024
7061,Saint-Nicolas,334,3,3,0,10,15,-5,0,2,-2,0,-3,-10,324,164,324,2,0,0,2024
7062,Saint-Oyen,194,2,2,0,6,13,-7,5,1,4,0,0,-3,191,89,175,2,1,16,2024
7063,Saint-Pierre,3292,18,26,-8,121,164,-43,14,14,0,0,-3,-54,3238,1569,3221,2.1,3,17,2024
7064,Saint-Rhémy-en-Bosses,331,0,2,-2,17,21,-4,13,1,12,0,1,7,338,186,313,1.7,3,25,2024
7065,Saint-Vincent,4456,22,48,-26,180,179,1,36,28,8,0,-22,-39,4417,2361,4386,1.9,3,31,2024
7066,Sarre,4787,20,47,-27,202,205,-3,36,19,17,0,1,-12,4775,2281,4747,2.1,4,28,2024
7067,Torgnon,557,1,3,-2,27,19,8,4,2,2,0,0,8,565,299,565,1.9,0,0,2024
7068,Valgrisenche,186,2,4,-2,5,5,0,5,0,5,0,-1,2,188,107,188,1.8,0,0,2024
7069,Valpelline,588,4,9,-5,30,19,11,3,1,2,0,-4,4,592,306,589,1.9,1,3,2024
7070,Valsavarenche,154,0,1,-1,5,6,-1,1,1,0,0,0,-2,152,99,152,1.5,0,0,2024
7071,Valtournenche,2179,17,13,4,72,67,5,32,21,11,0,-10,10,2189,1202,2177,1.8,4,12,2024
7072,Verrayes,1283,8,19,-11,32,53,-21,8,3,5,0,-3,-30,1253,613,1253,2,0,0,2024
7073,Verrès,2508,16,32,-16,132,87,45,24,12,12,0,-1,40,2548,1254,2531,2,3,17,2024
7074,Villeneuve,1276,8,14,-6,60,48,12,21,4,17,0,-27,-4,1272,593,1239,2.1,1,33,2024
