comune_key,date,assigned_model,beta_mixed,beta_gamm,beta_prophet,model_beta
antey saint andre,2025-01-01,Prophet,0.0649121164629451,0.1675549195501594,0.04122923082459263,0.04122923082459263
antey saint andre,2025-02-01,Prophet,0.0649121164629451,0.1691941443246768,0.04123157614948429,0.04123157614948429
antey saint andre,2025-03-01,Prophet,0.0649121164629451,0.16583930331406452,0.04122711096680503,0.04122711096680503
antey saint andre,2025-04-01,Prophet,0.0649121164629451,0.15727091354056713,0.04121849667903887,0.04121849667903887
antey saint andre,2025-05-01,Prophet,0.0649121164629451,0.11749413871135136,0.041176790974847506,0.041176790974847506
antey saint andre,2025-06-01,Prophet,0.0649121164629451,0.16671545584501377,0.04122825858394166,0.04122825858394166
antey saint andre,2025-07-01,Prophet,0.0649121164629451,0.17102394125324408,0.04123559397072997,0.04123559397072997
antey saint andre,2025-08-01,Prophet,0.0649121164629451,0.17124070553086826,0.04123706110847304,0.04123706110847304
antey saint andre,2025-09-01,Prophet,0.0649121164629451,0.15015745801916763,0.041211879860396365,0.041211879860396365
aosta,2025-01-01,Mixed,0.09357170374507806,0.1570667824080757,NA,0.09357170374507806
aosta,2025-02-01,Mixed,0.09357170374507806,0.15711092352250555,NA,0.09357170374507806
aosta,2025-03-01,Mixed,0.09357170374507806,0.1571144664909284,NA,0.09357170374507806
aosta,2025-04-01,Mixed,0.09357170374507806,0.15706804443815367,NA,0.09357170374507806
aosta,2025-05-01,Mixed,0.09357170374507806,0.15713322337766683,NA,0.09357170374507806
aosta,2025-06-01,Mixed,0.09357170374507806,0.1572693431523409,NA,0.09357170374507806
aosta,2025-07-01,Mixed,0.09357170374507806,0.15815460623923422,NA,0.09357170374507806
aosta,2025-08-01,Mixed,0.09357170374507806,0.15831524260825952,NA,0.09357170374507806
aosta,2025-09-01,Mixed,0.09357170374507806,0.15723595213522648,NA,0.09357170374507806
arnad,2025-01-01,Mixed,0.08175485875634635,0.0870387602890023,NA,0.08175485875634635
arnad,2025-02-01,Mixed,0.08175485875634635,0.09140261068217227,NA,0.08175485875634635
arnad,2025-03-01,Mixed,0.08175485875634635,0.0831226152775848,NA,0.08175485875634635
arnad,2025-04-01,Mixed,0.08175485875634635,0.09065521008896914,NA,0.08175485875634635
arnad,2025-05-01,Mixed,0.08175485875634635,0.11780299489321203,NA,0.08175485875634635
arnad,2025-06-01,Mixed,0.08175485875634635,0.11515307809339244,NA,0.08175485875634635
arnad,2025-07-01,Mixed,0.08175485875634635,0.12456986759722206,NA,0.08175485875634635
arnad,2025-08-01,Mixed,0.08175485875634635,0.13889136792992815,NA,0.08175485875634635
arnad,2025-09-01,Mixed,0.08175485875634635,0.10549950016734763,NA,0.08175485875634635
arvier,2025-01-01,Mixed,0.048838751134405764,0.13415351041916845,NA,0.048838751134405764
arvier,2025-02-01,Mixed,0.048838751134405764,0.14427740883321083,NA,0.048838751134405764
arvier,2025-03-01,Mixed,0.048838751134405764,0.11156054675888984,NA,0.048838751134405764
arvier,2025-04-01,Mixed,0.048838751134405764,0.08574652029362086,NA,0.048838751134405764
arvier,2025-05-01,Mixed,0.048838751134405764,0.09854597521619189,NA,0.048838751134405764
arvier,2025-06-01,Mixed,0.048838751134405764,0.13927268052753525,NA,0.048838751134405764
arvier,2025-07-01,Mixed,0.048838751134405764,0.1714432380691109,NA,0.048838751134405764
arvier,2025-08-01,Mixed,0.048838751134405764,0.17037559710098307,NA,0.048838751134405764
arvier,2025-09-01,Mixed,0.048838751134405764,0.11035664323539982,NA,0.048838751134405764
ayas,2025-01-01,Prophet,0.10382934130078139,0.17806097755385106,0.20249584384304084,0.20249584384304084
ayas,2025-02-01,Prophet,0.10382934130078139,0.17908168641156352,0.20249449846333606,0.20249449846333606
ayas,2025-03-01,Prophet,0.10382934130078139,0.17951961374946723,0.20249400341944218,0.20249400341944218
ayas,2025-04-01,Prophet,0.10382934130078139,0.18468985022088358,0.20242453339767832,0.20242453339767832
ayas,2025-05-01,Prophet,0.10382934130078139,0.18328772770624266,0.2024174504508649,0.2024174504508649
ayas,2025-06-01,Prophet,0.10382934130078139,0.18356858179414973,0.20248783730742406,0.20248783730742406
ayas,2025-07-01,Prophet,0.10382934130078139,0.17379081471244687,0.20250041052280413,0.20250041052280413
ayas,2025-08-01,Prophet,0.10382934130078139,0.17375884387273877,0.2025004941760965,0.2025004941760965
ayas,2025-09-01,Prophet,0.10382934130078139,0.18851554754264654,0.20247022696373027,0.20247022696373027
aymavilles,2025-01-01,Mixed,0.06223761797969346,0.12611236880297308,NA,0.06223761797969346
aymavilles,2025-02-01,Mixed,0.06223761797969346,0.12272917785198328,NA,0.06223761797969346
aymavilles,2025-03-01,Mixed,0.06223761797969346,0.11306060232538057,NA,0.06223761797969346
aymavilles,2025-04-01,Mixed,0.06223761797969346,0.08967073401536164,NA,0.06223761797969346
aymavilles,2025-05-01,Mixed,0.06223761797969346,0.10446978829365484,NA,0.06223761797969346
aymavilles,2025-06-01,Mixed,0.06223761797969346,0.11673661689330313,NA,0.06223761797969346
aymavilles,2025-07-01,Mixed,0.06223761797969346,0.15649529297818932,NA,0.06223761797969346
aymavilles,2025-08-01,Mixed,0.06223761797969346,0.16666414455964446,NA,0.06223761797969346
aymavilles,2025-09-01,Mixed,0.06223761797969346,0.1002163232139429,NA,0.06223761797969346
bard,2025-01-01,GAMM,0.06416964093732962,0.12478336046583469,NA,0.12478336046583469
bard,2025-02-01,GAMM,0.06416964093732962,0.12668752515194634,NA,0.12668752515194634
bard,2025-03-01,GAMM,0.06416964093732962,0.11368461784494896,NA,0.11368461784494896
bard,2025-04-01,GAMM,0.06416964093732962,0.12508721940363413,NA,0.12508721940363413
bard,2025-05-01,GAMM,0.06416964093732962,0.14019410227306572,NA,0.14019410227306572
bard,2025-06-01,GAMM,0.06416964093732962,0.14116106837010722,NA,0.14116106837010722
bard,2025-07-01,GAMM,0.06416964093732962,0.15994890219923139,NA,0.15994890219923139
bard,2025-08-01,GAMM,0.06416964093732962,0.1670913147023839,NA,0.1670913147023839
bard,2025-09-01,GAMM,0.06416964093732962,0.12619090343542755,NA,0.12619090343542755
brissogne,2025-01-01,Mixed,0.06492708448673729,0.05425320237264241,NA,0.06492708448673729
brissogne,2025-02-01,Mixed,0.06492708448673729,0.05339643558383135,NA,0.06492708448673729
brissogne,2025-03-01,Mixed,0.06492708448673729,0.04981977554772796,NA,0.06492708448673729
brissogne,2025-04-01,Mixed,0.06492708448673729,0.04617745883262875,NA,0.06492708448673729
brissogne,2025-05-01,Mixed,0.06492708448673729,0.0446402057827153,NA,0.06492708448673729
brissogne,2025-06-01,Mixed,0.06492708448673729,0.053702440520078935,NA,0.06492708448673729
brissogne,2025-07-01,Mixed,0.06492708448673729,0.05855486698882329,NA,0.06492708448673729
brissogne,2025-08-01,Mixed,0.06492708448673729,0.057610213297352504,NA,0.06492708448673729
brissogne,2025-09-01,Mixed,0.06492708448673729,0.052751252467707156,NA,0.06492708448673729
brusson,2025-01-01,Prophet,0.08208686669119503,0.18409172956078265,0.02307765545193696,0.02307765545193696
brusson,2025-02-01,Prophet,0.08208686669119503,0.18134761751155437,0.023079579210720902,0.023079579210720902
brusson,2025-03-01,Prophet,0.08208686669119503,0.18424746487672014,0.023074980857791028,0.023074980857791028
brusson,2025-04-01,Prophet,0.08208686669119503,0.15750617685778354,0.023059442406004146,0.023059442406004146
brusson,2025-05-01,Prophet,0.08208686669119503,0.16915844346451064,0.023065183682014503,0.023065183682014503
brusson,2025-06-01,Prophet,0.08208686669119503,0.1834565652183894,0.023078355690487464,0.023078355690487464
brusson,2025-07-01,Prophet,0.08208686669119503,0.17475075586239588,0.023081722468919243,0.023081722468919243
brusson,2025-08-01,Prophet,0.08208686669119503,0.1743057503503499,0.02308180979428713,0.02308180979428713
brusson,2025-09-01,Prophet,0.08208686669119503,0.18337917817800972,0.023073838614431578,0.023073838614431578
challand saint anselme,2025-01-01,Prophet,0.05742481433737819,0.13054779396062416,0.011338178589705462,0.011338178589705462
challand saint anselme,2025-02-01,Prophet,0.05742481433737819,0.1207923616218132,0.011334253430202034,0.011334253430202034
challand saint anselme,2025-03-01,Prophet,0.05742481433737819,0.09964980616149109,0.011322790105893403,0.011322790105893403
challand saint anselme,2025-04-01,Prophet,0.05742481433737819,0.09066657929718737,0.011315755958626989,0.011315755958626989
challand saint anselme,2025-05-01,Prophet,0.05742481433737819,0.11042949984965952,0.011329291320387697,0.011329291320387697
challand saint anselme,2025-06-01,Prophet,0.05742481433737819,0.14253104635166872,0.01134240697179696,0.01134240697179696
challand saint anselme,2025-07-01,Prophet,0.05742481433737819,0.1522518765526729,0.011345475899086398,0.011345475899086398
challand saint anselme,2025-08-01,Prophet,0.05742481433737819,0.15180782567578177,0.011345322515014739,0.011345322515014739
challand saint anselme,2025-09-01,Prophet,0.05742481433737819,0.12138876778605769,0.01133452495777176,0.01133452495777176
challand saint victor,2025-01-01,Mixed,0.05781869610950554,0.05854074587093663,NA,0.05781869610950554
challand saint victor,2025-02-01,Mixed,0.05781869610950554,0.06605606835992313,NA,0.05781869610950554
challand saint victor,2025-03-01,Mixed,0.05781869610950554,0.06275906193656447,NA,0.05781869610950554
challand saint victor,2025-04-01,Mixed,0.05781869610950554,0.04145104889157307,NA,0.05781869610950554
challand saint victor,2025-05-01,Mixed,0.05781869610950554,0.053509762102283046,NA,0.05781869610950554
challand saint victor,2025-06-01,Mixed,0.05781869610950554,0.05427781645867199,NA,0.05781869610950554
challand saint victor,2025-07-01,Mixed,0.05781869610950554,0.06605627908666167,NA,0.05781869610950554
challand saint victor,2025-08-01,Mixed,0.05781869610950554,0.0664184351724452,NA,0.05781869610950554
challand saint victor,2025-09-01,Mixed,0.05781869610950554,0.020340028529587807,NA,0.05781869610950554
chambave,2025-01-01,Mixed,0.059574839747661486,0.06756200828286824,NA,0.059574839747661486
chambave,2025-02-01,Mixed,0.059574839747661486,0.06806241928609331,NA,0.059574839747661486
chambave,2025-03-01,Mixed,0.059574839747661486,0.0700424127072763,NA,0.059574839747661486
chambave,2025-04-01,Mixed,0.059574839747661486,0.06558448130580412,NA,0.059574839747661486
chambave,2025-05-01,Mixed,0.059574839747661486,0.06806251594036117,NA,0.059574839747661486
chambave,2025-06-01,Mixed,0.059574839747661486,0.06683541155849453,NA,0.059574839747661486
chambave,2025-07-01,Mixed,0.059574839747661486,0.08166764716644452,NA,0.059574839747661486
chambave,2025-08-01,Mixed,0.059574839747661486,0.08311535345011621,NA,0.059574839747661486
chambave,2025-09-01,Mixed,0.059574839747661486,0.06422960832132811,NA,0.059574839747661486
chamois,2025-01-01,Prophet,0.06100964630135328,0.1339888665857833,0.05869969915329849,0.05869969915329849
chamois,2025-02-01,Prophet,0.06100964630135328,0.1439686761848121,0.0587294769096555,0.0587294769096555
chamois,2025-03-01,Prophet,0.06100964630135328,0.13187772627731967,0.05869291363180085,0.05869291363180085
chamois,2025-04-01,Prophet,0.06100964630135328,0.015269294465495109,0.04710555195196363,0.04710555195196363
chamois,2025-05-01,Prophet,0.06100964630135328,0.022530253432520915,0.05150262540569952,0.05150262540569952
chamois,2025-06-01,Prophet,0.06100964630135328,0.09091413162340793,0.05846471015778454,0.05846471015778454
chamois,2025-07-01,Prophet,0.06100964630135328,0.14222343522285025,0.05872487358370142,0.05872487358370142
chamois,2025-08-01,Prophet,0.06100964630135328,0.14465960830751834,0.058731597875750746,0.058731597875750746
chamois,2025-09-01,Prophet,0.06100964630135328,0.08447153655785732,0.05839346792461338,0.05839346792461338
champdepraz,2025-01-01,Mixed,0.037365223114740456,0.08068022423714694,NA,0.037365223114740456
champdepraz,2025-02-01,Mixed,0.037365223114740456,0.08950925792345,NA,0.037365223114740456
champdepraz,2025-03-01,Mixed,0.037365223114740456,0.09144439160219252,NA,0.037365223114740456
champdepraz,2025-04-01,Mixed,0.037365223114740456,0.08986182162450891,NA,0.037365223114740456
champdepraz,2025-05-01,Mixed,0.037365223114740456,0.053156340313032915,NA,0.037365223114740456
champdepraz,2025-06-01,Mixed,0.037365223114740456,0.10284679681876166,NA,0.037365223114740456
champdepraz,2025-07-01,Mixed,0.037365223114740456,0.10921933043800766,NA,0.037365223114740456
champdepraz,2025-08-01,Mixed,0.037365223114740456,0.11781285964741889,NA,0.037365223114740456
champdepraz,2025-09-01,Mixed,0.037365223114740456,0.11031297516335811,NA,0.037365223114740456
champorcher,2025-01-01,Prophet,0.07365422718957405,0.11558218546552837,0.02542416628082835,0.02542416628082835
champorcher,2025-02-01,Prophet,0.07365422718957405,0.11886848684751718,0.02542963493060087,0.02542963493060087
champorcher,2025-03-01,Prophet,0.07365422718957405,0.11211928964335256,0.025417815854679563,0.025417815854679563
champorcher,2025-04-01,Prophet,0.07365422718957405,0.07603058062878808,0.025190297464928124,0.025190297464928124
champorcher,2025-05-01,Prophet,0.07365422718957405,0.08198049203532186,0.02527537805767985,0.02527537805767985
champorcher,2025-06-01,Prophet,0.07365422718957405,0.13706203252095536,0.025452752688964405,0.025452752688964405
champorcher,2025-07-01,Prophet,0.07365422718957405,0.16763653975254633,0.02548009358627908,0.02548009358627908
champorcher,2025-08-01,Prophet,0.07365422718957405,0.16231790137947885,0.02547516957769131,0.02547516957769131
champorcher,2025-09-01,Prophet,0.07365422718957405,0.11345854123202898,0.02542044606852512,0.02542044606852512
charvensod,2025-01-01,Mixed,0.06050116020222446,0.16526655623069836,NA,0.06050116020222446
charvensod,2025-02-01,Mixed,0.06050116020222446,0.16433124134786922,NA,0.06050116020222446
charvensod,2025-03-01,Mixed,0.06050116020222446,0.16135865775585156,NA,0.06050116020222446
charvensod,2025-04-01,Mixed,0.06050116020222446,0.16072874271589027,NA,0.06050116020222446
charvensod,2025-05-01,Mixed,0.06050116020222446,0.1662746942981786,NA,0.06050116020222446
charvensod,2025-06-01,Mixed,0.06050116020222446,0.16466725890251063,NA,0.06050116020222446
charvensod,2025-07-01,Mixed,0.06050116020222446,0.16958681715921634,NA,0.06050116020222446
charvensod,2025-08-01,Mixed,0.06050116020222446,0.16993922052204796,NA,0.06050116020222446
charvensod,2025-09-01,Mixed,0.06050116020222446,0.16838084961139327,NA,0.06050116020222446
chatillon,2025-01-01,GAMM,0.1369485701905278,0.19240959337426278,NA,0.19240959337426278
chatillon,2025-02-01,GAMM,0.1369485701905278,0.18998954813816313,NA,0.18998954813816313
chatillon,2025-03-01,GAMM,0.1369485701905278,0.20334685924628776,NA,0.20334685924628776
chatillon,2025-04-01,GAMM,0.1369485701905278,0.20550721309819633,NA,0.20550721309819633
chatillon,2025-05-01,GAMM,0.1369485701905278,0.190890291036643,NA,0.190890291036643
chatillon,2025-06-01,GAMM,0.1369485701905278,0.19443980245316392,NA,0.19443980245316392
chatillon,2025-07-01,GAMM,0.1369485701905278,0.17498464724214624,NA,0.17498464724214624
chatillon,2025-08-01,GAMM,0.1369485701905278,0.1739554209034146,NA,0.1739554209034146
cogne,2025-01-01,GAMM,0.09980725294921869,0.18160072001535293,NA,0.18160072001535293
cogne,2025-02-01,GAMM,0.09980725294921869,0.18196253040924035,NA,0.18196253040924035
cogne,2025-03-01,GAMM,0.09980725294921869,0.1878266940067599,NA,0.1878266940067599
cogne,2025-04-01,GAMM,0.09980725294921869,0.18240957523447282,NA,0.18240957523447282
cogne,2025-05-01,GAMM,0.09980725294921869,0.19139189895766187,NA,0.19139189895766187
cogne,2025-06-01,GAMM,0.09980725294921869,0.1791354252840236,NA,0.1791354252840236
cogne,2025-07-01,GAMM,0.09980725294921869,0.1713454021282727,NA,0.1713454021282727
cogne,2025-08-01,GAMM,0.09980725294921869,0.17096646267899482,NA,0.17096646267899482
cogne,2025-09-01,GAMM,0.09980725294921869,0.18396934832520845,NA,0.18396934832520845
courmayeur,2025-01-01,GAMM,0.07945499611994164,0.1558720276890406,NA,0.1558720276890406
courmayeur,2025-02-01,GAMM,0.07945499611994164,0.15574338801106313,NA,0.15574338801106313
courmayeur,2025-03-01,GAMM,0.07945499611994164,0.15438919059640757,NA,0.15438919059640757
courmayeur,2025-04-01,GAMM,0.07945499611994164,0.15459056996520795,NA,0.15459056996520795
courmayeur,2025-05-01,GAMM,0.07945499611994164,0.15683046590514718,NA,0.15683046590514718
courmayeur,2025-06-01,GAMM,0.07945499611994164,0.1580606315962405,NA,0.1580606315962405
courmayeur,2025-07-01,GAMM,0.07945499611994164,0.1596310615796301,NA,0.1596310615796301
courmayeur,2025-08-01,GAMM,0.07945499611994164,0.1596307901695655,NA,0.1596307901695655
courmayeur,2025-09-01,GAMM,0.07945499611994164,0.15788880950102807,NA,0.15788880950102807
donnas,2025-01-01,Mixed,0.06212941295993822,0.06997881516991661,NA,0.06212941295993822
donnas,2025-02-01,Mixed,0.06212941295993822,0.0729359602940948,NA,0.06212941295993822
donnas,2025-03-01,Mixed,0.06212941295993822,0.06937690655304148,NA,0.06212941295993822
donnas,2025-04-01,Mixed,0.06212941295993822,0.06878451835623947,NA,0.06212941295993822
donnas,2025-05-01,Mixed,0.06212941295993822,0.08659861197530698,NA,0.06212941295993822
donnas,2025-06-01,Mixed,0.06212941295993822,0.08984297384274065,NA,0.06212941295993822
donnas,2025-07-01,Mixed,0.06212941295993822,0.11452197251830185,NA,0.06212941295993822
donnas,2025-08-01,Mixed,0.06212941295993822,0.12608913871216795,NA,0.06212941295993822
donnas,2025-09-01,Mixed,0.06212941295993822,0.0698274334198837,NA,0.06212941295993822
emarese,2025-01-01,Mixed,0.05476279089810439,0.06026796136628093,NA,0.05476279089810439
emarese,2025-02-01,Mixed,0.05476279089810439,0.0637836710954074,NA,0.05476279089810439
emarese,2025-03-01,Mixed,0.05476279089810439,0.046931335659173304,NA,0.05476279089810439
emarese,2025-04-01,Mixed,0.05476279089810439,0.05120868742936932,NA,0.05476279089810439
emarese,2025-05-01,Mixed,0.05476279089810439,0.06410311331490394,NA,0.05476279089810439
emarese,2025-06-01,Mixed,0.05476279089810439,0.035144587330064786,NA,0.05476279089810439
emarese,2025-07-01,Mixed,0.05476279089810439,0.06248633180693444,NA,0.05476279089810439
emarese,2025-08-01,Mixed,0.05476279089810439,0.07039948250125436,NA,0.05476279089810439
emarese,2025-09-01,Mixed,0.05476279089810439,0.010161818646641587,NA,0.05476279089810439
etroubles,2025-01-01,Mixed,0.0779219606473617,0.15688404399029268,NA,0.0779219606473617
etroubles,2025-02-01,Mixed,0.0779219606473617,0.15816661459712478,NA,0.0779219606473617
etroubles,2025-03-01,Mixed,0.0779219606473617,0.1497583031351659,NA,0.0779219606473617
etroubles,2025-04-01,Mixed,0.0779219606473617,0.14460456114923664,NA,0.0779219606473617
etroubles,2025-05-01,Mixed,0.0779219606473617,0.14489067651774473,NA,0.0779219606473617
etroubles,2025-06-01,Mixed,0.0779219606473617,0.18393576548141663,NA,0.0779219606473617
etroubles,2025-07-01,Mixed,0.0779219606473617,0.17941519297043645,NA,0.0779219606473617
etroubles,2025-08-01,Mixed,0.0779219606473617,0.17978407239826616,NA,0.0779219606473617
etroubles,2025-09-01,Mixed,0.0779219606473617,0.18367413957457135,NA,0.0779219606473617
fenis,2025-01-01,GAMM,0.055619646979804975,0.1421842233207801,NA,0.1421842233207801
fenis,2025-02-01,GAMM,0.055619646979804975,0.12561152501252124,NA,0.12561152501252124
fenis,2025-03-01,GAMM,0.055619646979804975,0.0938380626747838,NA,0.0938380626747838
fenis,2025-04-01,GAMM,0.055619646979804975,0.1402370318718401,NA,0.1402370318718401
fenis,2025-05-01,GAMM,0.055619646979804975,0.13440093344251952,NA,0.13440093344251952
fenis,2025-06-01,GAMM,0.055619646979804975,0.14799304834896249,NA,0.14799304834896249
fenis,2025-07-01,GAMM,0.055619646979804975,0.16052570877790764,NA,0.16052570877790764
fenis,2025-08-01,GAMM,0.055619646979804975,0.1658312108493932,NA,0.1658312108493932
fenis,2025-09-01,GAMM,0.055619646979804975,0.13684970170973376,NA,0.13684970170973376
fontainemore,2025-01-01,Prophet,0.03577621777647234,0.044775066365608435,-1.1791944911437828e-4,-1.1791944911437828e-4
fontainemore,2025-02-01,Prophet,0.03577621777647234,0.04647323246645905,-1.1817050517771914e-4,-1.1817050517771914e-4
fontainemore,2025-03-01,Prophet,0.03577621777647234,0.0381545206271423,-1.1572664560147348e-4,-1.1572664560147348e-4
fontainemore,2025-04-01,Prophet,0.03577621777647234,0.025618582883929222,-1.0976827602710239e-4,-1.0976827602710239e-4
fontainemore,2025-05-01,Prophet,0.03577621777647234,0.0405067582796864,-1.166434575861362e-4,-1.166434575861362e-4
fontainemore,2025-06-01,Prophet,0.03577621777647234,0.09386365928116398,-1.1929962866928164e-4,-1.1929962866928164e-4
fontainemore,2025-07-01,Prophet,0.03577621777647234,0.12760922583586012,-1.1948070330715531e-4,-1.1948070330715531e-4
fontainemore,2025-08-01,Prophet,0.03577621777647234,0.13405629801271138,-1.1950591375571212e-4,-1.1950591375571212e-4
fontainemore,2025-09-01,Prophet,0.03577621777647234,0.07648280756155885,-1.1913867443264123e-4,-1.1913867443264123e-4
gaby,2025-01-01,Prophet,0.024571275662282052,0.12169239889664542,-0.10025365132365299,-0.10025365132365299
gaby,2025-03-01,Prophet,0.024571275662282052,0.08761418801126046,-0.10017128727258608,-0.10017128727258608
gaby,2025-04-01,Prophet,0.024571275662282052,0.03792235352128398,-0.09986795775606601,-0.09986795775606601
gaby,2025-05-01,Prophet,0.024571275662282052,0.03194413265486385,-0.09959666806413746,-0.09959666806413746
gaby,2025-06-01,Prophet,0.024571275662282052,0.10881705988551317,-0.10022371744471666,-0.10022371744471666
gaby,2025-07-01,Prophet,0.024571275662282052,0.164161981243014,-0.10032090485152725,-0.10032090485152725
gaby,2025-08-01,Prophet,0.024571275662282052,0.1623502387654064,-0.1003176484438521,-0.1003176484438521
gaby,2025-09-01,Prophet,0.024571275662282052,0.07611837110864371,-0.1001345849853933,-0.1001345849853933
gignod,2025-01-01,GAMM,0.05270961735781512,0.11797257416821545,NA,0.11797257416821545
gignod,2025-02-01,GAMM,0.05270961735781512,0.11753030257879483,NA,0.11753030257879483
gignod,2025-03-01,GAMM,0.05270961735781512,0.08705042198428348,NA,0.08705042198428348
gignod,2025-04-01,GAMM,0.05270961735781512,0.07889551958737387,NA,0.07889551958737387
gignod,2025-05-01,GAMM,0.05270961735781512,0.10857307486841015,NA,0.10857307486841015
gignod,2025-06-01,GAMM,0.05270961735781512,0.13168620548742072,NA,0.13168620548742072
gignod,2025-07-01,GAMM,0.05270961735781512,0.16439326277291308,NA,0.16439326277291308
gignod,2025-08-01,GAMM,0.05270961735781512,0.1641576996371376,NA,0.1641576996371376
gignod,2025-09-01,GAMM,0.05270961735781512,0.12210499191510372,NA,0.12210499191510372
gressan,2025-01-01,GAMM,0.08949440462809281,0.16785055834876655,NA,0.16785055834876655
gressan,2025-02-01,GAMM,0.08949440462809281,0.16709167202018294,NA,0.16709167202018294
gressan,2025-03-01,GAMM,0.08949440462809281,0.1694521198756788,NA,0.1694521198756788
gressan,2025-04-01,GAMM,0.08949440462809281,0.14856138537011604,NA,0.14856138537011604
gressan,2025-05-01,GAMM,0.08949440462809281,0.09242159396308895,NA,0.09242159396308895
gressan,2025-06-01,GAMM,0.08949440462809281,0.17124837594777537,NA,0.17124837594777537
gressan,2025-07-01,GAMM,0.08949440462809281,0.1711085682981886,NA,0.1711085682981886
gressan,2025-08-01,GAMM,0.08949440462809281,0.1717438257001216,NA,0.1717438257001216
gressan,2025-09-01,GAMM,0.08949440462809281,0.12478893241407142,NA,0.12478893241407142
gressoney la trinite,2025-01-01,Mixed,0.07025409890557269,0.15707495064203414,NA,0.07025409890557269
gressoney la trinite,2025-02-01,Mixed,0.07025409890557269,0.15610101246551442,NA,0.07025409890557269
gressoney la trinite,2025-03-01,Mixed,0.07025409890557269,0.15757589073145567,NA,0.07025409890557269
gressoney la trinite,2025-04-01,Mixed,0.07025409890557269,0.16065975363342533,NA,0.07025409890557269
gressoney la trinite,2025-05-01,Mixed,0.07025409890557269,0.15510604533528957,NA,0.07025409890557269
gressoney la trinite,2025-06-01,Mixed,0.07025409890557269,0.14820193148636523,NA,0.07025409890557269
gressoney la trinite,2025-07-01,Mixed,0.07025409890557269,0.15307735504321468,NA,0.07025409890557269
gressoney la trinite,2025-08-01,Mixed,0.07025409890557269,0.1516011127142185,NA,0.07025409890557269
gressoney la trinite,2025-09-01,Mixed,0.07025409890557269,0.15695675965657718,NA,0.07025409890557269
gressoney saint jean,2025-01-01,Prophet,0.08561229967217095,0.18006067564940145,-0.0043384467348724885,-0.0043384467348724885
gressoney saint jean,2025-02-01,Prophet,0.08561229967217095,0.17867946087970993,-0.004338560168923391,-0.004338560168923391
gressoney saint jean,2025-03-01,Prophet,0.08561229967217095,0.18281780882488716,-0.004338022363746578,-0.004338022363746578
gressoney saint jean,2025-04-01,Prophet,0.08561229967217095,0.1754857368407128,-0.004336566092373701,-0.004336566092373701
gressoney saint jean,2025-05-01,Prophet,0.08561229967217095,0.17440164746703052,-0.004336453243345846,-0.004336453243345846
gressoney saint jean,2025-06-01,Prophet,0.08561229967217095,0.18185433157340372,-0.00433824734622384,-0.00433824734622384
gressoney saint jean,2025-07-01,Prophet,0.08561229967217095,0.1764195972416871,-0.004338697854737071,-0.004338697854737071
gressoney saint jean,2025-08-01,Prophet,0.08561229967217095,0.17590034541191826,-0.004338723830810348,-0.004338723830810348
gressoney saint jean,2025-09-01,Prophet,0.08561229967217095,0.18271724247608903,-0.0043376565457848085,-0.0043376565457848085
hone,2025-01-01,Mixed,0.050964407799988724,0.048685168519250525,NA,0.050964407799988724
hone,2025-02-01,Mixed,0.050964407799988724,0.04753354165973792,NA,0.050964407799988724
hone,2025-03-01,Mixed,0.050964407799988724,0.04452727827367921,NA,0.050964407799988724
hone,2025-04-01,Mixed,0.050964407799988724,0.04608161590405846,NA,0.050964407799988724
hone,2025-05-01,Mixed,0.050964407799988724,0.05244811809770267,NA,0.050964407799988724
hone,2025-06-01,Mixed,0.050964407799988724,0.050614921051648165,NA,0.050964407799988724
hone,2025-07-01,Mixed,0.050964407799988724,0.06562507328354067,NA,0.050964407799988724
hone,2025-08-01,Mixed,0.050964407799988724,0.09301028368541057,NA,0.050964407799988724
hone,2025-09-01,Mixed,0.050964407799988724,0.04761488353662839,NA,0.050964407799988724
introd,2025-01-01,Mixed,0.0519571248185142,0.10374049791541555,NA,0.0519571248185142
introd,2025-02-01,Mixed,0.0519571248185142,0.11849990237714218,NA,0.0519571248185142
introd,2025-03-01,Mixed,0.0519571248185142,0.08737983568981325,NA,0.0519571248185142
introd,2025-04-01,Mixed,0.0519571248185142,0.07245306339153193,NA,0.0519571248185142
introd,2025-05-01,Mixed,0.0519571248185142,0.08869393980808857,NA,0.0519571248185142
introd,2025-06-01,Mixed,0.0519571248185142,0.1312721403892714,NA,0.0519571248185142
introd,2025-07-01,Mixed,0.0519571248185142,0.15654652708168137,NA,0.0519571248185142
introd,2025-08-01,Mixed,0.0519571248185142,0.14196221213926102,NA,0.0519571248185142
introd,2025-09-01,Mixed,0.0519571248185142,0.09536629612806916,NA,0.0519571248185142
issime,2025-01-01,Mixed,0.057826098218061374,0.06550726244970127,NA,0.057826098218061374
issime,2025-02-01,Mixed,0.057826098218061374,0.0662391275948881,NA,0.057826098218061374
issime,2025-03-01,Mixed,0.057826098218061374,0.06541961171942567,NA,0.057826098218061374
issime,2025-04-01,Mixed,0.057826098218061374,0.060249666693836745,NA,0.057826098218061374
issime,2025-05-01,Mixed,0.057826098218061374,0.06337122918123451,NA,0.057826098218061374
issime,2025-06-01,Mixed,0.057826098218061374,0.06443784529672471,NA,0.057826098218061374
issime,2025-07-01,Mixed,0.057826098218061374,0.06375420242477539,NA,0.057826098218061374
issime,2025-08-01,Mixed,0.057826098218061374,0.06475369324163978,NA,0.057826098218061374
issime,2025-09-01,Mixed,0.057826098218061374,0.06605216876495812,NA,0.057826098218061374
issogne,2025-01-01,Mixed,0.06355510585164768,0.05557559552739259,NA,0.06355510585164768
issogne,2025-02-01,Mixed,0.06355510585164768,0.05267773408728345,NA,0.06355510585164768
issogne,2025-03-01,Mixed,0.06355510585164768,0.05147382258149677,NA,0.06355510585164768
issogne,2025-04-01,Mixed,0.06355510585164768,0.034774252326695114,NA,0.06355510585164768
issogne,2025-05-01,Mixed,0.06355510585164768,0.057254388881513865,NA,0.06355510585164768
issogne,2025-06-01,Mixed,0.06355510585164768,0.05868808335144416,NA,0.06355510585164768
issogne,2025-07-01,Mixed,0.06355510585164768,0.0609146610407519,NA,0.06355510585164768
issogne,2025-08-01,Mixed,0.06355510585164768,0.06630851419427565,NA,0.06355510585164768
issogne,2025-09-01,Mixed,0.06355510585164768,0.06064017441883705,NA,0.06355510585164768
jovencan,2025-01-01,Mixed,0.05835190256401172,0.12482046497473508,NA,0.05835190256401172
jovencan,2025-02-01,Mixed,0.05835190256401172,0.13094142670034273,NA,0.05835190256401172
jovencan,2025-03-01,Mixed,0.05835190256401172,0.13077493041797458,NA,0.05835190256401172
jovencan,2025-04-01,Mixed,0.05835190256401172,0.126890969050959,NA,0.05835190256401172
jovencan,2025-05-01,Mixed,0.05835190256401172,0.11568422704241536,NA,0.05835190256401172
jovencan,2025-06-01,Mixed,0.05835190256401172,0.1153420877363018,NA,0.05835190256401172
jovencan,2025-07-01,Mixed,0.05835190256401172,0.13532441634908687,NA,0.05835190256401172
jovencan,2025-08-01,Mixed,0.05835190256401172,0.1422920526849299,NA,0.05835190256401172
jovencan,2025-09-01,Mixed,0.05835190256401172,0.11748391229150655,NA,0.05835190256401172
la salle,2025-01-01,GAMM,0.06764837957297658,0.16991016834839487,NA,0.16991016834839487
la salle,2025-02-01,GAMM,0.06764837957297658,0.17027843244415458,NA,0.17027843244415458
la salle,2025-03-01,GAMM,0.06764837957297658,0.16759997655028427,NA,0.16759997655028427
la salle,2025-04-01,GAMM,0.06764837957297658,0.15701046308648264,NA,0.15701046308648264
la salle,2025-05-01,GAMM,0.06764837957297658,0.15754489388433285,NA,0.15754489388433285
la salle,2025-06-01,GAMM,0.06764837957297658,0.16953811851272577,NA,0.16953811851272577
la salle,2025-07-01,GAMM,0.06764837957297658,0.1707437428680589,NA,0.1707437428680589
la salle,2025-08-01,GAMM,0.06764837957297658,0.1702107347896758,NA,0.1702107347896758
la salle,2025-09-01,GAMM,0.06764837957297658,0.16229517085703615,NA,0.16229517085703615
lillianes,2025-01-01,Mixed,0.041959400273086124,0.04913570025213062,NA,0.041959400273086124
lillianes,2025-02-01,Mixed,0.041959400273086124,0.048687533172305536,NA,0.041959400273086124
lillianes,2025-03-01,Mixed,0.041959400273086124,0.04419259791093583,NA,0.041959400273086124
lillianes,2025-04-01,Mixed,0.041959400273086124,0.04608463477697642,NA,0.041959400273086124
lillianes,2025-05-01,Mixed,0.041959400273086124,0.054572594665221706,NA,0.041959400273086124
lillianes,2025-06-01,Mixed,0.041959400273086124,0.08120312067749348,NA,0.041959400273086124
lillianes,2025-07-01,Mixed,0.041959400273086124,0.1223710103212334,NA,0.041959400273086124
lillianes,2025-08-01,Mixed,0.041959400273086124,0.12462989852138935,NA,0.041959400273086124
lillianes,2025-09-01,Mixed,0.041959400273086124,0.06475611180008613,NA,0.041959400273086124
montjovet,2025-01-01,Mixed,0.05873874471177509,0.11233402300503918,NA,0.05873874471177509
montjovet,2025-02-01,Mixed,0.05873874471177509,0.10509514168777195,NA,0.05873874471177509
montjovet,2025-03-01,Mixed,0.05873874471177509,0.08328204753736633,NA,0.05873874471177509
montjovet,2025-04-01,Mixed,0.05873874471177509,0.06953766191840523,NA,0.05873874471177509
montjovet,2025-05-01,Mixed,0.05873874471177509,0.13313736556098837,NA,0.05873874471177509
montjovet,2025-06-01,Mixed,0.05873874471177509,0.10722746045411347,NA,0.05873874471177509
montjovet,2025-07-01,Mixed,0.05873874471177509,0.11839743203722591,NA,0.05873874471177509
montjovet,2025-08-01,Mixed,0.05873874471177509,0.15259884802635357,NA,0.05873874471177509
montjovet,2025-09-01,Mixed,0.05873874471177509,0.09761712297108294,NA,0.05873874471177509
morgex,2025-01-01,Mixed,0.08056185213343428,0.16809359126188236,NA,0.08056185213343428
morgex,2025-02-01,Mixed,0.08056185213343428,0.1694916360716717,NA,0.08056185213343428
morgex,2025-03-01,Mixed,0.08056185213343428,0.16652233598449018,NA,0.08056185213343428
morgex,2025-04-01,Mixed,0.08056185213343428,0.14359370027127155,NA,0.08056185213343428
morgex,2025-05-01,Mixed,0.08056185213343428,0.14639131658935994,NA,0.08056185213343428
morgex,2025-06-01,Mixed,0.08056185213343428,0.1676068704869428,NA,0.08056185213343428
morgex,2025-07-01,Mixed,0.08056185213343428,0.1745263380639489,NA,0.08056185213343428
morgex,2025-08-01,Mixed,0.08056185213343428,0.1738908860772611,NA,0.08056185213343428
morgex,2025-09-01,Mixed,0.08056185213343428,0.16503395169109414,NA,0.08056185213343428
nus,2025-01-01,Mixed,0.05968538892729626,0.1643260375478066,NA,0.05968538892729626
nus,2025-02-01,Mixed,0.05968538892729626,0.16346074049879747,NA,0.05968538892729626
nus,2025-03-01,Mixed,0.05968538892729626,0.16569334609750958,NA,0.05968538892729626
nus,2025-04-01,Mixed,0.05968538892729626,0.1517422116141786,NA,0.05968538892729626
nus,2025-05-01,Mixed,0.05968538892729626,0.1633164439671361,NA,0.05968538892729626
nus,2025-06-01,Mixed,0.05968538892729626,0.15602840467567228,NA,0.05968538892729626
nus,2025-07-01,Mixed,0.05968538892729626,0.17075488710171075,NA,0.05968538892729626
nus,2025-08-01,Mixed,0.05968538892729626,0.1714335129095033,NA,0.05968538892729626
nus,2025-09-01,Mixed,0.05968538892729626,0.15225158511915707,NA,0.05968538892729626
ollomont,2025-01-01,Mixed,0.06669248119874707,0.07734317430439377,NA,0.06669248119874707
ollomont,2025-02-01,Mixed,0.06669248119874707,0.04805481956993086,NA,0.06669248119874707
ollomont,2025-03-01,Mixed,0.06669248119874707,0.020191981295170254,NA,0.06669248119874707
ollomont,2025-04-01,Mixed,0.06669248119874707,0.011703448338748057,NA,0.06669248119874707
ollomont,2025-05-01,Mixed,0.06669248119874707,0.05403655662573811,NA,0.06669248119874707
ollomont,2025-06-01,Mixed,0.06669248119874707,0.08212325394373848,NA,0.06669248119874707
ollomont,2025-07-01,Mixed,0.06669248119874707,0.1010687187376225,NA,0.06669248119874707
ollomont,2025-08-01,Mixed,0.06669248119874707,0.10620813744445982,NA,0.06669248119874707
ollomont,2025-09-01,Mixed,0.06669248119874707,0.084704656684912,NA,0.06669248119874707
oyace,2025-01-01,Prophet,0.0533905356268252,0,0,0
oyace,2025-02-01,Prophet,0.0533905356268252,0.024901583270192592,-3.7944960805327333e-4,-3.7944960805327333e-4
oyace,2025-03-01,Prophet,0.0533905356268252,0,0,0
oyace,2025-04-01,Prophet,0.0533905356268252,0,0,0
oyace,2025-05-01,Prophet,0.0533905356268252,0.013645359802646227,-3.2544500325396047e-4,-3.2544500325396047e-4
oyace,2025-06-01,Prophet,0.0533905356268252,0.0314385023396158,-3.941697851882098e-4,-3.941697851882098e-4
oyace,2025-07-01,Prophet,0.0533905356268252,0.043663049661328085,-4.106872831182612e-4,-4.106872831182612e-4
oyace,2025-08-01,Prophet,0.0533905356268252,0.04582167257951222,-4.128488227224536e-4,-4.128488227224536e-4
oyace,2025-09-01,Prophet,0.0533905356268252,0.024901898598155923,-3.794517734822446e-4,-3.794517734822446e-4
perloz,2025-01-01,GAMM,0.051415181704731874,0.056260005744416246,NA,0.056260005744416246
perloz,2025-02-01,GAMM,0.051415181704731874,0.05526522511195293,NA,0.05526522511195293
perloz,2025-03-01,GAMM,0.051415181704731874,0.059252076672334335,NA,0.059252076672334335
perloz,2025-04-01,GAMM,0.051415181704731874,0.05808789542356952,NA,0.05808789542356952
perloz,2025-05-01,GAMM,0.051415181704731874,0.061529628769633596,NA,0.061529628769633596
perloz,2025-06-01,GAMM,0.051415181704731874,0.058608559452163846,NA,0.058608559452163846
perloz,2025-07-01,GAMM,0.051415181704731874,0.0749176092550397,NA,0.0749176092550397
perloz,2025-08-01,GAMM,0.051415181704731874,0.07246539021139274,NA,0.07246539021139274
perloz,2025-09-01,GAMM,0.051415181704731874,0.060177651670610934,NA,0.060177651670610934
pollein,2025-01-01,GAMM,0.08122065669579938,0.18097439782560734,NA,0.18097439782560734
pollein,2025-02-01,GAMM,0.08122065669579938,0.1805129416445984,NA,0.1805129416445984
pollein,2025-03-01,GAMM,0.08122065669579938,0.18019542926889245,NA,0.18019542926889245
pollein,2025-04-01,GAMM,0.08122065669579938,0.18038362877316755,NA,0.18038362877316755
pollein,2025-05-01,GAMM,0.08122065669579938,0.17737944771670422,NA,0.17737944771670422
pollein,2025-06-01,GAMM,0.08122065669579938,0.1769371025923588,NA,0.1769371025923588
pollein,2025-07-01,GAMM,0.08122065669579938,0.17541128518569035,NA,0.17541128518569035
pollein,2025-08-01,GAMM,0.08122065669579938,0.17620077292048175,NA,0.17620077292048175
pollein,2025-09-01,GAMM,0.08122065669579938,0.17780074915400274,NA,0.17780074915400274
pontboset,2025-01-01,GAMM,0.05905641734618528,0.080918679939441,NA,0.080918679939441
pontboset,2025-02-01,GAMM,0.05905641734618528,0.07820276277887549,NA,0.07820276277887549
pontboset,2025-03-01,GAMM,0.05905641734618528,0.07718402702124867,NA,0.07718402702124867
pontboset,2025-04-01,GAMM,0.05905641734618528,0.07370535341810025,NA,0.07370535341810025
pontboset,2025-05-01,GAMM,0.05905641734618528,0.08360298491394652,NA,0.08360298491394652
pontboset,2025-06-01,GAMM,0.05905641734618528,0.09406116361560846,NA,0.09406116361560846
pontboset,2025-07-01,GAMM,0.05905641734618528,0.12341168981157721,NA,0.12341168981157721
pontboset,2025-08-01,GAMM,0.05905641734618528,0.12547945684653866,NA,0.12547945684653866
pontboset,2025-09-01,GAMM,0.05905641734618528,0.08373768861479508,NA,0.08373768861479508
pontey,2025-01-01,Prophet,0.03889790351928721,0.04639243972895972,-0.004614136458007812,-0.004614136458007812
pontey,2025-02-01,Prophet,0.03889790351928721,0.04779882193225265,-0.00461955933164298,-0.00461955933164298
pontey,2025-03-01,Prophet,0.03889790351928721,0.04467973279292971,-0.004604621997144186,-0.004604621997144186
pontey,2025-04-01,Prophet,0.03889790351928721,0.03916063113497878,-0.004536232054135276,-0.004536232054135276
pontey,2025-05-01,Prophet,0.03889790351928721,0.04316056749271522,-0.004591431359550142,-0.004591431359550142
pontey,2025-06-01,Prophet,0.03889790351928721,0.04654972265257283,-0.004614893204464943,-0.004614893204464943
pontey,2025-07-01,Prophet,0.03889790351928721,0.05868518889784754,-0.00463907329703669,-0.00463907329703669
pontey,2025-08-01,Prophet,0.03889790351928721,0.10272592096377194,-0.004659767483523608,-0.004659767483523608
pontey,2025-09-01,Prophet,0.03889790351928721,0.039434094455880093,-0.004540143428568501,-0.004540143428568501
pre saint didier,2025-01-01,Prophet,0.07133075928903337,0.16667058037719712,0.13338263718587662,0.13338263718587662
pre saint didier,2025-02-01,Prophet,0.07133075928903337,0.16730108999958873,0.1333812973345539,0.1333812973345539
pre saint didier,2025-03-01,Prophet,0.07133075928903337,0.1682395187388731,0.13337895529420785,0.13337895529420785
pre saint didier,2025-04-01,Prophet,0.07133075928903337,0.1708883718265677,0.13336891128210004,0.13336891128210004
pre saint didier,2025-05-01,Prophet,0.07133075928903337,0.171659526631975,0.13335673037645607,0.13335673037645607
pre saint didier,2025-06-01,Prophet,0.07133075928903337,0.17113796028223063,0.13336749632059322,0.13336749632059322
pre saint didier,2025-07-01,Prophet,0.07133075928903337,0.1686416527195428,0.13337791370748012,0.13337791370748012
pre saint didier,2025-08-01,Prophet,0.07133075928903337,0.16911507634122444,0.13337640953554034,0.13337640953554034
pre saint didier,2025-09-01,Prophet,0.07133075928903337,0.17129256367606246,0.13336610594964834,0.13336610594964834
quart,2025-01-01,Mixed,0.07019586193606624,0.13854426385510857,NA,0.07019586193606624
quart,2025-02-01,Mixed,0.07019586193606624,0.1379508971741357,NA,0.07019586193606624
quart,2025-03-01,Mixed,0.07019586193606624,0.12726622461701612,NA,0.07019586193606624
quart,2025-04-01,Mixed,0.07019586193606624,0.11249051739624887,NA,0.07019586193606624
quart,2025-05-01,Mixed,0.07019586193606624,0.13610518115609566,NA,0.07019586193606624
quart,2025-06-01,Mixed,0.07019586193606624,0.1384788676974906,NA,0.07019586193606624
quart,2025-07-01,Mixed,0.07019586193606624,0.16051183031424612,NA,0.07019586193606624
quart,2025-08-01,Mixed,0.07019586193606624,0.16030670088460622,NA,0.07019586193606624
quart,2025-09-01,Mixed,0.07019586193606624,0.13517935416029,NA,0.07019586193606624
rhemes saint georges,2025-01-01,Prophet,0.06137954578652625,0.07668924419001343,0.005405726669011785,0.005405726669011785
rhemes saint georges,2025-02-01,Prophet,0.06137954578652625,0.08686735146969925,0.005417075030437626,0.005417075030437626
rhemes saint georges,2025-03-01,Prophet,0.06137954578652625,0.06480297401060421,0.005367312104612484,0.005367312104612484
rhemes saint georges,2025-04-01,Prophet,0.06137954578652625,0.04467232840319435,0.005186675652261359,0.005186675652261359
rhemes saint georges,2025-05-01,Prophet,0.06137954578652625,0.08147379244038301,0.005412085341037872,0.005412085341037872
rhemes saint georges,2025-06-01,Prophet,0.06137954578652625,0.1387322649562268,0.005435490344343021,0.005435490344343021
rhemes saint georges,2025-07-01,Prophet,0.06137954578652625,0.1728204275122285,0.005441404399428398,0.005441404399428398
rhemes saint georges,2025-08-01,Prophet,0.06137954578652625,0.17411435098156183,0.005441776343585298,0.005441776343585298
rhemes saint georges,2025-09-01,Prophet,0.06137954578652625,0.06255833208524682,0.005352893087385742,0.005352893087385742
roisan,2025-01-01,Mixed,0.03815968341454543,0.05421925195324668,NA,0.03815968341454543
roisan,2025-02-01,Mixed,0.03815968341454543,0.06011952497783559,NA,0.03815968341454543
roisan,2025-03-01,Mixed,0.03815968341454543,0.04811586207366532,NA,0.03815968341454543
roisan,2025-04-01,Mixed,0.03815968341454543,0.050597497429187004,NA,0.03815968341454543
roisan,2025-05-01,Mixed,0.03815968341454543,0.04959285802772584,NA,0.03815968341454543
roisan,2025-06-01,Mixed,0.03815968341454543,0.0673260054983696,NA,0.03815968341454543
roisan,2025-07-01,Mixed,0.03815968341454543,0.07746386208543224,NA,0.03815968341454543
roisan,2025-08-01,Mixed,0.03815968341454543,0.09529435776859643,NA,0.03815968341454543
roisan,2025-09-01,Mixed,0.03815968341454543,0.06407206194097968,NA,0.03815968341454543
saint christophe,2025-01-01,GAMM,0.06775924559823071,0.13867932589065626,NA,0.13867932589065626
saint christophe,2025-02-01,GAMM,0.06775924559823071,0.14653572106074655,NA,0.14653572106074655
saint christophe,2025-03-01,GAMM,0.06775924559823071,0.12551681787896696,NA,0.12551681787896696
saint christophe,2025-04-01,GAMM,0.06775924559823071,0.13267339730701397,NA,0.13267339730701397
saint christophe,2025-05-01,GAMM,0.06775924559823071,0.14739166477533056,NA,0.14739166477533056
saint christophe,2025-06-01,GAMM,0.06775924559823071,0.13934550844329224,NA,0.13934550844329224
saint christophe,2025-07-01,GAMM,0.06775924559823071,0.15714542357978747,NA,0.15714542357978747
saint christophe,2025-08-01,GAMM,0.06775924559823071,0.16196642950356563,NA,0.16196642950356563
saint christophe,2025-09-01,GAMM,0.06775924559823071,0.13699364189271354,NA,0.13699364189271354
saint marcel,2025-01-01,GAMM,0.040887329738268086,0.05563957343560108,NA,0.05563957343560108
saint marcel,2025-02-01,GAMM,0.040887329738268086,0.0557872967932886,NA,0.0557872967932886
saint marcel,2025-03-01,GAMM,0.040887329738268086,0.05131156583805649,NA,0.05131156583805649
saint marcel,2025-04-01,GAMM,0.040887329738268086,0.05086534337965618,NA,0.05086534337965618
saint marcel,2025-05-01,GAMM,0.040887329738268086,0.055060019015548876,NA,0.055060019015548876
saint marcel,2025-06-01,GAMM,0.040887329738268086,0.056855362168878217,NA,0.056855362168878217
saint marcel,2025-07-01,GAMM,0.040887329738268086,0.068144658566301,NA,0.068144658566301
saint marcel,2025-08-01,GAMM,0.040887329738268086,0.08656150526294491,NA,0.08656150526294491
saint marcel,2025-09-01,GAMM,0.040887329738268086,0.05097690786133352,NA,0.05097690786133352
saint nicolas,2025-01-01,Prophet,0.057836801477234634,0.12077698837445686,0.01832679999622946,0.01832679999622946
saint nicolas,2025-02-01,Prophet,0.057836801477234634,0.12794402611561162,0.0183313886513304,0.0183313886513304
saint nicolas,2025-03-01,Prophet,0.057836801477234634,0.10988661228244684,0.01831877088139393,0.01831877088139393
saint nicolas,2025-04-01,Prophet,0.057836801477234634,0.09227097886555934,0.01830060285996808,0.01830060285996808
saint nicolas,2025-05-01,Prophet,0.057836801477234634,0.07234282503525034,0.01825893291691304,0.01825893291691304
saint nicolas,2025-06-01,Prophet,0.057836801477234634,0.10424721969457248,0.018313870478004517,0.018313870478004517
saint nicolas,2025-07-01,Prophet,0.057836801477234634,0.10622435612530805,0.018315611729374737,0.018315611729374737
saint nicolas,2025-08-01,Prophet,0.057836801477234634,0.11073727469782958,0.01831942119691766,0.01831942119691766
saint nicolas,2025-09-01,Prophet,0.057836801477234634,0.08964437012573927,0.018296986867368192,0.018296986867368192
saint oyen,2025-01-01,Mixed,0.0652641245630013,0.11607000515215092,NA,0.0652641245630013
saint oyen,2025-02-01,Mixed,0.0652641245630013,0.09419537144211704,NA,0.0652641245630013
saint oyen,2025-03-01,Mixed,0.0652641245630013,0.114762220528159,NA,0.0652641245630013
saint oyen,2025-04-01,Mixed,0.0652641245630013,0.09577617817036821,NA,0.0652641245630013
saint oyen,2025-05-01,Mixed,0.0652641245630013,0.09472456916052217,NA,0.0652641245630013
saint oyen,2025-06-01,Mixed,0.0652641245630013,0.10771574428125306,NA,0.0652641245630013
saint oyen,2025-07-01,Mixed,0.0652641245630013,0.15840299375886802,NA,0.0652641245630013
saint oyen,2025-08-01,Mixed,0.0652641245630013,0.1670185833811111,NA,0.0652641245630013
saint oyen,2025-09-01,Mixed,0.0652641245630013,0.09734589072008847,NA,0.0652641245630013
saint pierre,2025-01-01,GAMM,0.06676117099469528,0.15416472971774473,NA,0.15416472971774473
saint pierre,2025-02-01,GAMM,0.06676117099469528,0.14158377601717367,NA,0.14158377601717367
saint pierre,2025-03-01,GAMM,0.06676117099469528,0.1401383190080283,NA,0.1401383190080283
saint pierre,2025-04-01,GAMM,0.06676117099469528,0.12621470018131098,NA,0.12621470018131098
saint pierre,2025-05-01,GAMM,0.06676117099469528,0.13442132706378182,NA,0.13442132706378182
saint pierre,2025-06-01,GAMM,0.06676117099469528,0.1509114419006088,NA,0.1509114419006088
saint pierre,2025-07-01,GAMM,0.06676117099469528,0.16287030124777752,NA,0.16287030124777752
saint pierre,2025-08-01,GAMM,0.06676117099469528,0.16240545273234036,NA,0.16240545273234036
saint pierre,2025-09-01,GAMM,0.06676117099469528,0.1309724952769103,NA,0.1309724952769103
saint rhemy en bosses,2025-01-01,GAMM,0.052911640892657506,0.11789097861054765,NA,0.11789097861054765
saint rhemy en bosses,2025-02-01,GAMM,0.052911640892657506,0.11589623594295152,NA,0.11589623594295152
saint rhemy en bosses,2025-03-01,GAMM,0.052911640892657506,0.0913928570057666,NA,0.0913928570057666
saint rhemy en bosses,2025-04-01,GAMM,0.052911640892657506,0.06424395980480965,NA,0.06424395980480965
saint rhemy en bosses,2025-05-01,GAMM,0.052911640892657506,0.05638009068087066,NA,0.05638009068087066
saint rhemy en bosses,2025-06-01,GAMM,0.052911640892657506,0.108506356332934,NA,0.108506356332934
saint rhemy en bosses,2025-07-01,GAMM,0.052911640892657506,0.16290912227689738,NA,0.16290912227689738
saint rhemy en bosses,2025-08-01,GAMM,0.052911640892657506,0.1665720197179335,NA,0.1665720197179335
saint rhemy en bosses,2025-09-01,GAMM,0.052911640892657506,0.12934103717191617,NA,0.12934103717191617
saint vincent,2025-01-01,Mixed,0.09471601910755394,0.16891629072928596,NA,0.09471601910755394
saint vincent,2025-02-01,Mixed,0.09471601910755394,0.1683020427703847,NA,0.09471601910755394
saint vincent,2025-03-01,Mixed,0.09471601910755394,0.16932563622579186,NA,0.09471601910755394
saint vincent,2025-04-01,Mixed,0.09471601910755394,0.17252285822104607,NA,0.09471601910755394
saint vincent,2025-05-01,Mixed,0.09471601910755394,0.16857431683389498,NA,0.09471601910755394
saint vincent,2025-06-01,Mixed,0.09471601910755394,0.17023831686381646,NA,0.09471601910755394
saint vincent,2025-07-01,Mixed,0.09471601910755394,0.16710982053139736,NA,0.09471601910755394
saint vincent,2025-08-01,Mixed,0.09471601910755394,0.16644987418602372,NA,0.09471601910755394
saint vincent,2025-09-01,Mixed,0.09471601910755394,0.1704912325998641,NA,0.09471601910755394
sarre,2025-01-01,Mixed,0.06493077694224156,0.14881868530766976,NA,0.06493077694224156
sarre,2025-02-01,Mixed,0.06493077694224156,0.15584161624933263,NA,0.06493077694224156
sarre,2025-03-01,Mixed,0.06493077694224156,0.13178765183031482,NA,0.06493077694224156
sarre,2025-04-01,Mixed,0.06493077694224156,0.12954327077328415,NA,0.06493077694224156
sarre,2025-05-01,Mixed,0.06493077694224156,0.16114288411800884,NA,0.06493077694224156
sarre,2025-06-01,Mixed,0.06493077694224156,0.16865343747631523,NA,0.06493077694224156
sarre,2025-07-01,Mixed,0.06493077694224156,0.16625934601032827,NA,0.06493077694224156
sarre,2025-08-01,Mixed,0.06493077694224156,0.1652171042384813,NA,0.06493077694224156
sarre,2025-09-01,Mixed,0.06493077694224156,0.1676255836840892,NA,0.06493077694224156
torgnon,2025-01-01,Mixed,0.09570541272921945,0.1834859579507421,NA,0.09570541272921945
torgnon,2025-02-01,Mixed,0.09570541272921945,0.18651256050853401,NA,0.09570541272921945
torgnon,2025-03-01,Mixed,0.09570541272921945,0.19026452945445138,NA,0.09570541272921945
torgnon,2025-04-01,Mixed,0.09570541272921945,0.11739707910436853,NA,0.09570541272921945
torgnon,2025-05-01,Mixed,0.09570541272921945,0.10982483098893585,NA,0.09570541272921945
torgnon,2025-06-01,Mixed,0.09570541272921945,0.1877907308563618,NA,0.09570541272921945
torgnon,2025-07-01,Mixed,0.09570541272921945,0.1869649814112173,NA,0.09570541272921945
torgnon,2025-08-01,Mixed,0.09570541272921945,0.18762718885069413,NA,0.09570541272921945
torgnon,2025-09-01,Mixed,0.09570541272921945,0.13770572707622647,NA,0.09570541272921945
valsavarenche,2025-01-01,Prophet,0.08553106488775583,0.07769480088202545,0.046024541957165224,0.046024541957165224
valsavarenche,2025-02-01,Prophet,0.08553106488775583,0.08722127645074894,0.04611136084192973,0.04611136084192973
valsavarenche,2025-03-01,Prophet,0.08553106488775583,0.12917526945957325,0.04623512074382298,0.04623512074382298
valsavarenche,2025-04-01,Prophet,0.08553106488775583,0.18546431082459255,0.046301669380703174,0.046301669380703174
valsavarenche,2025-05-01,Prophet,0.08553106488775583,0.17330896832992002,0.04628867389476204,0.04628867389476204
valsavarenche,2025-06-01,Prophet,0.08553106488775583,0.18644280244253925,0.04632088602158146,0.04632088602158146
valsavarenche,2025-07-01,Prophet,0.08553106488775583,0.17450091208269183,0.046325689483180305,0.046325689483180305
valsavarenche,2025-08-01,Prophet,0.08553106488775583,0.17327541433203328,0.046325948703740794,0.046325948703740794
valsavarenche,2025-09-01,Prophet,0.08553106488775583,0.19013523664247933,0.04630886665489592,0.04630886665489592
valtournenche,2025-01-01,Mixed,0.1068912434444135,0.16249365964889556,NA,0.1068912434444135
valtournenche,2025-02-01,Mixed,0.1068912434444135,0.16248212934816209,NA,0.1068912434444135
valtournenche,2025-03-01,Mixed,0.1068912434444135,0.16126642400278837,NA,0.1068912434444135
valtournenche,2025-04-01,Mixed,0.1068912434444135,0.1647228365995292,NA,0.1068912434444135
valtournenche,2025-05-01,Mixed,0.1068912434444135,0.1848979526497782,NA,0.1068912434444135
valtournenche,2025-06-01,Mixed,0.1068912434444135,0.17921074541996038,NA,0.1068912434444135
valtournenche,2025-07-01,Mixed,0.1068912434444135,0.16378278455757142,NA,0.1068912434444135
valtournenche,2025-08-01,Mixed,0.1068912434444135,0.1626941736584549,NA,0.1068912434444135
valtournenche,2025-09-01,Mixed,0.1068912434444135,0.18413859226120607,NA,0.1068912434444135
verrayes,2025-01-01,GAMM,0.03862227955238572,0.11046421221510193,NA,0.11046421221510193
verrayes,2025-02-01,GAMM,0.03862227955238572,0.09107806995084838,NA,0.09107806995084838
verrayes,2025-03-01,GAMM,0.03862227955238572,0.0779789815529572,NA,0.0779789815529572
verrayes,2025-04-01,GAMM,0.03862227955238572,0.05704226062078189,NA,0.05704226062078189
verrayes,2025-05-01,GAMM,0.03862227955238572,0.08023692242332087,NA,0.08023692242332087
verrayes,2025-06-01,GAMM,0.03862227955238572,0.10359486688746561,NA,0.10359486688746561
verrayes,2025-07-01,GAMM,0.03862227955238572,0.1293313317727596,NA,0.1293313317727596
verrayes,2025-08-01,GAMM,0.03862227955238572,0.13361448973488554,NA,0.13361448973488554
verrayes,2025-09-01,GAMM,0.03862227955238572,0.07511955835542743,NA,0.07511955835542743
verres,2025-01-01,GAMM,0.07975535377365596,0.06360730243893577,NA,0.06360730243893577
verres,2025-02-01,GAMM,0.07975535377365596,0.06824200391179022,NA,0.06824200391179022
verres,2025-03-01,GAMM,0.07975535377365596,0.0635800803801482,NA,0.0635800803801482
verres,2025-04-01,GAMM,0.07975535377365596,0.06590392523937236,NA,0.06590392523937236
verres,2025-05-01,GAMM,0.07975535377365596,0.06903633454709893,NA,0.06903633454709893
verres,2025-06-01,GAMM,0.07975535377365596,0.07201726598213078,NA,0.07201726598213078
verres,2025-07-01,GAMM,0.07975535377365596,0.08924813084344226,NA,0.08924813084344226
verres,2025-08-01,GAMM,0.07975535377365596,0.09249129527597544,NA,0.09249129527597544
verres,2025-09-01,GAMM,0.07975535377365596,0.07645205365186913,NA,0.07645205365186913
villeneuve,2025-01-01,Mixed,0.04242020306588168,0.09700096665651321,NA,0.04242020306588168
villeneuve,2025-02-01,Mixed,0.04242020306588168,0.10226842339080866,NA,0.04242020306588168
villeneuve,2025-03-01,Mixed,0.04242020306588168,0.060862450790776526,NA,0.04242020306588168
villeneuve,2025-04-01,Mixed,0.04242020306588168,0.05864960197235254,NA,0.04242020306588168
villeneuve,2025-05-01,Mixed,0.04242020306588168,0.05423790127345244,NA,0.04242020306588168
villeneuve,2025-06-01,Mixed,0.04242020306588168,0.09465831811342845,NA,0.04242020306588168
villeneuve,2025-07-01,Mixed,0.04242020306588168,0.09206992662545303,NA,0.04242020306588168
villeneuve,2025-08-01,Mixed,0.04242020306588168,0.11240387911360505,NA,0.04242020306588168
villeneuve,2025-09-01,Mixed,0.04242020306588168,0.05209794230275666,NA,0.04242020306588168
