"X","istat_muni_code","comune_nome","comune_key","date","year","month_num","mese_anno","unita_territoriale","mese_label","totale_presenze","totale_arrivi","numero_alloggi","numero_letti","residenti","kwh","muni_poly_id","n_points","precipitazione","pressione","temperatura","umidit_relativa","demo_popolazione_1_gennaio","demo_nati_vivi","demo_morti","demo_saldo_naturale","demo_immigrati_da_altro_comune","demo_emigrati_per_altro_comune","demo_saldo_migratorio_interno","demo_immigrati_dall_estero","demo_emigrati_per_estero","demo_saldo_migratorio_estero","demo_variazioni_territoriali","demo_aggiustamento_statistico","demo_saldo_totale","demo_popolazione_31_dicembre","demo_numero_famiglie_31_dicembre","demo_popolazione_residente_famiglia_31_dicembre","demo_componenti_medi_famiglia_31_dicembre","demo_numero_convivenze_31_dicembre","demo_popolazione_residente_convivenza_31_dicembre","ripartizione_geografica","regione_codice","regione_nome","provincia_nome","comune_capoluogo","vda_autovetture","vda_bassa_intensita_lavorativa","vda_comune_infanzia","vda_edu_secondaria","vda_edu_terziaria","vda_famiglie_monoreddito","vda_giovani_disoccupati","vda_incidenti","vda_incidenti_lesivita","vda_incidenti_mortalita","vda_moto_autovetture","vda_moto_motocicli","vda_nbiblioteca","vda_nmusei_etc_100","vda_nvisitatori_100","vda_occupati_non_stabili","vda_raccolta_differenziata","vda_reddito","vda_reddito_sub10","vda_ricerca","vda_servizi_sociali_tot","vda_suolo","vda_tasso_disoccupazione","vda_tasso_inattivita","vda_tasso_occupazione","vda_test","season","kwh_lag1","kwh_lag12","log_arrivi","log_kwh"
8773,7069,"Valpelline","valpelline",2015-01-01,2015,1,"2015-01","Grand-Combin","Gennaio",525,237,6,537,659,186905,NA,NA,NA,NA,NA,NA,NA,NA,NA,NA,NA,NA,NA,NA,NA,NA,NA,NA,NA,NA,NA,NA,NA,NA,NA,"Nord-ovest",2,"Valle d'Aosta/Vallée d'Aoste","Valle d'Aosta/Vallée d'Aoste",0,38.3177570093458,NA,11.1111111111111,NA,NA,NA,NA,NA,NA,NA,64.9468892261001,11.9878603945372,NA,606.980273141123,310.318664643399,NA,NA,20424.5524193548,23.1854838709677,0.863036161215155,427.098634294385,1.45492467839678,NA,NA,NA,38.3177570093458,"Winter",35849,70980,5.47227067367148,12.1383610956571
8774,7069,"Valpelline","valpelline",2015-02-01,2015,2,"2015-02","Grand-Combin","Febbraio",636,354,6,537,659,129785,NA,NA,NA,NA,NA,NA,NA,NA,NA,NA,NA,NA,NA,NA,NA,NA,NA,NA,NA,NA,NA,NA,NA,NA,NA,"Nord-ovest",2,"Valle d'Aosta/Vallée d'Aoste","Valle d'Aosta/Vallée d'Aoste",0,38.3177570093458,NA,11.1111111111111,NA,NA,NA,NA,NA,NA,NA,64.9468892261001,11.9878603945372,NA,606.980273141123,310.318664643399,NA,NA,20424.5524193548,23.1854838709677,0.863036161215155,427.098634294385,1.45492467839678,NA,NA,NA,38.3177570093458,"Winter",186905,86221,5.87211778947542,11.7736422191916
8775,7069,"Valpelline","valpelline",2015-03-01,2015,3,"2015-03","Grand-Combin","Marzo",293,194,6,537,659,135540,NA,NA,NA,NA,NA,NA,NA,NA,NA,NA,NA,NA,NA,NA,NA,NA,NA,NA,NA,NA,NA,NA,NA,NA,NA,"Nord-ovest",2,"Valle d'Aosta/Vallée d'Aoste","Valle d'Aosta/Vallée d'Aoste",0,38.3177570093458,NA,11.1111111111111,NA,NA,NA,NA,NA,NA,NA,64.9468892261001,11.9878603945372,NA,606.980273141123,310.318664643399,NA,NA,20424.5524193548,23.1854838709677,0.863036161215155,427.098634294385,1.45492467839678,NA,NA,NA,38.3177570093458,"Spring",129785,136796,5.27299955856375,11.8170294565587
8776,7069,"Valpelline","valpelline",2015-04-01,2015,4,"2015-04","Grand-Combin","Aprile",431,264,6,537,659,64609,NA,NA,NA,NA,NA,NA,NA,NA,NA,NA,NA,NA,NA,NA,NA,NA,NA,NA,NA,NA,NA,NA,NA,NA,NA,"Nord-ovest",2,"Valle d'Aosta/Vallée d'Aoste","Valle d'Aosta/Vallée d'Aoste",0,38.3177570093458,NA,11.1111111111111,NA,NA,NA,NA,NA,NA,NA,64.9468892261001,11.9878603945372,NA,606.980273141123,310.318664643399,NA,NA,20424.5524193548,23.1854838709677,0.863036161215155,427.098634294385,1.45492467839678,NA,NA,NA,38.3177570093458,"Spring",135540,101599,5.57972982598622,11.0761244765522
8777,7069,"Valpelline","valpelline",2015-05-01,2015,5,"2015-05","Grand-Combin","Maggio",503,303,6,537,659,61843,NA,NA,NA,NA,NA,NA,NA,NA,NA,NA,NA,NA,NA,NA,NA,NA,NA,NA,NA,NA,NA,NA,NA,NA,NA,"Nord-ovest",2,"Valle d'Aosta/Vallée d'Aoste","Valle d'Aosta/Vallée d'Aoste",0,38.3177570093458,NA,11.1111111111111,NA,NA,NA,NA,NA,NA,NA,64.9468892261001,11.9878603945372,NA,606.980273141123,310.318664643399,NA,NA,20424.5524193548,23.1854838709677,0.863036161215155,427.098634294385,1.45492467839678,NA,NA,NA,38.3177570093458,"Spring",64609,73055,5.71702770140622,11.0323703642225
8778,7069,"Valpelline","valpelline",2015-06-01,2015,6,"2015-06","Grand-Combin","Giugno",1737,328,6,537,659,55477,NA,NA,NA,NA,NA,NA,NA,NA,NA,NA,NA,NA,NA,NA,NA,NA,NA,NA,NA,NA,NA,NA,NA,NA,NA,"Nord-ovest",2,"Valle d'Aosta/Vallée d'Aoste","Valle d'Aosta/Vallée d'Aoste",0,38.3177570093458,NA,11.1111111111111,NA,NA,NA,NA,NA,NA,NA,64.9468892261001,11.9878603945372,NA,606.980273141123,310.318664643399,NA,NA,20424.5524193548,23.1854838709677,0.863036161215155,427.098634294385,1.45492467839678,NA,NA,NA,38.3177570093458,"Summer",61843,70553,5.79605775076537,10.9237418247523
8779,7069,"Valpelline","valpelline",2015-07-01,2015,7,"2015-07","Grand-Combin","Luglio",7336,1574,6,537,659,59447,NA,NA,NA,NA,NA,NA,NA,NA,NA,NA,NA,NA,NA,NA,NA,NA,NA,NA,NA,NA,NA,NA,NA,NA,NA,"Nord-ovest",2,"Valle d'Aosta/Vallée d'Aoste","Valle d'Aosta/Vallée d'Aoste",0,38.3177570093458,NA,11.1111111111111,NA,NA,NA,NA,NA,NA,NA,64.9468892261001,11.9878603945372,NA,606.980273141123,310.318664643399,NA,NA,20424.5524193548,23.1854838709677,0.863036161215155,427.098634294385,1.45492467839678,NA,NA,NA,38.3177570093458,"Summer",55477,41393,7.36201055125973,10.9928572598373
8780,7069,"Valpelline","valpelline",2015-08-01,2015,8,"2015-08","Grand-Combin","Agosto",5443,1158,6,537,659,67878,NA,NA,NA,NA,NA,NA,NA,NA,NA,NA,NA,NA,NA,NA,NA,NA,NA,NA,NA,NA,NA,NA,NA,NA,NA,"Nord-ovest",2,"Valle d'Aosta/Vallée d'Aoste","Valle d'Aosta/Vallée d'Aoste",0,38.3177570093458,NA,11.1111111111111,NA,NA,NA,NA,NA,NA,NA,64.9468892261001,11.9878603945372,NA,606.980273141123,310.318664643399,NA,NA,20424.5524193548,23.1854838709677,0.863036161215155,427.098634294385,1.45492467839678,NA,NA,NA,38.3177570093458,"Summer",59447,37499,7.05531284333975,11.1254819873599
8781,7069,"Valpelline","valpelline",2015-09-01,2015,9,"2015-09","Grand-Combin","Settembre",2523,463,6,537,659,53142,NA,NA,NA,NA,NA,NA,NA,NA,NA,NA,NA,NA,NA,NA,NA,NA,NA,NA,NA,NA,NA,NA,NA,NA,NA,"Nord-ovest",2,"Valle d'Aosta/Vallée d'Aoste","Valle d'Aosta/Vallée d'Aoste",0,38.3177570093458,NA,11.1111111111111,NA,NA,NA,NA,NA,NA,NA,64.9468892261001,11.9878603945372,NA,606.980273141123,310.318664643399,NA,NA,20424.5524193548,23.1854838709677,0.863036161215155,427.098634294385,1.45492467839678,NA,NA,NA,38.3177570093458,"Autumn",67878,47046,6.13988455222626,10.8807416723684
8782,7069,"Valpelline","valpelline",2015-10-01,2015,10,"2015-10","Grand-Combin","Ottobre",324,215,6,537,659,74249,NA,NA,NA,NA,NA,NA,NA,NA,NA,NA,NA,NA,NA,NA,NA,NA,NA,NA,NA,NA,NA,NA,NA,NA,NA,"Nord-ovest",2,"Valle d'Aosta/Vallée d'Aoste","Valle d'Aosta/Vallée d'Aoste",0,38.3177570093458,NA,11.1111111111111,NA,NA,NA,NA,NA,NA,NA,64.9468892261001,11.9878603945372,NA,606.980273141123,310.318664643399,NA,NA,20424.5524193548,23.1854838709677,0.863036161215155,427.098634294385,1.45492467839678,NA,NA,NA,38.3177570093458,"Autumn",53142,58975,5.37527840768417,11.2151930566649
8783,7069,"Valpelline","valpelline",2015-11-01,2015,11,"2015-11","Grand-Combin","Novembre",95,70,6,537,659,101081,NA,NA,NA,NA,NA,NA,NA,NA,NA,NA,NA,NA,NA,NA,NA,NA,NA,NA,NA,NA,NA,NA,NA,NA,NA,"Nord-ovest",2,"Valle d'Aosta/Vallée d'Aoste","Valle d'Aosta/Vallée d'Aoste",0,38.3177570093458,NA,11.1111111111111,NA,NA,NA,NA,NA,NA,NA,64.9468892261001,11.9878603945372,NA,606.980273141123,310.318664643399,NA,NA,20424.5524193548,23.1854838709677,0.863036161215155,427.098634294385,1.45492467839678,NA,NA,NA,38.3177570093458,"Autumn",74249,65422,4.26267987704132,11.5236873476143
8784,7069,"Valpelline","valpelline",2015-12-01,2015,12,"2015-12","Grand-Combin","Dicembre",906,399,6,537,659,159228,NA,NA,NA,NA,NA,NA,NA,NA,NA,NA,NA,NA,NA,NA,NA,NA,NA,NA,NA,NA,NA,NA,NA,NA,NA,"Nord-ovest",2,"Valle d'Aosta/Vallée d'Aoste","Valle d'Aosta/Vallée d'Aoste",0,38.3177570093458,NA,11.1111111111111,NA,NA,NA,NA,NA,NA,NA,64.9468892261001,11.9878603945372,NA,606.980273141123,310.318664643399,NA,NA,20424.5524193548,23.1854838709677,0.863036161215155,427.098634294385,1.45492467839678,NA,NA,NA,38.3177570093458,"Winter",101081,35849,5.99146454710798,11.9780986966072
8785,7069,"Valpelline","valpelline",2016-01-01,2016,1,"2016-01","Grand-Combin","Gennaio",590,209,7,539,657,179506,NA,NA,NA,NA,NA,NA,NA,NA,NA,NA,NA,NA,NA,NA,NA,NA,NA,NA,NA,NA,NA,NA,NA,NA,NA,"Nord-ovest",2,"Valle d'Aosta/Vallée d'Aoste","Valle d'Aosta/Vallée d'Aoste",0,36.9515011547344,NA,10.5263157894737,NA,NA,NA,NA,3.07929176289453,100,0,66.6666666666667,12.1632024634334,NA,NA,NA,NA,NA,20850.0320512821,21.7948717948718,0.925497454881999,447.538106235566,1.47998397955486,NA,NA,NA,36.9515011547344,"Winter",159228,186905,5.34710753071747,12.0979694833646
8786,7069,"Valpelline","valpelline",2016-02-01,2016,2,"2016-02","Grand-Combin","Febbraio",793,394,7,539,657,123091,NA,NA,NA,NA,NA,NA,NA,NA,NA,NA,NA,NA,NA,NA,NA,NA,NA,NA,NA,NA,NA,NA,NA,NA,NA,"Nord-ovest",2,"Valle d'Aosta/Vallée d'Aoste","Valle d'Aosta/Vallée d'Aoste",0,36.9515011547344,NA,10.5263157894737,NA,NA,NA,NA,3.07929176289453,100,0,66.6666666666667,12.1632024634334,NA,NA,NA,NA,NA,20850.0320512821,21.7948717948718,0.925497454881999,447.538106235566,1.47998397955486,NA,NA,NA,36.9515011547344,"Winter",179506,129785,5.97888576490112,11.720687322246
8787,7069,"Valpelline","valpelline",2016-03-01,2016,3,"2016-03","Grand-Combin","Marzo",939,337,7,539,657,114446,NA,NA,NA,NA,NA,NA,NA,NA,NA,NA,NA,NA,NA,NA,NA,NA,NA,NA,NA,NA,NA,NA,NA,NA,NA,"Nord-ovest",2,"Valle d'Aosta/Vallée d'Aoste","Valle d'Aosta/Vallée d'Aoste",0,36.9515011547344,NA,10.5263157894737,NA,NA,NA,NA,3.07929176289453,100,0,66.6666666666667,12.1632024634334,NA,NA,NA,NA,NA,20850.0320512821,21.7948717948718,0.925497454881999,447.538106235566,1.47998397955486,NA,NA,NA,36.9515011547344,"Spring",123091,135540,5.82304589548302,11.6478671127174
8788,7069,"Valpelline","valpelline",2016-04-01,2016,4,"2016-04","Grand-Combin","Aprile",401,250,7,539,657,76263,NA,NA,NA,NA,NA,NA,NA,NA,NA,NA,NA,NA,NA,NA,NA,NA,NA,NA,NA,NA,NA,NA,NA,NA,NA,"Nord-ovest",2,"Valle d'Aosta/Vallée d'Aoste","Valle d'Aosta/Vallée d'Aoste",0,36.9515011547344,NA,10.5263157894737,NA,NA,NA,NA,3.07929176289453,100,0,66.6666666666667,12.1632024634334,NA,NA,NA,NA,NA,20850.0320512821,21.7948717948718,0.925497454881999,447.538106235566,1.47998397955486,NA,NA,NA,36.9515011547344,"Spring",114446,64609,5.52545293913178,11.2419562841734
8789,7069,"Valpelline","valpelline",2016-05-01,2016,5,"2016-05","Grand-Combin","Maggio",337,214,7,539,657,74453,NA,NA,NA,NA,NA,NA,NA,NA,NA,NA,NA,NA,NA,NA,NA,NA,NA,NA,NA,NA,NA,NA,NA,NA,NA,"Nord-ovest",2,"Valle d'Aosta/Vallée d'Aoste","Valle d'Aosta/Vallée d'Aoste",0,36.9515011547344,NA,10.5263157894737,NA,NA,NA,NA,3.07929176289453,100,0,66.6666666666667,12.1632024634334,NA,NA,NA,NA,NA,20850.0320512821,21.7948717948718,0.925497454881999,447.538106235566,1.47998397955486,NA,NA,NA,36.9515011547344,"Spring",76263,61843,5.37063802812766,11.2179367640027
8790,7069,"Valpelline","valpelline",2016-06-01,2016,6,"2016-06","Grand-Combin","Giugno",1324,468,7,539,657,64247,NA,NA,NA,NA,NA,NA,NA,NA,NA,NA,NA,NA,NA,NA,NA,NA,NA,NA,NA,NA,NA,NA,NA,NA,NA,"Nord-ovest",2,"Valle d'Aosta/Vallée d'Aoste","Valle d'Aosta/Vallée d'Aoste",0,36.9515011547344,NA,10.5263157894737,NA,NA,NA,NA,3.07929176289453,100,0,66.6666666666667,12.1632024634334,NA,NA,NA,NA,NA,20850.0320512821,21.7948717948718,0.925497454881999,447.538106235566,1.47998397955486,NA,NA,NA,36.9515011547344,"Summer",74453,55477,6.15060276844628,11.0705058738683
8791,7069,"Valpelline","valpelline",2016-07-01,2016,7,"2016-07","Grand-Combin","Luglio",6901,1460,7,539,657,76090,NA,NA,NA,NA,NA,NA,NA,NA,NA,NA,NA,NA,NA,NA,NA,NA,NA,NA,NA,NA,NA,NA,NA,NA,NA,"Nord-ovest",2,"Valle d'Aosta/Vallée d'Aoste","Valle d'Aosta/Vallée d'Aoste",0,36.9515011547344,NA,10.5263157894737,NA,NA,NA,NA,3.07929176289453,100,0,66.6666666666667,12.1632024634334,NA,NA,NA,NA,NA,20850.0320512821,21.7948717948718,0.925497454881999,447.538106235566,1.47998397955486,NA,NA,NA,36.9515011547344,"Summer",64247,59447,7.2868764117507,11.2396852714157
8792,7069,"Valpelline","valpelline",2016-08-01,2016,8,"2016-08","Grand-Combin","Agosto",9437,1460,7,539,657,71821,NA,NA,NA,NA,NA,NA,NA,NA,NA,NA,NA,NA,NA,NA,NA,NA,NA,NA,NA,NA,NA,NA,NA,NA,NA,"Nord-ovest",2,"Valle d'Aosta/Vallée d'Aoste","Valle d'Aosta/Vallée d'Aoste",0,36.9515011547344,NA,10.5263157894737,NA,NA,NA,NA,3.07929176289453,100,0,66.6666666666667,12.1632024634334,NA,NA,NA,NA,NA,20850.0320512821,21.7948717948718,0.925497454881999,447.538106235566,1.47998397955486,NA,NA,NA,36.9515011547344,"Summer",76090,67878,7.2868764117507,11.1819461147886
8793,7069,"Valpelline","valpelline",2016-09-01,2016,9,"2016-09","Grand-Combin","Settembre",1193,430,7,539,657,66999,NA,NA,NA,NA,NA,NA,NA,NA,NA,NA,NA,NA,NA,NA,NA,NA,NA,NA,NA,NA,NA,NA,NA,NA,NA,"Nord-ovest",2,"Valle d'Aosta/Vallée d'Aoste","Valle d'Aosta/Vallée d'Aoste",0,36.9515011547344,NA,10.5263157894737,NA,NA,NA,NA,3.07929176289453,100,0,66.6666666666667,12.1632024634334,NA,NA,NA,NA,NA,20850.0320512821,21.7948717948718,0.925497454881999,447.538106235566,1.47998397955486,NA,NA,NA,36.9515011547344,"Autumn",71821,53142,6.06610809010375,11.1124478983731
8794,7069,"Valpelline","valpelline",2016-10-01,2016,10,"2016-10","Grand-Combin","Ottobre",524,335,7,539,657,113581,NA,NA,NA,NA,NA,NA,NA,NA,NA,NA,NA,NA,NA,NA,NA,NA,NA,NA,NA,NA,NA,NA,NA,NA,NA,"Nord-ovest",2,"Valle d'Aosta/Vallée d'Aoste","Valle d'Aosta/Vallée d'Aoste",0,36.9515011547344,NA,10.5263157894737,NA,NA,NA,NA,3.07929176289453,100,0,66.6666666666667,12.1632024634334,NA,NA,NA,NA,NA,20850.0320512821,21.7948717948718,0.925497454881999,447.538106235566,1.47998397955486,NA,NA,NA,36.9515011547344,"Autumn",66999,74249,5.8171111599632,11.6402803220103
8795,7069,"Valpelline","valpelline",2016-11-01,2016,11,"2016-11","Grand-Combin","Novembre",185,136,7,539,657,141408,NA,NA,NA,NA,NA,NA,NA,NA,NA,NA,NA,NA,NA,NA,NA,NA,NA,NA,NA,NA,NA,NA,NA,NA,NA,"Nord-ovest",2,"Valle d'Aosta/Vallée d'Aoste","Valle d'Aosta/Vallée d'Aoste",0,36.9515011547344,NA,10.5263157894737,NA,NA,NA,NA,3.07929176289453,100,0,66.6666666666667,12.1632024634334,NA,NA,NA,NA,NA,20850.0320512821,21.7948717948718,0.925497454881999,447.538106235566,1.47998397955486,NA,NA,NA,36.9515011547344,"Autumn",113581,101081,4.91998092582813,11.8594116796411
8796,7069,"Valpelline","valpelline",2016-12-01,2016,12,"2016-12","Grand-Combin","Dicembre",659,349,7,539,657,157247,NA,NA,NA,NA,NA,NA,NA,NA,NA,NA,NA,NA,NA,NA,NA,NA,NA,NA,NA,NA,NA,NA,NA,NA,NA,"Nord-ovest",2,"Valle d'Aosta/Vallée d'Aoste","Valle d'Aosta/Vallée d'Aoste",0,36.9515011547344,NA,10.5263157894737,NA,NA,NA,NA,3.07929176289453,100,0,66.6666666666667,12.1632024634334,NA,NA,NA,NA,NA,20850.0320512821,21.7948717948718,0.925497454881999,447.538106235566,1.47998397955486,NA,NA,NA,36.9515011547344,"Winter",141408,159228,5.85793315448346,11.9655794558809
8797,7069,"Valpelline","valpelline",2017-01-01,2017,1,"2017-01","Grand-Combin","Gennaio",800,256,7,539,635,166468,NA,NA,NA,NA,NA,NA,NA,NA,NA,NA,NA,NA,NA,NA,NA,NA,NA,NA,NA,NA,NA,NA,NA,NA,NA,"Nord-ovest",2,"Valle d'Aosta/Vallée d'Aoste","Valle d'Aosta/Vallée d'Aoste",0,32.8767123287671,NA,18.1818181818182,NA,NA,NA,NA,NA,NA,NA,68.8679245283019,12.5786163522013,NA,628.930817610063,487.421383647799,NA,NA,20471.5582417582,23.5294117647059,0.883002207505519,453.562893081761,1.48032277140841,NA,NA,NA,32.8767123287671,"Winter",157247,179506,5.54907608489522,12.0225643848816
8798,7069,"Valpelline","valpelline",2017-02-01,2017,2,"2017-02","Grand-Combin","Febbraio",556,335,7,539,635,134401,NA,NA,NA,NA,NA,NA,NA,NA,NA,NA,NA,NA,NA,NA,NA,NA,NA,NA,NA,NA,NA,NA,NA,NA,NA,"Nord-ovest",2,"Valle d'Aosta/Vallée d'Aoste","Valle d'Aosta/Vallée d'Aoste",0,32.8767123287671,NA,18.1818181818182,NA,NA,NA,NA,NA,NA,NA,68.8679245283019,12.5786163522013,NA,628.930817610063,487.421383647799,NA,NA,20471.5582417582,23.5294117647059,0.883002207505519,453.562893081761,1.48032277140841,NA,NA,NA,32.8767123287671,"Winter",166468,123091,5.8171111599632,11.8085905879128
8799,7069,"Valpelline","valpelline",2017-03-01,2017,3,"2017-03","Grand-Combin","Marzo",358,241,7,539,635,107872,NA,NA,NA,NA,NA,NA,NA,NA,NA,NA,NA,NA,NA,NA,NA,NA,NA,NA,NA,NA,NA,NA,NA,NA,NA,"Nord-ovest",2,"Valle d'Aosta/Vallée d'Aoste","Valle d'Aosta/Vallée d'Aoste",0,32.8767123287671,NA,18.1818181818182,NA,NA,NA,NA,NA,NA,NA,68.8679245283019,12.5786163522013,NA,628.930817610063,487.421383647799,NA,NA,20471.5582417582,23.5294117647059,0.883002207505519,453.562893081761,1.48032277140841,NA,NA,NA,32.8767123287671,"Spring",134401,114446,5.48893772615669,11.588709888237
8800,7069,"Valpelline","valpelline",2017-04-01,2017,4,"2017-04","Grand-Combin","Aprile",619,319,7,539,635,77271,NA,NA,NA,NA,NA,NA,NA,NA,NA,NA,NA,NA,NA,NA,NA,NA,NA,NA,NA,NA,NA,NA,NA,NA,NA,"Nord-ovest",2,"Valle d'Aosta/Vallée d'Aoste","Valle d'Aosta/Vallée d'Aoste",0,32.8767123287671,NA,18.1818181818182,NA,NA,NA,NA,NA,NA,NA,68.8679245283019,12.5786163522013,NA,628.930817610063,487.421383647799,NA,NA,20471.5582417582,23.5294117647059,0.883002207505519,453.562893081761,1.48032277140841,NA,NA,NA,32.8767123287671,"Spring",107872,76263,5.76832099579377,11.2550869438591
8801,7069,"Valpelline","valpelline",2017-05-01,2017,5,"2017-05","Grand-Combin","Maggio",274,180,7,539,635,73003,NA,NA,NA,NA,NA,NA,NA,NA,NA,NA,NA,NA,NA,NA,NA,NA,NA,NA,NA,NA,NA,NA,NA,NA,NA,"Nord-ovest",2,"Valle d'Aosta/Vallée d'Aoste","Valle d'Aosta/Vallée d'Aoste",0,32.8767123287671,NA,18.1818181818182,NA,NA,NA,NA,NA,NA,NA,68.8679245283019,12.5786163522013,NA,628.930817610063,487.421383647799,NA,NA,20471.5582417582,23.5294117647059,0.883002207505519,453.562893081761,1.48032277140841,NA,NA,NA,32.8767123287671,"Spring",77271,74453,5.19849703126583,11.1982695131499
8802,7069,"Valpelline","valpelline",2017-06-01,2017,6,"2017-06","Grand-Combin","Giugno",1497,523,7,539,635,49161,NA,NA,NA,NA,NA,NA,NA,NA,NA,NA,NA,NA,NA,NA,NA,NA,NA,NA,NA,NA,NA,NA,NA,NA,NA,"Nord-ovest",2,"Valle d'Aosta/Vallée d'Aoste","Valle d'Aosta/Vallée d'Aoste",0,32.8767123287671,NA,18.1818181818182,NA,NA,NA,NA,NA,NA,NA,68.8679245283019,12.5786163522013,NA,628.930817610063,487.421383647799,NA,NA,20471.5582417582,23.5294117647059,0.883002207505519,453.562893081761,1.48032277140841,NA,NA,NA,32.8767123287671,"Summer",73003,64247,6.26149168432104,10.8028762463349
8803,7069,"Valpelline","valpelline",2017-07-01,2017,7,"2017-07","Grand-Combin","Luglio",6865,1515,7,539,635,54398,NA,NA,NA,NA,NA,NA,NA,NA,NA,NA,NA,NA,NA,NA,NA,NA,NA,NA,NA,NA,NA,NA,NA,NA,NA,"Nord-ovest",2,"Valle d'Aosta/Vallée d'Aoste","Valle d'Aosta/Vallée d'Aoste",0,32.8767123287671,NA,18.1818181818182,NA,NA,NA,NA,NA,NA,NA,68.8679245283019,12.5786163522013,NA,628.930817610063,487.421383647799,NA,NA,20471.5582417582,23.5294117647059,0.883002207505519,453.562893081761,1.48032277140841,NA,NA,NA,32.8767123287671,"Summer",49161,76090,7.32383056620232,10.9041010503221
8804,7069,"Valpelline","valpelline",2017-08-01,2017,8,"2017-08","Grand-Combin","Agosto",6826,1321,7,539,635,63700,NA,NA,NA,NA,NA,NA,NA,NA,NA,NA,NA,NA,NA,NA,NA,NA,NA,NA,NA,NA,NA,NA,NA,NA,NA,"Nord-ovest",2,"Valle d'Aosta/Vallée d'Aoste","Valle d'Aosta/Vallée d'Aoste",0,32.8767123287671,NA,18.1818181818182,NA,NA,NA,NA,NA,NA,NA,68.8679245283019,12.5786163522013,NA,628.930817610063,487.421383647799,NA,NA,20471.5582417582,23.5294117647059,0.883002207505519,453.562893081761,1.48032277140841,NA,NA,NA,32.8767123287671,"Summer",54398,71821,7.18690102041163,11.0619555400242
8805,7069,"Valpelline","valpelline",2017-09-01,2017,9,"2017-09","Grand-Combin","Settembre",970,496,7,539,635,66113,NA,NA,NA,NA,NA,NA,NA,NA,NA,NA,NA,NA,NA,NA,NA,NA,NA,NA,NA,NA,NA,NA,NA,NA,NA,"Nord-ovest",2,"Valle d'Aosta/Vallée d'Aoste","Valle d'Aosta/Vallée d'Aoste",0,32.8767123287671,NA,18.1818181818182,NA,NA,NA,NA,NA,NA,NA,68.8679245283019,12.5786163522013,NA,628.930817610063,487.421383647799,NA,NA,20471.5582417582,23.5294117647059,0.883002207505519,453.562893081761,1.48032277140841,NA,NA,NA,32.8767123287671,"Autumn",63700,66999,6.20859002609663,11.0991358037158
8806,7069,"Valpelline","valpelline",2017-10-01,2017,10,"2017-10","Grand-Combin","Ottobre",374,268,7,539,635,82766,NA,NA,NA,NA,NA,NA,NA,NA,NA,NA,NA,NA,NA,NA,NA,NA,NA,NA,NA,NA,NA,NA,NA,NA,NA,"Nord-ovest",2,"Valle d'Aosta/Vallée d'Aoste","Valle d'Aosta/Vallée d'Aoste",0,32.8767123287671,NA,18.1818181818182,NA,NA,NA,NA,NA,NA,NA,68.8679245283019,12.5786163522013,NA,628.930817610063,487.421383647799,NA,NA,20471.5582417582,23.5294117647059,0.883002207505519,453.562893081761,1.48032277140841,NA,NA,NA,32.8767123287671,"Autumn",66113,113581,5.59471137960184,11.3237847102063
8807,7069,"Valpelline","valpelline",2017-11-01,2017,11,"2017-11","Grand-Combin","Novembre",248,177,7,539,635,139609,NA,NA,NA,NA,NA,NA,NA,NA,NA,NA,NA,NA,NA,NA,NA,NA,NA,NA,NA,NA,NA,NA,NA,NA,NA,"Nord-ovest",2,"Valle d'Aosta/Vallée d'Aoste","Valle d'Aosta/Vallée d'Aoste",0,32.8767123287671,NA,18.1818181818182,NA,NA,NA,NA,NA,NA,NA,68.8679245283019,12.5786163522013,NA,628.930817610063,487.421383647799,NA,NA,20471.5582417582,23.5294117647059,0.883002207505519,453.562893081761,1.48032277140841,NA,NA,NA,32.8767123287671,"Autumn",82766,141408,5.18178355029209,11.8466080999827
8808,7069,"Valpelline","valpelline",2017-12-01,2017,12,"2017-12","Grand-Combin","Dicembre",546,291,7,539,635,182308,NA,NA,NA,NA,NA,NA,NA,NA,NA,NA,NA,NA,NA,NA,NA,NA,NA,NA,NA,NA,NA,NA,NA,NA,NA,"Nord-ovest",2,"Valle d'Aosta/Vallée d'Aoste","Valle d'Aosta/Vallée d'Aoste",0,32.8767123287671,NA,18.1818181818182,NA,NA,NA,NA,NA,NA,NA,68.8679245283019,12.5786163522013,NA,628.930817610063,487.421383647799,NA,NA,20471.5582417582,23.5294117647059,0.883002207505519,453.562893081761,1.48032277140841,NA,NA,NA,32.8767123287671,"Winter",139609,157247,5.67675380226828,12.1134583286198
8809,7069,"Valpelline","valpelline",2018-01-01,2018,1,"2018-01","Grand-Combin","Gennaio",470,218,7,542,625,175357,NA,NA,NA,NA,NA,NA,NA,NA,NA,NA,NA,NA,NA,NA,NA,NA,NA,NA,NA,NA,NA,NA,NA,NA,NA,"Nord-ovest",2,"Valle d'Aosta/Vallée d'Aoste","Valle d'Aosta/Vallée d'Aoste",0,29.6296296296296,NA,26.0869565217391,61.1428571428571,17.1428571428571,NA,NA,NA,NA,NA,69.8464025869038,13.5812449474535,NA,485.044462409054,247.857720291027,NA,NA,21144.0262582057,20.6971677559913,0.94170825878143,510.179466451091,1.50292287983928,NA,NA,NA,29.6296296296296,"Winter",182308,166468,5.3890717298165,12.0745848775673
8810,7069,"Valpelline","valpelline",2018-02-01,2018,2,"2018-02","Grand-Combin","Febbraio",687,389,7,542,625,155350,NA,NA,NA,NA,NA,NA,NA,NA,NA,NA,NA,NA,NA,NA,NA,NA,NA,NA,NA,NA,NA,NA,NA,NA,NA,"Nord-ovest",2,"Valle d'Aosta/Vallée d'Aoste","Valle d'Aosta/Vallée d'Aoste",0,29.6296296296296,NA,26.0869565217391,61.1428571428571,17.1428571428571,NA,NA,NA,NA,NA,69.8464025869038,13.5812449474535,NA,485.044462409054,247.857720291027,NA,NA,21144.0262582057,20.6971677559913,0.94170825878143,510.179466451091,1.50292287983928,NA,NA,NA,29.6296296296296,"Winter",175357,134401,5.96614673912369,11.953442351878
8811,7069,"Valpelline","valpelline",2018-03-01,2018,3,"2018-03","Grand-Combin","Marzo",510,316,7,542,625,160562,NA,NA,NA,NA,NA,NA,NA,NA,NA,NA,NA,NA,NA,NA,NA,NA,NA,NA,NA,NA,NA,NA,NA,NA,NA,"Nord-ovest",2,"Valle d'Aosta/Vallée d'Aoste","Valle d'Aosta/Vallée d'Aoste",0,29.6296296296296,NA,26.0869565217391,61.1428571428571,17.1428571428571,NA,NA,NA,NA,NA,69.8464025869038,13.5812449474535,NA,485.044462409054,247.857720291027,NA,NA,21144.0262582057,20.6971677559913,0.94170825878143,510.179466451091,1.50292287983928,NA,NA,NA,29.6296296296296,"Spring",155350,107872,5.75890177387728,11.9864416678996
8812,7069,"Valpelline","valpelline",2018-04-01,2018,4,"2018-04","Grand-Combin","Aprile",368,171,7,542,625,102962,NA,NA,NA,NA,NA,NA,NA,NA,NA,NA,NA,NA,NA,NA,NA,NA,NA,NA,NA,NA,NA,NA,NA,NA,NA,"Nord-ovest",2,"Valle d'Aosta/Vallée d'Aoste","Valle d'Aosta/Vallée d'Aoste",0,29.6296296296296,NA,26.0869565217391,61.1428571428571,17.1428571428571,NA,NA,NA,NA,NA,69.8464025869038,13.5812449474535,NA,485.044462409054,247.857720291027,NA,NA,21144.0262582057,20.6971677559913,0.94170825878143,510.179466451091,1.50292287983928,NA,NA,NA,29.6296296296296,"Spring",160562,77271,5.14749447681345,11.5421249793747
8813,7069,"Valpelline","valpelline",2018-05-01,2018,5,"2018-05","Grand-Combin","Maggio",285,208,7,542,625,67344,NA,NA,NA,NA,NA,NA,NA,NA,NA,NA,NA,NA,NA,NA,NA,NA,NA,NA,NA,NA,NA,NA,NA,NA,NA,"Nord-ovest",2,"Valle d'Aosta/Vallée d'Aoste","Valle d'Aosta/Vallée d'Aoste",0,29.6296296296296,NA,26.0869565217391,61.1428571428571,17.1428571428571,NA,NA,NA,NA,NA,69.8464025869038,13.5812449474535,NA,485.044462409054,247.857720291027,NA,NA,21144.0262582057,20.6971677559913,0.94170825878143,510.179466451091,1.50292287983928,NA,NA,NA,29.6296296296296,"Spring",102962,73003,5.34233425196481,11.1175839400329
8814,7069,"Valpelline","valpelline",2018-06-01,2018,6,"2018-06","Grand-Combin","Giugno",1041,498,7,542,625,56146,NA,NA,NA,NA,NA,NA,NA,NA,NA,NA,NA,NA,NA,NA,NA,NA,NA,NA,NA,NA,NA,NA,NA,NA,NA,"Nord-ovest",2,"Valle d'Aosta/Vallée d'Aoste","Valle d'Aosta/Vallée d'Aoste",0,29.6296296296296,NA,26.0869565217391,61.1428571428571,17.1428571428571,NA,NA,NA,NA,NA,69.8464025869038,13.5812449474535,NA,485.044462409054,247.857720291027,NA,NA,21144.0262582057,20.6971677559913,0.94170825878143,510.179466451091,1.50292287983928,NA,NA,NA,29.6296296296296,"Summer",67344,49161,6.21260609575152,10.9357285304222
8815,7069,"Valpelline","valpelline",2018-07-01,2018,7,"2018-07","Grand-Combin","Luglio",7162,1301,7,542,625,48982,NA,NA,NA,NA,NA,NA,NA,NA,NA,NA,NA,NA,NA,NA,NA,NA,NA,NA,NA,NA,NA,NA,NA,NA,NA,"Nord-ovest",2,"Valle d'Aosta/Vallée d'Aoste","Valle d'Aosta/Vallée d'Aoste",0,29.6296296296296,NA,26.0869565217391,61.1428571428571,17.1428571428571,NA,NA,NA,NA,NA,69.8464025869038,13.5812449474535,NA,485.044462409054,247.857720291027,NA,NA,21144.0262582057,20.6971677559913,0.94170825878143,510.179466451091,1.50292287983928,NA,NA,NA,29.6296296296296,"Summer",56146,54398,7.17165682276851,10.7992285781201
8816,7069,"Valpelline","valpelline",2018-08-01,2018,8,"2018-08","Grand-Combin","Agosto",8885,1323,7,542,625,48243,NA,NA,NA,NA,NA,NA,NA,NA,NA,NA,NA,NA,NA,NA,NA,NA,NA,NA,NA,NA,NA,NA,NA,NA,NA,"Nord-ovest",2,"Valle d'Aosta/Vallée d'Aoste","Valle d'Aosta/Vallée d'Aoste",0,29.6296296296296,NA,26.0869565217391,61.1428571428571,17.1428571428571,NA,NA,NA,NA,NA,69.8464025869038,13.5812449474535,NA,485.044462409054,247.857720291027,NA,NA,21144.0262582057,20.6971677559913,0.94170825878143,510.179466451091,1.50292287983928,NA,NA,NA,29.6296296296296,"Summer",48982,63700,7.18841273649695,10.7840267467031
8817,7069,"Valpelline","valpelline",2018-09-01,2018,9,"2018-09","Grand-Combin","Settembre",852,496,7,542,625,45080,NA,NA,NA,NA,NA,NA,NA,NA,NA,NA,NA,NA,NA,NA,NA,NA,NA,NA,NA,NA,NA,NA,NA,NA,NA,"Nord-ovest",2,"Valle d'Aosta/Vallée d'Aoste","Valle d'Aosta/Vallée d'Aoste",0,29.6296296296296,NA,26.0869565217391,61.1428571428571,17.1428571428571,NA,NA,NA,NA,NA,69.8464025869038,13.5812449474535,NA,485.044462409054,247.857720291027,NA,NA,21144.0262582057,20.6971677559913,0.94170825878143,510.179466451091,1.50292287983928,NA,NA,NA,29.6296296296296,"Autumn",48243,66113,6.20859002609663,10.7162161506938
8818,7069,"Valpelline","valpelline",2018-10-01,2018,10,"2018-10","Grand-Combin","Ottobre",301,218,7,542,625,84668,NA,NA,NA,NA,NA,NA,NA,NA,NA,NA,NA,NA,NA,NA,NA,NA,NA,NA,NA,NA,NA,NA,NA,NA,NA,"Nord-ovest",2,"Valle d'Aosta/Vallée d'Aoste","Valle d'Aosta/Vallée d'Aoste",0,29.6296296296296,NA,26.0869565217391,61.1428571428571,17.1428571428571,NA,NA,NA,NA,NA,69.8464025869038,13.5812449474535,NA,485.044462409054,247.857720291027,NA,NA,21144.0262582057,20.6971677559913,0.94170825878143,510.179466451091,1.50292287983928,NA,NA,NA,29.6296296296296,"Autumn",45080,82766,5.3890717298165,11.3465048160079
8819,7069,"Valpelline","valpelline",2018-11-01,2018,11,"2018-11","Grand-Combin","Novembre",367,248,7,542,625,134323,NA,NA,NA,NA,NA,NA,NA,NA,NA,NA,NA,NA,NA,NA,NA,NA,NA,NA,NA,NA,NA,NA,NA,NA,NA,"Nord-ovest",2,"Valle d'Aosta/Vallée d'Aoste","Valle d'Aosta/Vallée d'Aoste",0,29.6296296296296,NA,26.0869565217391,61.1428571428571,17.1428571428571,NA,NA,NA,NA,NA,69.8464025869038,13.5812449474535,NA,485.044462409054,247.857720291027,NA,NA,21144.0262582057,20.6971677559913,0.94170825878143,510.179466451091,1.50292287983928,NA,NA,NA,29.6296296296296,"Autumn",84668,139609,5.51745289646471,11.8080100709388
8820,7069,"Valpelline","valpelline",2018-12-01,2018,12,"2018-12","Grand-Combin","Dicembre",671,323,7,542,625,169105,NA,NA,NA,NA,NA,NA,NA,NA,NA,NA,NA,NA,NA,NA,NA,NA,NA,NA,NA,NA,NA,NA,NA,NA,NA,"Nord-ovest",2,"Valle d'Aosta/Vallée d'Aoste","Valle d'Aosta/Vallée d'Aoste",0,29.6296296296296,NA,26.0869565217391,61.1428571428571,17.1428571428571,NA,NA,NA,NA,NA,69.8464025869038,13.5812449474535,NA,485.044462409054,247.857720291027,NA,NA,21144.0262582057,20.6971677559913,0.94170825878143,510.179466451091,1.50292287983928,NA,NA,NA,29.6296296296296,"Winter",134323,182308,5.78074351579233,12.0382810162205
8821,7069,"Valpelline","valpelline",2019-01-01,2019,1,"2019-01","Grand-Combin","Gennaio",427,167,6,485,598,182502,69,8,0.321890932795449,840.327585800588,-3.10963016740992,41.5416532590852,605,5,6,-1,37,26,11,7,0,7,0,-4,13,618,305,617,2,1,1,"Nord-ovest",2,"Valle d'Aosta/Vallée d'Aoste","Valle d'Aosta/Vallée d'Aoste",0,28.2110091743119,NA,24,68.4210526315789,18.7134502923977,NA,NA,NA,NA,NA,71.3000817661488,13.0825838103025,163.532297628782,490.596892886345,987.735077677841,NA,NA,21217.9017857143,20.7505518763797,1.12372176649062,512.695012264922,1.50746415836167,4.22077922077922,42.7509293680297,54.8327137546468,28.2110091743119,"Winter",169105,175357,5.12396397940326,12.1145218902257
8822,7069,"Valpelline","valpelline",2019-02-01,2019,2,"2019-02","Grand-Combin","Febbraio",388,273,6,485,598,153290,69,8,0.30258252752897,846.676181483318,0.462896806282592,36.1619596489347,605,5,6,-1,37,26,11,7,0,7,0,-4,13,618,305,617,2,1,1,"Nord-ovest",2,"Valle d'Aosta/Vallée d'Aoste","Valle d'Aosta/Vallée d'Aoste",0,28.2110091743119,NA,24,68.4210526315789,18.7134502923977,NA,NA,NA,NA,NA,71.3000817661488,13.0825838103025,163.532297628782,490.596892886345,987.735077677841,NA,NA,21217.9017857143,20.7505518763797,1.12372176649062,512.695012264922,1.50746415836167,4.22077922077922,42.7509293680297,54.8327137546468,28.2110091743119,"Winter",182502,155350,5.61312810638807,11.9400933547216
8823,7069,"Valpelline","valpelline",2019-03-01,2019,3,"2019-03","Grand-Combin","Marzo",410,251,6,485,598,129502,69,8,0.3056324758908,840.124769867255,1.03848135739548,41.6723077974759,605,5,6,-1,37,26,11,7,0,7,0,-4,13,618,305,617,2,1,1,"Nord-ovest",2,"Valle d'Aosta/Vallée d'Aoste","Valle d'Aosta/Vallée d'Aoste",0,28.2110091743119,NA,24,68.4210526315789,18.7134502923977,NA,NA,NA,NA,NA,71.3000817661488,13.0825838103025,163.532297628782,490.596892886345,987.735077677841,NA,NA,21217.9017857143,20.7505518763797,1.12372176649062,512.695012264922,1.50746415836167,4.22077922077922,42.7509293680297,54.8327137546468,28.2110091743119,"Spring",153290,160562,5.52942908751142,11.7714593258766
8824,7069,"Valpelline","valpelline",2019-04-01,2019,4,"2019-04","Grand-Combin","Aprile",339,213,6,485,598,97758,69,8,0.950033545884972,856.083116623188,2.4853251412708,50.5603172612771,605,5,6,-1,37,26,11,7,0,7,0,-4,13,618,305,617,2,1,1,"Nord-ovest",2,"Valle d'Aosta/Vallée d'Aoste","Valle d'Aosta/Vallée d'Aoste",0,28.2110091743119,NA,24,68.4210526315789,18.7134502923977,NA,NA,NA,NA,NA,71.3000817661488,13.0825838103025,163.532297628782,490.596892886345,987.735077677841,NA,NA,21217.9017857143,20.7505518763797,1.12372176649062,512.695012264922,1.50746415836167,4.22077922077922,42.7509293680297,54.8327137546468,28.2110091743119,"Spring",129502,102962,5.36597601502185,11.4902605452205
8825,7069,"Valpelline","valpelline",2019-05-01,2019,5,"2019-05","Grand-Combin","Maggio",271,173,6,485,598,75862,69,8,0.879676628676393,852.05701972892,5.39188721215445,36.0214163556754,605,5,6,-1,37,26,11,7,0,7,0,-4,13,618,305,617,2,1,1,"Nord-ovest",2,"Valle d'Aosta/Vallée d'Aoste","Valle d'Aosta/Vallée d'Aoste",0,28.2110091743119,NA,24,68.4210526315789,18.7134502923977,NA,NA,NA,NA,NA,71.3000817661488,13.0825838103025,163.532297628782,490.596892886345,987.735077677841,NA,NA,21217.9017857143,20.7505518763797,1.12372176649062,512.695012264922,1.50746415836167,4.22077922077922,42.7509293680297,54.8327137546468,28.2110091743119,"Spring",97758,67344,5.15905529921453,11.236684360994
8826,7069,"Valpelline","valpelline",2019-06-01,2019,6,"2019-06","Grand-Combin","Giugno",1449,650,6,485,598,53668,69,8,0.856736705592703,857.981917351188,13.0432955873705,49.5000611596944,605,5,6,-1,37,26,11,7,0,7,0,-4,13,618,305,617,2,1,1,"Nord-ovest",2,"Valle d'Aosta/Vallée d'Aoste","Valle d'Aosta/Vallée d'Aoste",0,28.2110091743119,NA,24,68.4210526315789,18.7134502923977,NA,NA,NA,NA,NA,71.3000817661488,13.0825838103025,163.532297628782,490.596892886345,987.735077677841,NA,NA,21217.9017857143,20.7505518763797,1.12372176649062,512.695012264922,1.50746415836167,4.22077922077922,42.7509293680297,54.8327137546468,28.2110091743119,"Summer",75862,56146,6.47850964220857,10.8905908326142
8827,7069,"Valpelline","valpelline",2019-07-01,2019,7,"2019-07","Grand-Combin","Luglio",7394,1569,6,485,598,47220,69,8,1.23140909773887,868.241798130716,15.0639108703014,56.4763817075776,605,5,6,-1,37,26,11,7,0,7,0,-4,13,618,305,617,2,1,1,"Nord-ovest",2,"Valle d'Aosta/Vallée d'Aoste","Valle d'Aosta/Vallée d'Aoste",0,28.2110091743119,NA,24,68.4210526315789,18.7134502923977,NA,NA,NA,NA,NA,71.3000817661488,13.0825838103025,163.532297628782,490.596892886345,987.735077677841,NA,NA,21217.9017857143,20.7505518763797,1.12372176649062,512.695012264922,1.50746415836167,4.22077922077922,42.7509293680297,54.8327137546468,28.2110091743119,"Summer",53668,48982,7.35883089834235,10.7625939878824
8828,7069,"Valpelline","valpelline",2019-08-01,2019,8,"2019-08","Grand-Combin","Agosto",8616,1536,6,485,598,46268,69,8,1.23672843275388,862.860025119612,12.8217736242855,72.0121392695814,605,5,6,-1,37,26,11,7,0,7,0,-4,13,618,305,617,2,1,1,"Nord-ovest",2,"Valle d'Aosta/Vallée d'Aoste","Valle d'Aosta/Vallée d'Aoste",0,28.2110091743119,NA,24,68.4210526315789,18.7134502923977,NA,NA,NA,NA,NA,71.3000817661488,13.0825838103025,163.532297628782,490.596892886345,987.735077677841,NA,NA,21217.9017857143,20.7505518763797,1.12372176649062,512.695012264922,1.50746415836167,4.22077922077922,42.7509293680297,54.8327137546468,28.2110091743119,"Summer",47220,48243,7.3375877435386,10.7422274693917
8829,7069,"Valpelline","valpelline",2019-09-01,2019,9,"2019-09","Grand-Combin","Settembre",842,484,6,485,598,45156,69,8,0.354928134073867,857.350217696003,10.4595679138628,64.9217806545918,605,5,6,-1,37,26,11,7,0,7,0,-4,13,618,305,617,2,1,1,"Nord-ovest",2,"Valle d'Aosta/Vallée d'Aoste","Valle d'Aosta/Vallée d'Aoste",0,28.2110091743119,NA,24,68.4210526315789,18.7134502923977,NA,NA,NA,NA,NA,71.3000817661488,13.0825838103025,163.532297628782,490.596892886345,987.735077677841,NA,NA,21217.9017857143,20.7505518763797,1.12372176649062,512.695012264922,1.50746415836167,4.22077922077922,42.7509293680297,54.8327137546468,28.2110091743119,"Autumn",46268,45080,6.18414889093748,10.7179005855876
8830,7069,"Valpelline","valpelline",2019-10-01,2019,10,"2019-10","Grand-Combin","Ottobre",210,164,6,485,598,72126,69,8,1.84133741419918,844.758525789314,6.77930964567098,75.1778456595907,605,5,6,-1,37,26,11,7,0,7,0,-4,13,618,305,617,2,1,1,"Nord-ovest",2,"Valle d'Aosta/Vallée d'Aoste","Valle d'Aosta/Vallée d'Aoste",0,28.2110091743119,NA,24,68.4210526315789,18.7134502923977,NA,NA,NA,NA,NA,71.3000817661488,13.0825838103025,163.532297628782,490.596892886345,987.735077677841,NA,NA,21217.9017857143,20.7505518763797,1.12372176649062,512.695012264922,1.50746415836167,4.22077922077922,42.7509293680297,54.8327137546468,28.2110091743119,"Autumn",45156,84668,5.10594547390058,11.186183733062
8831,7069,"Valpelline","valpelline",2019-11-01,2019,11,"2019-11","Grand-Combin","Novembre",364,260,6,485,598,122700,69,8,2.00125378590648,833.678207780837,-0.751030703323336,81.7862709064694,605,5,6,-1,37,26,11,7,0,7,0,-4,13,618,305,617,2,1,1,"Nord-ovest",2,"Valle d'Aosta/Vallée d'Aoste","Valle d'Aosta/Vallée d'Aoste",0,28.2110091743119,NA,24,68.4210526315789,18.7134502923977,NA,NA,NA,NA,NA,71.3000817661488,13.0825838103025,163.532297628782,490.596892886345,987.735077677841,NA,NA,21217.9017857143,20.7505518763797,1.12372176649062,512.695012264922,1.50746415836167,4.22077922077922,42.7509293680297,54.8327137546468,28.2110091743119,"Autumn",72126,134323,5.56452040732269,11.717505780625
8832,7069,"Valpelline","valpelline",2019-12-01,2019,12,"2019-12","Grand-Combin","Dicembre",622,264,6,485,598,135517,69,8,1.17612511493744,839.033542613141,-0.7633936013646,64.5803424410132,605,5,6,-1,37,26,11,7,0,7,0,-4,13,618,305,617,2,1,1,"Nord-ovest",2,"Valle d'Aosta/Vallée d'Aoste","Valle d'Aosta/Vallée d'Aoste",0,28.2110091743119,NA,24,68.4210526315789,18.7134502923977,NA,NA,NA,NA,NA,71.3000817661488,13.0825838103025,163.532297628782,490.596892886345,987.735077677841,NA,NA,21217.9017857143,20.7505518763797,1.12372176649062,512.695012264922,1.50746415836167,4.22077922077922,42.7509293680297,54.8327137546468,28.2110091743119,"Winter",122700,169105,5.57972982598622,11.8168597518077
8833,7069,"Valpelline","valpelline",2020-01-01,2020,1,"2020-01","Grand-Combin","Gennaio",753,303,6,485,605,149373,69,8,0.308826059069365,847.280438749414,-2.24675164104142,51.51906071722,618,2,4,-2,14,26,-12,4,3,1,0,-11,-24,594,304,592,2,1,2,"Nord-ovest",2,"Valle d'Aosta/Vallée d'Aoste","Valle d'Aosta/Vallée d'Aoste",0,25.1748251748252,NA,17.3913043478261,64.7798742138365,17.6100628930818,NA,NA,NA,NA,NA,70.7920792079208,13.5313531353135,165.016501650165,330.03300330033,330.03300330033,NA,NA,21680.3923766816,22.075055187638,1.24347177319075,692.163366336634,1.57915816375184,NA,NA,NA,25.1748251748252,"Winter",135517,182502,5.71702770140622,11.9142085070848
8834,7069,"Valpelline","valpelline",2020-02-01,2020,2,"2020-02","Grand-Combin","Febbraio",623,326,6,485,605,140597,69,8,0.803628247004216,843.862182146956,-0.298988528386362,47.8915751017532,618,2,4,-2,14,26,-12,4,3,1,0,-11,-24,594,304,592,2,1,2,"Nord-ovest",2,"Valle d'Aosta/Vallée d'Aoste","Valle d'Aosta/Vallée d'Aoste",0,25.1748251748252,NA,17.3913043478261,64.7798742138365,17.6100628930818,NA,NA,NA,NA,NA,70.7920792079208,13.5313531353135,165.016501650165,330.03300330033,330.03300330033,NA,NA,21680.3923766816,22.075055187638,1.24347177319075,692.163366336634,1.57915816375184,NA,NA,NA,25.1748251748252,"Winter",149373,153290,5.78996017089725,11.8536600335065
8835,7069,"Valpelline","valpelline",2020-03-01,2020,3,"2020-03","Grand-Combin","Marzo",24,18,6,485,605,141908,69,8,0.668622676552312,841.273726910719,-0.508666741849047,55.7987898197848,618,2,4,-2,14,26,-12,4,3,1,0,-11,-24,594,304,592,2,1,2,"Nord-ovest",2,"Valle d'Aosta/Vallée d'Aoste","Valle d'Aosta/Vallée d'Aoste",0,25.1748251748252,NA,17.3913043478261,64.7798742138365,17.6100628930818,NA,NA,NA,NA,NA,70.7920792079208,13.5313531353135,165.016501650165,330.03300330033,330.03300330033,NA,NA,21680.3923766816,22.075055187638,1.24347177319075,692.163366336634,1.57915816375184,NA,NA,NA,25.1748251748252,"Spring",140597,129502,2.94443897916644,11.862941286084
8836,7069,"Valpelline","valpelline",2020-04-01,2020,4,"2020-04","Grand-Combin","Aprile",0,0,6,485,605,83215,69,8,0.848662926145116,844.217246876324,4.72133549405505,49.157329138376,618,2,4,-2,14,26,-12,4,3,1,0,-11,-24,594,304,592,2,1,2,"Nord-ovest",2,"Valle d'Aosta/Vallée d'Aoste","Valle d'Aosta/Vallée d'Aoste",0,25.1748251748252,NA,17.3913043478261,64.7798742138365,17.6100628930818,NA,NA,NA,NA,NA,70.7920792079208,13.5313531353135,165.016501650165,330.03300330033,330.03300330033,NA,NA,21680.3923766816,22.075055187638,1.24347177319075,692.163366336634,1.57915816375184,NA,NA,NA,25.1748251748252,"Spring",141908,97758,0,11.3291949160129
8837,7069,"Valpelline","valpelline",2020-05-01,2020,5,"2020-05","Grand-Combin","Maggio",0,0,6,485,605,56763,69,8,2.01570638934069,850.002438439476,8.49145182984606,63.2484517253991,618,2,4,-2,14,26,-12,4,3,1,0,-11,-24,594,304,592,2,1,2,"Nord-ovest",2,"Valle d'Aosta/Vallée d'Aoste","Valle d'Aosta/Vallée d'Aoste",0,25.1748251748252,NA,17.3913043478261,64.7798742138365,17.6100628930818,NA,NA,NA,NA,NA,70.7920792079208,13.5313531353135,165.016501650165,330.03300330033,330.03300330033,NA,NA,21680.3923766816,22.075055187638,1.24347177319075,692.163366336634,1.57915816375184,NA,NA,NA,25.1748251748252,"Spring",83215,75862,0,10.9466576009544
8838,7069,"Valpelline","valpelline",2020-06-01,2020,6,"2020-06","Grand-Combin","Giugno",122,81,6,485,605,48362,69,8,1.74892720081559,846.667538714928,10.2264830011118,68.4004232174338,618,2,4,-2,14,26,-12,4,3,1,0,-11,-24,594,304,592,2,1,2,"Nord-ovest",2,"Valle d'Aosta/Vallée d'Aoste","Valle d'Aosta/Vallée d'Aoste",0,25.1748251748252,NA,17.3913043478261,64.7798742138365,17.6100628930818,NA,NA,NA,NA,NA,70.7920792079208,13.5313531353135,165.016501650165,330.03300330033,330.03300330033,NA,NA,21680.3923766816,22.075055187638,1.24347177319075,692.163366336634,1.57915816375184,NA,NA,NA,25.1748251748252,"Summer",56763,53668,4.40671924726425,10.7864903375441
8839,7069,"Valpelline","valpelline",2020-07-01,2020,7,"2020-07","Grand-Combin","Luglio",1185,430,6,485,605,51890,69,8,0.453368428911519,862.971793085675,13.9989884219028,59.5748424509754,618,2,4,-2,14,26,-12,4,3,1,0,-11,-24,594,304,592,2,1,2,"Nord-ovest",2,"Valle d'Aosta/Vallée d'Aoste","Valle d'Aosta/Vallée d'Aoste",0,25.1748251748252,NA,17.3913043478261,64.7798742138365,17.6100628930818,NA,NA,NA,NA,NA,70.7920792079208,13.5313531353135,165.016501650165,330.03300330033,330.03300330033,NA,NA,21680.3923766816,22.075055187638,1.24347177319075,692.163366336634,1.57915816375184,NA,NA,NA,25.1748251748252,"Summer",48362,47220,6.06610809010375,10.856900643712
8840,7069,"Valpelline","valpelline",2020-08-01,2020,8,"2020-08","Grand-Combin","Agosto",1919,420,6,485,605,52231,69,8,1.3896349150808,858.733344024211,13.7914631712644,61.6537984898551,618,2,4,-2,14,26,-12,4,3,1,0,-11,-24,594,304,592,2,1,2,"Nord-ovest",2,"Valle d'Aosta/Vallée d'Aoste","Valle d'Aosta/Vallée d'Aoste",0,25.1748251748252,NA,17.3913043478261,64.7798742138365,17.6100628930818,NA,NA,NA,NA,NA,70.7920792079208,13.5313531353135,165.016501650165,330.03300330033,330.03300330033,NA,NA,21680.3923766816,22.075055187638,1.24347177319075,692.163366336634,1.57915816375184,NA,NA,NA,25.1748251748252,"Summer",51890,46268,6.04263283368238,10.8634506128665
8841,7069,"Valpelline","valpelline",2020-09-01,2020,9,"2020-09","Grand-Combin","Settembre",626,312,6,485,605,34847,69,8,0.77500020874078,848.533702323014,9.93817028859661,70.1713711712976,618,2,4,-2,14,26,-12,4,3,1,0,-11,-24,594,304,592,2,1,2,"Nord-ovest",2,"Valle d'Aosta/Vallée d'Aoste","Valle d'Aosta/Vallée d'Aoste",0,25.1748251748252,NA,17.3913043478261,64.7798742138365,17.6100628930818,NA,NA,NA,NA,NA,70.7920792079208,13.5313531353135,165.016501650165,330.03300330033,330.03300330033,NA,NA,21680.3923766816,22.075055187638,1.24347177319075,692.163366336634,1.57915816375184,NA,NA,NA,25.1748251748252,"Autumn",52231,45156,5.74620319054015,10.4587510257327
8842,7069,"Valpelline","valpelline",2020-10-01,2020,10,"2020-10","Grand-Combin","Ottobre",71,45,6,485,605,108143,69,8,1.51098004643572,844.200615072447,4.75663291405868,68.0630775060796,618,2,4,-2,14,26,-12,4,3,1,0,-11,-24,594,304,592,2,1,2,"Nord-ovest",2,"Valle d'Aosta/Vallée d'Aoste","Valle d'Aosta/Vallée d'Aoste",0,25.1748251748252,NA,17.3913043478261,64.7798742138365,17.6100628930818,NA,NA,NA,NA,NA,70.7920792079208,13.5313531353135,165.016501650165,330.03300330033,330.03300330033,NA,NA,21680.3923766816,22.075055187638,1.24347177319075,692.163366336634,1.57915816375184,NA,NA,NA,25.1748251748252,"Autumn",34847,72126,3.8286413964891,11.5912189513401
8843,7069,"Valpelline","valpelline",2020-11-01,2020,11,"2020-11","Grand-Combin","Novembre",0,0,6,485,605,118345,69,8,0.103443172272836,852.101447902553,2.71858012756969,62.5775531583377,618,2,4,-2,14,26,-12,4,3,1,0,-11,-24,594,304,592,2,1,2,"Nord-ovest",2,"Valle d'Aosta/Vallée d'Aoste","Valle d'Aosta/Vallée d'Aoste",0,25.1748251748252,NA,17.3913043478261,64.7798742138365,17.6100628930818,NA,NA,NA,NA,NA,70.7920792079208,13.5313531353135,165.016501650165,330.03300330033,330.03300330033,NA,NA,21680.3923766816,22.075055187638,1.24347177319075,692.163366336634,1.57915816375184,NA,NA,NA,25.1748251748252,"Autumn",108143,122700,0,11.6813678163144
8844,7069,"Valpelline","valpelline",2020-12-01,2020,12,"2020-12","Grand-Combin","Dicembre",0,0,6,485,605,140354,69,8,0.564451286414067,833.54298834905,-3.26888304182212,71.0440644703086,618,2,4,-2,14,26,-12,4,3,1,0,-11,-24,594,304,592,2,1,2,"Nord-ovest",2,"Valle d'Aosta/Vallée d'Aoste","Valle d'Aosta/Vallée d'Aoste",0,25.1748251748252,NA,17.3913043478261,64.7798742138365,17.6100628930818,NA,NA,NA,NA,NA,70.7920792079208,13.5313531353135,165.016501650165,330.03300330033,330.03300330033,NA,NA,21680.3923766816,22.075055187638,1.24347177319075,692.163366336634,1.57915816375184,NA,NA,NA,25.1748251748252,"Winter",118345,135517,0,11.8519302063781
8845,7069,"Valpelline","valpelline",2021-01-01,2021,1,"2021-01","Grand-Combin","Gennaio",0,0,6,485,618,155230,69,8,0.947211233749923,835.91611014783,-4.59110890040736,62.898407542671,594,4,7,-3,18,19,-1,4,3,1,0,0,-3,591,302,590,2,1,1,"Nord-ovest",2,"Valle d'Aosta/Vallée d'Aoste","Valle d'Aosta/Vallée d'Aoste",0,24.1379310344828,NA,18.1818181818182,69.0789473684211,23.0263157894737,NA,NA,NA,NA,NA,73.4177215189873,13.8396624472574,168.776371308017,168.776371308017,843.881856540084,NA,NA,21801.2253829322,19.5698924731183,1.17137167623287,612.578902953587,1.57915816375184,5.93285627943984,43.1146367199179,53.5104364326376,24.1379310344828,"Winter",140354,149373,0,11.9526696090535
8846,7069,"Valpelline","valpelline",2021-02-01,2021,2,"2021-02","Grand-Combin","Febbraio",0,0,6,485,618,131002,69,8,0.381387161082195,793.181188216163,-0.908089625942259,62.8979211497578,594,4,7,-3,18,19,-1,4,3,1,0,0,-3,591,302,590,2,1,1,"Nord-ovest",2,"Valle d'Aosta/Vallée d'Aoste","Valle d'Aosta/Vallée d'Aoste",0,24.1379310344828,NA,18.1818181818182,69.0789473684211,23.0263157894737,NA,NA,NA,NA,NA,73.4177215189873,13.8396624472574,168.776371308017,168.776371308017,843.881856540084,NA,NA,21801.2253829322,19.5698924731183,1.17137167623287,612.578902953587,1.57915816375184,5.93285627943984,43.1146367199179,53.5104364326376,24.1379310344828,"Winter",155230,140597,0,11.7829755026844
8847,7069,"Valpelline","valpelline",2021-03-01,2021,3,"2021-03","Grand-Combin","Marzo",0,0,6,485,618,77980,69,8,0.210619611585759,815.468276970923,0.11924396894851,44.4917826183284,594,4,7,-3,18,19,-1,4,3,1,0,0,-3,591,302,590,2,1,1,"Nord-ovest",2,"Valle d'Aosta/Vallée d'Aoste","Valle d'Aosta/Vallée d'Aoste",0,24.1379310344828,NA,18.1818181818182,69.0789473684211,23.0263157894737,NA,NA,NA,NA,NA,73.4177215189873,13.8396624472574,168.776371308017,168.776371308017,843.881856540084,NA,NA,21801.2253829322,19.5698924731183,1.17137167623287,612.578902953587,1.57915816375184,5.93285627943984,43.1146367199179,53.5104364326376,24.1379310344828,"Spring",131002,141908,0,11.2642204862553
8848,7069,"Valpelline","valpelline",2021-04-01,2021,4,"2021-04","Grand-Combin","Aprile",0,0,6,485,618,62897,69,8,1.06378372160866,845.308191817194,1.04210527151142,50.0285251457731,594,4,7,-3,18,19,-1,4,3,1,0,0,-3,591,302,590,2,1,1,"Nord-ovest",2,"Valle d'Aosta/Vallée d'Aoste","Valle d'Aosta/Vallée d'Aoste",0,24.1379310344828,NA,18.1818181818182,69.0789473684211,23.0263157894737,NA,NA,NA,NA,NA,73.4177215189873,13.8396624472574,168.776371308017,168.776371308017,843.881856540084,NA,NA,21801.2253829322,19.5698924731183,1.17137167623287,612.578902953587,1.57915816375184,5.93285627943984,43.1146367199179,53.5104364326376,24.1379310344828,"Spring",77980,83215,0,11.0492696456806
8849,7069,"Valpelline","valpelline",2021-05-01,2021,5,"2021-05","Grand-Combin","Maggio",0,0,6,485,618,48761,69,8,1.77629622679925,860.300174628429,4.58952301600473,31.62535224487,594,4,7,-3,18,19,-1,4,3,1,0,0,-3,591,302,590,2,1,1,"Nord-ovest",2,"Valle d'Aosta/Vallée d'Aoste","Valle d'Aosta/Vallée d'Aoste",0,24.1379310344828,NA,18.1818181818182,69.0789473684211,23.0263157894737,NA,NA,NA,NA,NA,73.4177215189873,13.8396624472574,168.776371308017,168.776371308017,843.881856540084,NA,NA,21801.2253829322,19.5698924731183,1.17137167623287,612.578902953587,1.57915816375184,5.93285627943984,43.1146367199179,53.5104364326376,24.1379310344828,"Spring",62897,56763,0,10.7947065999813
8850,7069,"Valpelline","valpelline",2021-06-01,2021,6,"2021-06","Grand-Combin","Giugno",413,183,6,485,618,35295,69,8,1.51782945054185,859.889366627437,11.6718323810819,65.5607515076363,594,4,7,-3,18,19,-1,4,3,1,0,0,-3,591,302,590,2,1,1,"Nord-ovest",2,"Valle d'Aosta/Vallée d'Aoste","Valle d'Aosta/Vallée d'Aoste",0,24.1379310344828,NA,18.1818181818182,69.0789473684211,23.0263157894737,NA,NA,NA,NA,NA,73.4177215189873,13.8396624472574,168.776371308017,168.776371308017,843.881856540084,NA,NA,21801.2253829322,19.5698924731183,1.17137167623287,612.578902953587,1.57915816375184,5.93285627943984,43.1146367199179,53.5104364326376,24.1379310344828,"Summer",48761,48362,5.21493575760899,10.4715249220532
8851,7069,"Valpelline","valpelline",2021-07-01,2021,7,"2021-07","Grand-Combin","Luglio",6258,1298,6,485,618,34971,69,8,1.72590902843325,855.003701069741,12.2131476251791,62.0444825082518,594,4,7,-3,18,19,-1,4,3,1,0,0,-3,591,302,590,2,1,1,"Nord-ovest",2,"Valle d'Aosta/Vallée d'Aoste","Valle d'Aosta/Vallée d'Aoste",0,24.1379310344828,NA,18.1818181818182,69.0789473684211,23.0263157894737,NA,NA,NA,NA,NA,73.4177215189873,13.8396624472574,168.776371308017,168.776371308017,843.881856540084,NA,NA,21801.2253829322,19.5698924731183,1.17137167623287,612.578902953587,1.57915816375184,5.93285627943984,43.1146367199179,53.5104364326376,24.1379310344828,"Summer",35295,51890,7.1693500166706,10.4623030203008
8852,7069,"Valpelline","valpelline",2021-08-01,2021,8,"2021-08","Grand-Combin","Agosto",4215,378,6,485,618,35152,69,8,0.540071180970925,859.57558514589,12.6889267323543,43.9664538887219,594,4,7,-3,18,19,-1,4,3,1,0,0,-3,591,302,590,2,1,1,"Nord-ovest",2,"Valle d'Aosta/Vallée d'Aoste","Valle d'Aosta/Vallée d'Aoste",0,24.1379310344828,NA,18.1818181818182,69.0789473684211,23.0263157894737,NA,NA,NA,NA,NA,73.4177215189873,13.8396624472574,168.776371308017,168.776371308017,843.881856540084,NA,NA,21801.2253829322,19.5698924731183,1.17137167623287,612.578902953587,1.57915816375184,5.93285627943984,43.1146367199179,53.5104364326376,24.1379310344828,"Summer",34971,52231,5.93753620508243,10.4674652421032
8853,7069,"Valpelline","valpelline",2021-09-01,2021,9,"2021-09","Grand-Combin","Settembre",637,323,6,485,618,35515,69,8,1.24217004571112,858.030077845555,10.7109883368092,73.9301734358455,594,4,7,-3,18,19,-1,4,3,1,0,0,-3,591,302,590,2,1,1,"Nord-ovest",2,"Valle d'Aosta/Vallée d'Aoste","Valle d'Aosta/Vallée d'Aoste",0,24.1379310344828,NA,18.1818181818182,69.0789473684211,23.0263157894737,NA,NA,NA,NA,NA,73.4177215189873,13.8396624472574,168.776371308017,168.776371308017,843.881856540084,NA,NA,21801.2253829322,19.5698924731183,1.17137167623287,612.578902953587,1.57915816375184,5.93285627943984,43.1146367199179,53.5104364326376,24.1379310344828,"Autumn",35152,34847,5.78074351579233,10.4777385781522
8854,7069,"Valpelline","valpelline",2021-10-01,2021,10,"2021-10","Grand-Combin","Ottobre",351,259,6,485,618,80328,69,8,1.06379005818484,851.570134521695,5.43331771681253,63.5509886745261,594,4,7,-3,18,19,-1,4,3,1,0,0,-3,591,302,590,2,1,1,"Nord-ovest",2,"Valle d'Aosta/Vallée d'Aoste","Valle d'Aosta/Vallée d'Aoste",0,24.1379310344828,NA,18.1818181818182,69.0789473684211,23.0263157894737,NA,NA,NA,NA,NA,73.4177215189873,13.8396624472574,168.776371308017,168.776371308017,843.881856540084,NA,NA,21801.2253829322,19.5698924731183,1.17137167623287,612.578902953587,1.57915816375184,5.93285627943984,43.1146367199179,53.5104364326376,24.1379310344828,"Autumn",35515,108143,5.56068163101553,11.2938859804411
8855,7069,"Valpelline","valpelline",2021-11-01,2021,11,"2021-11","Grand-Combin","Novembre",286,237,6,485,618,131693,69,8,0.500140559499928,838.60361822807,1.03018632012044,65.2985683063443,594,4,7,-3,18,19,-1,4,3,1,0,0,-3,591,302,590,2,1,1,"Nord-ovest",2,"Valle d'Aosta/Vallée d'Aoste","Valle d'Aosta/Vallée d'Aoste",0,24.1379310344828,NA,18.1818181818182,69.0789473684211,23.0263157894737,NA,NA,NA,NA,NA,73.4177215189873,13.8396624472574,168.776371308017,168.776371308017,843.881856540084,NA,NA,21801.2253829322,19.5698924731183,1.17137167623287,612.578902953587,1.57915816375184,5.93285627943984,43.1146367199179,53.5104364326376,24.1379310344828,"Autumn",80328,118345,5.47227067367148,11.788236328607
8856,7069,"Valpelline","valpelline",2021-12-01,2021,12,"2021-12","Grand-Combin","Dicembre",486,281,6,485,618,146258,69,8,0.907259622787946,838.049778209201,-0.526366527649529,54.2599502623035,594,4,7,-3,18,19,-1,4,3,1,0,0,-3,591,302,590,2,1,1,"Nord-ovest",2,"Valle d'Aosta/Vallée d'Aoste","Valle d'Aosta/Vallée d'Aoste",0,24.1379310344828,NA,18.1818181818182,69.0789473684211,23.0263157894737,NA,NA,NA,NA,NA,73.4177215189873,13.8396624472574,168.776371308017,168.776371308017,843.881856540084,NA,NA,21801.2253829322,19.5698924731183,1.17137167623287,612.578902953587,1.57915816375184,5.93285627943984,43.1146367199179,53.5104364326376,24.1379310344828,"Winter",131693,140354,5.64190707093811,11.8931343016622
8857,7069,"Valpelline","valpelline",2022-01-01,2022,1,"2022-01","Grand-Combin","Gennaio",538,192,6,485,594,147521,69,8,0.209407656926659,847.917447061724,0.0350742920980304,38.6459895130209,591,5,5,0,25,27,-2,7,0,7,0,-1,4,595,302,593,2,1,2,"Nord-ovest",2,"Valle d'Aosta/Vallée d'Aoste","Valle d'Aosta/Vallée d'Aoste",0,20.7943925233645,NA,26.0869565217391,70.5128205128205,26.9230769230769,NA,NA,NA,NA,NA,72.1753794266442,14.3338954468803,168.634064080944,168.634064080944,674.536256323777,NA,NA,23107.0107296137,19.017094017094,NA,NA,1.58,4.84521374429719,46.1578354589917,51.2333965844402,20.7943925233645,"Winter",146258,155230,5.26269018890489,11.9017325961822
8858,7069,"Valpelline","valpelline",2022-02-01,2022,2,"2022-02","Grand-Combin","Febbraio",325,248,6,485,594,133314,69,8,0.164807017131809,855.442336809705,-0.13218550324545,43.3754744102344,591,5,5,0,25,27,-2,7,0,7,0,-1,4,595,302,593,2,1,2,"Nord-ovest",2,"Valle d'Aosta/Vallée d'Aoste","Valle d'Aosta/Vallée d'Aoste",0,20.7943925233645,NA,26.0869565217391,70.5128205128205,26.9230769230769,NA,NA,NA,NA,NA,72.1753794266442,14.3338954468803,168.634064080944,168.634064080944,674.536256323777,NA,NA,23107.0107296137,19.017094017094,NA,NA,1.58,4.84521374429719,46.1578354589917,51.2333965844402,20.7943925233645,"Winter",147521,131002,5.51745289646471,11.800470027968
8859,7069,"Valpelline","valpelline",2022-03-01,2022,3,"2022-03","Grand-Combin","Marzo",250,168,6,485,594,123810,69,8,0.474342273850689,852.851813263089,-0.622418942199226,53.2121711694585,591,5,5,0,25,27,-2,7,0,7,0,-1,4,595,302,593,2,1,2,"Nord-ovest",2,"Valle d'Aosta/Vallée d'Aoste","Valle d'Aosta/Vallée d'Aoste",0,20.7943925233645,NA,26.0869565217391,70.5128205128205,26.9230769230769,NA,NA,NA,NA,NA,72.1753794266442,14.3338954468803,168.634064080944,168.634064080944,674.536256323777,NA,NA,23107.0107296137,19.017094017094,NA,NA,1.58,4.84521374429719,46.1578354589917,51.2333965844402,20.7943925233645,"Spring",133314,77980,5.12989871492307,11.7265114882741
8860,7069,"Valpelline","valpelline",2022-04-01,2022,4,"2022-04","Grand-Combin","Aprile",325,227,6,485,594,76611,69,8,0.761906717588836,839.34955665398,3.18916288158408,43.0124518127713,591,5,5,0,25,27,-2,7,0,7,0,-1,4,595,302,593,2,1,2,"Nord-ovest",2,"Valle d'Aosta/Vallée d'Aoste","Valle d'Aosta/Vallée d'Aoste",0,20.7943925233645,NA,26.0869565217391,70.5128205128205,26.9230769230769,NA,NA,NA,NA,NA,72.1753794266442,14.3338954468803,168.634064080944,168.634064080944,674.536256323777,NA,NA,23107.0107296137,19.017094017094,NA,NA,1.58,4.84521374429719,46.1578354589917,51.2333965844402,20.7943925233645,"Spring",123810,62897,5.42934562895444,11.2465090014226
8861,7069,"Valpelline","valpelline",2022-05-01,2022,5,"2022-05","Grand-Combin","Maggio",239,165,6,485,594,45415,69,8,1.14316685720559,848.263345797555,9.59626543783215,65.9561972631119,591,5,5,0,25,27,-2,7,0,7,0,-1,4,595,302,593,2,1,2,"Nord-ovest",2,"Valle d'Aosta/Vallée d'Aoste","Valle d'Aosta/Vallée d'Aoste",0,20.7943925233645,NA,26.0869565217391,70.5128205128205,26.9230769230769,NA,NA,NA,NA,NA,72.1753794266442,14.3338954468803,168.634064080944,168.634064080944,674.536256323777,NA,NA,23107.0107296137,19.017094017094,NA,NA,1.58,4.84521374429719,46.1578354589917,51.2333965844402,20.7943925233645,"Spring",76611,48761,5.11198778835654,10.7236197448506
8862,7069,"Valpelline","valpelline",2022-06-01,2022,6,"2022-06","Grand-Combin","Giugno",960,455,6,485,594,37423,69,8,1.41411862578736,850.50878129237,13.0693545759774,61.3736854391624,591,5,5,0,25,27,-2,7,0,7,0,-1,4,595,302,593,2,1,2,"Nord-ovest",2,"Valle d'Aosta/Vallée d'Aoste","Valle d'Aosta/Vallée d'Aoste",0,20.7943925233645,NA,26.0869565217391,70.5128205128205,26.9230769230769,NA,NA,NA,NA,NA,72.1753794266442,14.3338954468803,168.634064080944,168.634064080944,674.536256323777,NA,NA,23107.0107296137,19.017094017094,NA,NA,1.58,4.84521374429719,46.1578354589917,51.2333965844402,20.7943925233645,"Summer",45415,35295,6.12249280951439,10.530067488824
8863,7069,"Valpelline","valpelline",2022-07-01,2022,7,"2022-07","Grand-Combin","Luglio",8367,1829,6,485,594,37211,69,8,0.509428840201154,857.178673942889,16.3531109840499,53.0261955430299,591,5,5,0,25,27,-2,7,0,7,0,-1,4,595,302,593,2,1,2,"Nord-ovest",2,"Valle d'Aosta/Vallée d'Aoste","Valle d'Aosta/Vallée d'Aoste",0,20.7943925233645,NA,26.0869565217391,70.5128205128205,26.9230769230769,NA,NA,NA,NA,NA,72.1753794266442,14.3338954468803,168.634064080944,168.634064080944,674.536256323777,NA,NA,23107.0107296137,19.017094017094,NA,NA,1.58,4.84521374429719,46.1578354589917,51.2333965844402,20.7943925233645,"Summer",37423,34971,7.51207124583547,10.5243865688884
8864,7069,"Valpelline","valpelline",2022-08-01,2022,8,"2022-08","Grand-Combin","Agosto",9913,1783,6,485,594,32508,69,8,0.681609688748014,857.161421960387,14.4432438918325,61.8772906095992,591,5,5,0,25,27,-2,7,0,7,0,-1,4,595,302,593,2,1,2,"Nord-ovest",2,"Valle d'Aosta/Vallée d'Aoste","Valle d'Aosta/Vallée d'Aoste",0,20.7943925233645,NA,26.0869565217391,70.5128205128205,26.9230769230769,NA,NA,NA,NA,NA,72.1753794266442,14.3338954468803,168.634064080944,168.634064080944,674.536256323777,NA,NA,23107.0107296137,19.017094017094,NA,NA,1.58,4.84521374429719,46.1578354589917,51.2333965844402,20.7943925233645,"Summer",37211,35152,7.48661331313996,10.3892722530586
8865,7069,"Valpelline","valpelline",2022-09-01,2022,9,"2022-09","Grand-Combin","Settembre",1019,515,6,485,594,36651,69,8,0.88993275273149,845.247396866686,8.91478336998675,62.1831269943682,591,5,5,0,25,27,-2,7,0,7,0,-1,4,595,302,593,2,1,2,"Nord-ovest",2,"Valle d'Aosta/Vallée d'Aoste","Valle d'Aosta/Vallée d'Aoste",0,20.7943925233645,NA,26.0869565217391,70.5128205128205,26.9230769230769,NA,NA,NA,NA,NA,72.1753794266442,14.3338954468803,168.634064080944,168.634064080944,674.536256323777,NA,NA,23107.0107296137,19.017094017094,NA,NA,1.58,4.84521374429719,46.1578354589917,51.2333965844402,20.7943925233645,"Autumn",32508,35515,6.24610676548156,10.5092232760851
8866,7069,"Valpelline","valpelline",2022-10-01,2022,10,"2022-10","Grand-Combin","Ottobre",333,231,6,485,594,69801,69,8,0.59659804001402,848.931888271445,8.49484840704377,72.1905320880698,591,5,5,0,25,27,-2,7,0,7,0,-1,4,595,302,593,2,1,2,"Nord-ovest",2,"Valle d'Aosta/Vallée d'Aoste","Valle d'Aosta/Vallée d'Aoste",0,20.7943925233645,NA,26.0869565217391,70.5128205128205,26.9230769230769,NA,NA,NA,NA,NA,72.1753794266442,14.3338954468803,168.634064080944,168.634064080944,674.536256323777,NA,NA,23107.0107296137,19.017094017094,NA,NA,1.58,4.84521374429719,46.1578354589917,51.2333965844402,20.7943925233645,"Autumn",36651,80328,5.44673737166631,11.1534179416351
8867,7069,"Valpelline","valpelline",2022-11-01,2022,11,"2022-11","Grand-Combin","Novembre",276,228,6,485,594,140622,69,8,1.33538535312163,841.19398934495,1.72245405724822,62.6220671239118,591,5,5,0,25,27,-2,7,0,7,0,-1,4,595,302,593,2,1,2,"Nord-ovest",2,"Valle d'Aosta/Vallée d'Aoste","Valle d'Aosta/Vallée d'Aoste",0,20.7943925233645,NA,26.0869565217391,70.5128205128205,26.9230769230769,NA,NA,NA,NA,NA,72.1753794266442,14.3338954468803,168.634064080944,168.634064080944,674.536256323777,NA,NA,23107.0107296137,19.017094017094,NA,NA,1.58,4.84521374429719,46.1578354589917,51.2333965844402,20.7943925233645,"Autumn",69801,131693,5.43372200355424,11.8538378296175
8868,7069,"Valpelline","valpelline",2022-12-01,2022,12,"2022-12","Grand-Combin","Dicembre",663,309,6,485,594,155585,69,8,1.03297078255159,843.38620994053,-2.01930998403664,70.3517333169704,591,5,5,0,25,27,-2,7,0,7,0,-1,4,595,302,593,2,1,2,"Nord-ovest",2,"Valle d'Aosta/Vallée d'Aoste","Valle d'Aosta/Vallée d'Aoste",0,20.7943925233645,NA,26.0869565217391,70.5128205128205,26.9230769230769,NA,NA,NA,NA,NA,72.1753794266442,14.3338954468803,168.634064080944,168.634064080944,674.536256323777,NA,NA,23107.0107296137,19.017094017094,NA,NA,1.58,4.84521374429719,46.1578354589917,51.2333965844402,20.7943925233645,"Winter",140622,146258,5.73657229747919,11.9549539123854
8869,7069,"Valpelline","valpelline",2023-01-01,2023,1,"2023-01","Grand-Combin","Gennaio",469,216,6,485,591,158513,69,8,0.485158503521526,842.38917344571,-2.95931685550331,55.4203223603919,595,3,10,-7,39,32,7,2,6,-4,0,-3,-7,588,302,586,1.9,1,2,NA,NA,NA,NA,NA,NA,NA,NA,NA,NA,NA,NA,NA,NA,NA,NA,NA,NA,NA,NA,NA,NA,NA,NA,NA,NA,NA,NA,NA,NA,NA,"Winter",155585,147521,5.37989735354046,11.9735981964745
8870,7069,"Valpelline","valpelline",2023-02-01,2023,2,"2023-02","Grand-Combin","Febbraio",465,284,6,485,591,144411,69,8,0.105700612676346,848.173202564261,-0.053691303595988,47.8275697402756,595,3,10,-7,39,32,7,2,6,-4,0,-3,-7,588,302,586,1.9,1,2,NA,NA,NA,NA,NA,NA,NA,NA,NA,NA,NA,NA,NA,NA,NA,NA,NA,NA,NA,NA,NA,NA,NA,NA,NA,NA,NA,NA,NA,NA,NA,"Winter",158513,133314,5.65248918026865,11.8804256044811
8871,7069,"Valpelline","valpelline",2023-03-01,2023,3,"2023-03","Grand-Combin","Marzo",232,184,6,485,591,152158,69,8,1.62204049849661,842.52678939895,0.83939244723732,50.5946041959621,595,3,10,-7,39,32,7,2,6,-4,0,-3,-7,588,302,586,1.9,1,2,NA,NA,NA,NA,NA,NA,NA,NA,NA,NA,NA,NA,NA,NA,NA,NA,NA,NA,NA,NA,NA,NA,NA,NA,NA,NA,NA,NA,NA,NA,NA,"Spring",144411,123810,5.22035582507832,11.9326813057282
8872,7069,"Valpelline","valpelline",2023-04-01,2023,4,"2023-04","Grand-Combin","Aprile",425,295,6,485,591,122697,69,8,1.46152190894175,842.976810615318,2.83408987085196,45.3063063658171,595,3,10,-7,39,32,7,2,6,-4,0,-3,-7,588,302,586,1.9,1,2,NA,NA,NA,NA,NA,NA,NA,NA,NA,NA,NA,NA,NA,NA,NA,NA,NA,NA,NA,NA,NA,NA,NA,NA,NA,NA,NA,NA,NA,NA,NA,"Spring",152158,76611,5.69035945432406,11.7174813306477
8873,7069,"Valpelline","valpelline",2023-05-01,2023,5,"2023-05","Grand-Combin","Maggio",286,185,6,485,591,45849,69,8,2.11452841315561,855.398778624864,7.46235089881778,63.7387564424497,595,3,10,-7,39,32,7,2,6,-4,0,-3,-7,588,302,586,1.9,1,2,NA,NA,NA,NA,NA,NA,NA,NA,NA,NA,NA,NA,NA,NA,NA,NA,NA,NA,NA,NA,NA,NA,NA,NA,NA,NA,NA,NA,NA,NA,NA,"Spring",122697,45415,5.2257466737132,10.7331304776846
8874,7069,"Valpelline","valpelline",2023-06-01,2023,6,"2023-06","Grand-Combin","Giugno",1213,555,6,485,591,39636,69,8,1.21525686120614,859.541819993756,12.2485636780882,58.6714876213403,595,3,10,-7,39,32,7,2,6,-4,0,-3,-7,588,302,586,1.9,1,2,NA,NA,NA,NA,NA,NA,NA,NA,NA,NA,NA,NA,NA,NA,NA,NA,NA,NA,NA,NA,NA,NA,NA,NA,NA,NA,NA,NA,NA,NA,NA,"Summer",45849,37423,6.32076829425058,10.5875183044498
8875,7069,"Valpelline","valpelline",2023-07-01,2023,7,"2023-07","Grand-Combin","Luglio",8308,1895,6,485,591,36167,69,8,0.985552993603451,853.854139288872,15.1216149223927,54.9320314704411,595,3,10,-7,39,32,7,2,6,-4,0,-3,-7,588,302,586,1.9,1,2,NA,NA,NA,NA,NA,NA,NA,NA,NA,NA,NA,NA,NA,NA,NA,NA,NA,NA,NA,NA,NA,NA,NA,NA,NA,NA,NA,NA,NA,NA,NA,"Summer",39636,37211,7.54750168281497,10.4959300289744
8876,7069,"Valpelline","valpelline",2023-08-01,2023,8,"2023-08","Grand-Combin","Agosto",9953,1570,6,485,591,36358,69,8,1.77234993434871,864.207853173486,14.5225386172612,56.5637534636554,595,3,10,-7,39,32,7,2,6,-4,0,-3,-7,588,302,586,1.9,1,2,NA,NA,NA,NA,NA,NA,NA,NA,NA,NA,NA,NA,NA,NA,NA,NA,NA,NA,NA,NA,NA,NA,NA,NA,NA,NA,NA,NA,NA,NA,NA,"Summer",36167,32508,7.35946763825562,10.5011970451629
8877,7069,"Valpelline","valpelline",2023-09-01,2023,9,"2023-09","Grand-Combin","Settembre",886,315,6,485,591,32473,69,8,1.17064686568949,838.248349347785,11.624771500256,60.6531360052941,595,3,10,-7,39,32,7,2,6,-4,0,-3,-7,588,302,586,1.9,1,2,NA,NA,NA,NA,NA,NA,NA,NA,NA,NA,NA,NA,NA,NA,NA,NA,NA,NA,NA,NA,NA,NA,NA,NA,NA,NA,NA,NA,NA,NA,NA,"Autumn",36358,36651,5.75574221358691,10.3881950481471
8878,7069,"Valpelline","valpelline",2023-10-01,2023,10,"2023-10","Grand-Combin","Ottobre",257,199,6,485,591,77581,69,8,1.65847850588717,843.8839682897,7.82480219928818,56.9893842027567,595,3,10,-7,39,32,7,2,6,-4,0,-3,-7,588,302,586,1.9,1,2,NA,NA,NA,NA,NA,NA,NA,NA,NA,NA,NA,NA,NA,NA,NA,NA,NA,NA,NA,NA,NA,NA,NA,NA,NA,NA,NA,NA,NA,NA,NA,"Autumn",32473,69801,5.29831736654804,11.2590907205018
8879,7069,"Valpelline","valpelline",2023-11-01,2023,11,"2023-11","Grand-Combin","Novembre",146,112,6,485,591,133521,69,8,1.87468425896855,838.694445801873,0.600686566855308,44.5949266244791,595,3,10,-7,39,32,7,2,6,-4,0,-3,-7,588,302,586,1.9,1,2,NA,NA,NA,NA,NA,NA,NA,NA,NA,NA,NA,NA,NA,NA,NA,NA,NA,NA,NA,NA,NA,NA,NA,NA,NA,NA,NA,NA,NA,NA,NA,"Autumn",77581,140622,4.72738781871234,11.8020215372529
8880,7069,"Valpelline","valpelline",2023-12-01,2023,12,"2023-12","Grand-Combin","Dicembre",667,292,6,485,591,146169,69,8,1.79605334216675,843.692386792708,-0.173041819563675,48.6230167118505,595,3,10,-7,39,32,7,2,6,-4,0,-3,-7,588,302,586,1.9,1,2,NA,NA,NA,NA,NA,NA,NA,NA,NA,NA,NA,NA,NA,NA,NA,NA,NA,NA,NA,NA,NA,NA,NA,NA,NA,NA,NA,NA,NA,NA,NA,"Winter",133521,155585,5.68017260901707,11.8925256068833
8881,7069,"Valpelline","valpelline",2024-01-01,2024,1,"2024-01","Grand-Combin","Gennaio",400,147,5,483,595,154875,69,8,0.774503430240459,841.94225030917,-0.401113146637638,54.405613744362,588,4,9,-5,30,19,11,3,1,2,0,-4,4,592,306,589,1.9,1,3,NA,NA,NA,NA,NA,NA,NA,NA,NA,NA,NA,NA,NA,NA,NA,NA,NA,NA,NA,NA,NA,NA,NA,NA,NA,NA,NA,NA,NA,NA,NA,"Winter",146169,158513,4.99721227376411,11.9503800757306
8882,7069,"Valpelline","valpelline",2024-02-01,2024,2,"2024-02","Grand-Combin","Febbraio",500,264,5,483,595,139976,69,8,1.25401053516103,839.972476951684,1.62137605940431,58.4817520749073,588,4,9,-5,30,19,11,3,1,2,0,-4,4,592,306,589,1.9,1,3,NA,NA,NA,NA,NA,NA,NA,NA,NA,NA,NA,NA,NA,NA,NA,NA,NA,NA,NA,NA,NA,NA,NA,NA,NA,NA,NA,NA,NA,NA,NA,"Winter",154875,144411,5.57972982598622,11.8492334023808
8883,7069,"Valpelline","valpelline",2024-03-01,2024,3,"2024-03","Grand-Combin","Marzo",376,213,5,483,595,136978,69,8,2.29085033404299,838.307381185084,0.899832731442509,67.1455451319982,588,4,9,-5,30,19,11,3,1,2,0,-4,4,592,306,589,1.9,1,3,NA,NA,NA,NA,NA,NA,NA,NA,NA,NA,NA,NA,NA,NA,NA,NA,NA,NA,NA,NA,NA,NA,NA,NA,NA,NA,NA,NA,NA,NA,NA,"Spring",139976,152158,5.36597601502185,11.8275829083894
8884,7069,"Valpelline","valpelline",2024-04-01,2024,4,"2024-04","Grand-Combin","Aprile",160,97,5,483,595,106812,69,8,1.10893791781681,849.85191120962,3.1353862356704,51.7799243687607,588,4,9,-5,30,19,11,3,1,2,0,-4,4,592,306,589,1.9,1,3,NA,NA,NA,NA,NA,NA,NA,NA,NA,NA,NA,NA,NA,NA,NA,NA,NA,NA,NA,NA,NA,NA,NA,NA,NA,NA,NA,NA,NA,NA,NA,"Spring",136978,122697,4.58496747867057,11.578834920947
8885,7069,"Valpelline","valpelline",2024-05-01,2024,5,"2024-05","Grand-Combin","Maggio",344,194,5,483,595,62007,69,8,3.41026556260613,846.943549627964,6.68970406488587,55.4309738745094,588,4,9,-5,30,19,11,3,1,2,0,-4,4,592,306,589,1.9,1,3,NA,NA,NA,NA,NA,NA,NA,NA,NA,NA,NA,NA,NA,NA,NA,NA,NA,NA,NA,NA,NA,NA,NA,NA,NA,NA,NA,NA,NA,NA,NA,"Spring",106812,45849,5.27299955856375,11.0350186879613
8886,7069,"Valpelline","valpelline",2024-06-01,2024,6,"2024-06","Grand-Combin","Giugno",869,286,5,483,595,32778,69,8,1.74020438071851,867.180333655352,11.148326155941,53.7900831172214,588,4,9,-5,30,19,11,3,1,2,0,-4,4,592,306,589,1.9,1,3,NA,NA,NA,NA,NA,NA,NA,NA,NA,NA,NA,NA,NA,NA,NA,NA,NA,NA,NA,NA,NA,NA,NA,NA,NA,NA,NA,NA,NA,NA,NA,"Summer",62007,39636,5.65948221575962,10.3975433454261
8887,7069,"Valpelline","valpelline",2024-07-01,2024,7,"2024-07","Grand-Combin","Luglio",2521,555,5,483,595,32080,69,8,0.692090564975363,866.797393570368,15.0971184583504,48.7175321724738,588,4,9,-5,30,19,11,3,1,2,0,-4,4,592,306,589,1.9,1,3,NA,NA,NA,NA,NA,NA,NA,NA,NA,NA,NA,NA,NA,NA,NA,NA,NA,NA,NA,NA,NA,NA,NA,NA,NA,NA,NA,NA,NA,NA,NA,"Summer",32778,36167,6.32076829425058,10.3760192335644
8888,7069,"Valpelline","valpelline",2024-08-01,2024,8,"2024-08","Grand-Combin","Agosto",8326,1877,5,483,595,35881,69,8,0.583781010953824,857.591589909578,15.4591422006713,62.9214704157023,588,4,9,-5,30,19,11,3,1,2,0,-4,4,592,306,589,1.9,1,3,NA,NA,NA,NA,NA,NA,NA,NA,NA,NA,NA,NA,NA,NA,NA,NA,NA,NA,NA,NA,NA,NA,NA,NA,NA,NA,NA,NA,NA,NA,NA,"Summer",32080,36358,7.53796265976821,10.4879910559793
8889,7069,"Valpelline","valpelline",2024-09-01,2024,9,"2024-09","Grand-Combin","Settembre",807,313,5,483,595,34237,69,8,1.71002733861431,845.249469854712,8.76920542722366,68.9668996998469,588,4,9,-5,30,19,11,3,1,2,0,-4,4,592,306,589,1.9,1,3,NA,NA,NA,NA,NA,NA,NA,NA,NA,NA,NA,NA,NA,NA,NA,NA,NA,NA,NA,NA,NA,NA,NA,NA,NA,NA,NA,NA,NA,NA,NA,"Autumn",35881,32473,5.74939298590825,10.4410914173347
8890,7069,"Valpelline","valpelline",2024-10-01,2024,10,"2024-10","Grand-Combin","Ottobre",138,104,5,483,595,53006,69,8,3.35213167189443,848.165858832685,6.76962444901321,84.2110081159442,588,4,9,-5,30,19,11,3,1,2,0,-4,4,592,306,589,1.9,1,3,NA,NA,NA,NA,NA,NA,NA,NA,NA,NA,NA,NA,NA,NA,NA,NA,NA,NA,NA,NA,NA,NA,NA,NA,NA,NA,NA,NA,NA,NA,NA,"Autumn",34237,77581,4.65396035015752,10.8781792592848
8891,7069,"Valpelline","valpelline",2024-11-01,2024,11,"2024-11","Grand-Combin","Novembre",403,260,5,483,595,130811,69,8,1.32496352675924,850.602212978364,2.00371830346484,58.9853703279096,588,4,9,-5,30,19,11,3,1,2,0,-4,4,592,306,589,1.9,1,3,NA,NA,NA,NA,NA,NA,NA,NA,NA,NA,NA,NA,NA,NA,NA,NA,NA,NA,NA,NA,NA,NA,NA,NA,NA,NA,NA,NA,NA,NA,NA,"Autumn",53006,133521,5.56452040732269,11.7815164569164
8892,7069,"Valpelline","valpelline",2024-12-01,2024,12,"2024-12","Grand-Combin","Dicembre",638,274,5,483,595,181750,69,8,0.46002496809337,843.964303108244,-0.391568724456133,45.1876326219243,588,4,9,-5,30,19,11,3,1,2,0,-4,4,592,306,589,1.9,1,3,NA,NA,NA,NA,NA,NA,NA,NA,NA,NA,NA,NA,NA,NA,NA,NA,NA,NA,NA,NA,NA,NA,NA,NA,NA,NA,NA,NA,NA,NA,NA,"Winter",130811,146169,5.61677109766657,12.1103928974439
8893,7069,"Valpelline","valpelline",2025-01-01,2025,1,"2025-01","Grand-Combin","Gennaio",513,142,29,582,595,31554,69,8,1.64990516582647,840.341285327342,-1.82065982083453,62.8512694228637,NA,NA,NA,NA,NA,NA,NA,NA,NA,NA,NA,NA,NA,NA,NA,NA,NA,NA,NA,NA,NA,NA,NA,NA,NA,NA,NA,NA,NA,NA,NA,NA,NA,NA,NA,NA,NA,NA,NA,NA,NA,NA,NA,NA,NA,NA,NA,NA,NA,NA,"Winter",181750,154875,4.96284463025991,10.3594873340183
8894,7069,"Valpelline","valpelline",2025-02-01,2025,2,"2025-02","Grand-Combin","Febbraio",648,321,29,582,595,24788,69,8,0.280403410355215,843.063930263032,-1.16844510556429,67.494342956087,NA,NA,NA,NA,NA,NA,NA,NA,NA,NA,NA,NA,NA,NA,NA,NA,NA,NA,NA,NA,NA,NA,NA,NA,NA,NA,NA,NA,NA,NA,NA,NA,NA,NA,NA,NA,NA,NA,NA,NA,NA,NA,NA,NA,NA,NA,NA,NA,NA,NA,"Winter",31554,139976,5.77455154554441,10.1181552853693
8895,7069,"Valpelline","valpelline",2025-03-01,2025,3,"2025-03","Grand-Combin","Marzo",281,127,29,582,595,21795,69,8,1.01621415250597,839.46581978514,0.333527252062296,62.4216797948782,NA,NA,NA,NA,NA,NA,NA,NA,NA,NA,NA,NA,NA,NA,NA,NA,NA,NA,NA,NA,NA,NA,NA,NA,NA,NA,NA,NA,NA,NA,NA,NA,NA,NA,NA,NA,NA,NA,NA,NA,NA,NA,NA,NA,NA,NA,NA,NA,NA,NA,"Spring",24788,136978,4.85203026391962,9.98948174570299
8896,7069,"Valpelline","valpelline",2025-04-01,2025,4,"2025-04","Grand-Combin","Aprile",206,103,29,582,595,19482,69,8,3.83414151134887,848.903741002972,4.53890435932782,56.9465572839587,NA,NA,NA,NA,NA,NA,NA,NA,NA,NA,NA,NA,NA,NA,NA,NA,NA,NA,NA,NA,NA,NA,NA,NA,NA,NA,NA,NA,NA,NA,NA,NA,NA,NA,NA,NA,NA,NA,NA,NA,NA,NA,NA,NA,NA,NA,NA,NA,NA,NA,"Spring",21795,106812,4.64439089914137,9.87729756944589
8897,7069,"Valpelline","valpelline",2025-05-01,2025,5,"2025-05","Grand-Combin","Maggio",447,246,29,582,595,19730,69,8,1.47231806227592,849.219344340978,8.1013679688177,58.4542674924164,NA,NA,NA,NA,NA,NA,NA,NA,NA,NA,NA,NA,NA,NA,NA,NA,NA,NA,NA,NA,NA,NA,NA,NA,NA,NA,NA,NA,NA,NA,NA,NA,NA,NA,NA,NA,NA,NA,NA,NA,NA,NA,NA,NA,NA,NA,NA,NA,NA,NA,"Spring",19482,62007,5.50938833662798,9.88994628196946
8898,7069,"Valpelline","valpelline",2025-06-01,2025,6,"2025-06","Grand-Combin","Giugno",1045,436,29,582,595,18886,69,8,0.766283774294163,860.514389119982,14.5922120620543,63.214578692385,NA,NA,NA,NA,NA,NA,NA,NA,NA,NA,NA,NA,NA,NA,NA,NA,NA,NA,NA,NA,NA,NA,NA,NA,NA,NA,NA,NA,NA,NA,NA,NA,NA,NA,NA,NA,NA,NA,NA,NA,NA,NA,NA,NA,NA,NA,NA,NA,NA,NA,"Summer",19730,32778,6.07993319509559,9.84622913369585
8899,7069,"Valpelline","valpelline",2025-07-01,2025,7,"2025-07","Grand-Combin","Luglio",7660,1571,29,582,595,20985,69,8,0.745165397464964,855.12374383187,13.1684087868236,58.7416892587989,NA,NA,NA,NA,NA,NA,NA,NA,NA,NA,NA,NA,NA,NA,NA,NA,NA,NA,NA,NA,NA,NA,NA,NA,NA,NA,NA,NA,NA,NA,NA,NA,NA,NA,NA,NA,NA,NA,NA,NA,NA,NA,NA,NA,NA,NA,NA,NA,NA,NA,"Summer",18886,32080,7.36010397298915,9.95161082771786
8900,7069,"Valpelline","valpelline",2025-08-01,2025,8,"2025-08","Grand-Combin","Agosto",8676,1609,29,582,595,22442,69,8,1.13320745034303,849.343709417329,14.41327196315,68.602840450524,NA,NA,NA,NA,NA,NA,NA,NA,NA,NA,NA,NA,NA,NA,NA,NA,NA,NA,NA,NA,NA,NA,NA,NA,NA,NA,NA,NA,NA,NA,NA,NA,NA,NA,NA,NA,NA,NA,NA,NA,NA,NA,NA,NA,NA,NA,NA,NA,NA,NA,"Summer",20985,35881,7.38398945797851,10.0187340405405
8901,7069,"Valpelline","valpelline",2025-09-01,2025,9,"2025-09","Grand-Combin","Settembre",716,345,29,582,595,18233,69,8,1.10401883563242,856.845900101053,10.0421734972239,72.035201014684,NA,NA,NA,NA,NA,NA,NA,NA,NA,NA,NA,NA,NA,NA,NA,NA,NA,NA,NA,NA,NA,NA,NA,NA,NA,NA,NA,NA,NA,NA,NA,NA,NA,NA,NA,NA,NA,NA,NA,NA,NA,NA,NA,NA,NA,NA,NA,NA,NA,NA,"Autumn",22442,34237,5.84643877505772,9.81104326214485
