"comune_key","n_obs","n_tourism_upper_90","n_energy_upper_90","n_joint_upper_90","share_joint_upper_90","p_energy_given_tourism_upper_90","lift_upper_90","mean_joint_severity_90","kendall_tau","n_tourism_upper_95","n_energy_upper_95","n_joint_upper_95","share_joint_upper_95","p_energy_given_tourism_upper_95","lift_upper_95","mean_joint_severity_95","risk_score","comune_nome","istat_muni_code","mean_arrivi","mean_residenti","mean_kwh","arrivi_per_residente","tourism_intensity_rank","risk_rank"
"gressoney saint jean",81,14,12,4,0.0493827160493827,0.285714285714286,2.85714285714286,0.952973867300187,0.0339506172839506,3,6,1,0.0123456790123457,0.333333333333333,6.66666666666667,0.990242660783981,0.387119504173636,"Gressoney-Saint-Jean","7033",2249.94623655914,803.032258064516,305264.064516129,2.80181302054043,13,1
"brusson",81,7,10,2,0.0246913580246914,0.285714285714286,2.85714285714286,0.949473952146615,0.0617283950617284,3,2,1,0.0123456790123457,0.333333333333333,6.66666666666667,0.982776175123027,0.386372855607541,"Brusson","7012",1765.29032258065,875.612903225806,288627.946236559,2.01606248157972,16,2
"ayas",81,22,22,6,0.0740740740740741,0.272727272727273,2.72727272727273,0.948370948583065,0.0728395061728395,6,13,2,0.0246913580246914,0.333333333333333,6.66666666666667,0.983242830476837,0.383172767896169,"Ayas","7007",5401.83870967742,1374.70967741935,1069557.92473118,3.92943964708091,8,3
"gressan",81,4,10,1,0.0123456790123457,0.25,2.5,0.964958425250297,-0.0265432098765432,3,10,1,0.0123456790123457,0.333333333333333,6.66666666666667,0.964958425250297,0.375662509191696,"Gressan","7031",2558.89247311828,3381.54838709677,1001609.07526882,0.756722122588113,28,4
"torgnon",81,6,21,1,0.0123456790123457,0.166666666666667,1.66666666666667,0.974715764466316,0.0679012345679012,3,10,1,0.0123456790123457,0.333333333333333,6.66666666666667,0.974715764466316,0.355804909779965,"Torgnon","7067",1072.48387096774,565.677419354839,263097.827956989,1.89592837591241,18,5
"chamois",81,10,21,3,0.037037037037037,0.3,3,0.9544940324679,-0.0203703703703704,4,17,1,0.0123456790123457,0.25,5,0.9823519429832,0.33573519429832,"Chamois","7016",340.41935483871,102.225806451613,118979.784946237,3.33007257810035,12,6
"la thuile",78,34,21,11,0.141025641025641,0.323529411764706,3.23529411764706,0.951228730543171,0.13020313020313,18,12,4,0.0512820512820513,0.222222222222222,4.44444444444444,0.979785338537248,0.323305331239346,"La Thuile","7041",4448,804.225806451613,875143.043010753,5.53078496650756,5,7
"rhemes notre dame",78,38,23,14,0.179487179487179,0.368421052631579,3.68421052631579,0.960770647984291,0.13020313020313,26,16,4,0.0512820512820513,0.153846153846154,3.07692307692308,0.977473273375191,0.289852590495414,"Rhêmes-Notre-Dame","7055",737.075268817204,81.1935483870968,72143.6021505376,9.07800291352139,3,8
"saint vincent",81,19,8,4,0.0493827160493827,0.210526315789474,2.10526315789474,0.959464619039538,0.167901234567901,10,4,2,0.0246913580246914,0.2,4,0.974673341252333,0.280098913072602,"Saint-Vincent","7065",5081.74193548387,4491.38709677419,1237195.77419355,1.13144154043941,23,9
"valtournenche",81,31,21,11,0.135802469135802,0.354838709677419,3.54838709677419,0.955656171420638,0.230246913580247,14,13,2,0.0246913580246914,0.142857142857143,2.85714285714286,0.98107924656372,0.27967474493287,"Valtournenche","7071",10201.5268817204,2246.22580645161,1801310.30107527,4.54163016577389,6,10
"gressoney la trinite",81,42,21,10,0.123456790123457,0.238095238095238,2.38095238095238,0.957737994230443,0.0549382716049383,27,16,5,0.0617283950617284,0.185185185185185,3.7037037037037,0.975360597318853,0.277430239626065,"Gressoney-La-Trinité","7032",3762.44086021505,315,513489.795698925,11.9442566990954,1,11
"cogne",81,22,18,8,0.0987654320987654,0.363636363636364,3.63636363636364,0.950046665535381,0.159259259259259,8,10,1,0.0123456790123457,0.125,2.5,0.992024435771254,0.271361534486216,"Cogne","7021",5280.41935483871,1347.22580645161,540179.569892473,3.91947610382147,9,12
"courmayeur",81,41,13,7,0.0864197530864197,0.170731707317073,1.70731707317073,0.948231558022836,0.101851851851852,16,8,2,0.0246913580246914,0.125,2.5,0.974927880536229,0.221425714882891,"Courmayeur","7022",16651.7741935484,2704.77419354839,2310068.35483871,6.15643783990077,4,13
"bard",81,71,10,8,0.0987654320987654,0.112676056338028,1.12676056338028,0.967387154250806,0.0759259259259259,50,7,5,0.0617283950617284,0.1,2,0.976955710164602,0.190864585100967,"Bard","7009",398.365591397849,113.935483870968,127973.247311828,3.49641374103435,10,14
"champorcher",81,3,25,2,0.0246913580246914,0.666666666666667,6.66666666666667,0.939546920074665,0.10679012345679,2,8,0,0,0,0,NA,0.166666666666667,"Champorcher","7018",417.150537634409,385.709677419355,145552.849462366,1.08151431518497,24,15
"valsavarenche",81,37,8,6,0.0740740740740741,0.162162162162162,1.62162162162162,0.954267775326659,0.146913580246914,24,3,1,0.0123456790123457,0.0416666666666667,0.833333333333333,0.975818768029866,0.16520575067686,"Valsavarenche","7070",1780.52688172043,167.838709677419,53223.247311828,10.6085591645845,2,16
"pre saint didier",81,49,3,2,0.0246913580246914,0.0408163265306122,0.408163265306122,0.951934498557611,-0.0135802469135802,27,1,1,0.0123456790123457,0.037037037037037,0.740740740740741,0.954013236042763,0.129679479311003,"Pré-Saint-Didier","7053",4285.33333333333,1004.35483870968,250139.602150538,4.26675231518655,7,17
"jovencan",81,9,2,2,0.0246913580246914,0.222222222222222,2.22222222222222,0.929832004072629,0.108641975308642,1,1,0,0,0,0,NA,0.0555555555555556,"Jovençan","7038",400.569892473118,721.032258064516,104053.225806452,0.555550584586018,33,18
"pollein",81,23,7,4,0.0493827160493827,0.173913043478261,1.73913043478261,0.940565077210249,-0.00246913580246914,8,3,0,0,0,0,NA,0.0434782608695652,"Pollein","7049",2345.05376344086,1518.61290322581,507327.365591398,1.54420771643619,22,19
"valgrisenche",81,10,6,1,0.0123456790123457,0.1,1,0.923468521975225,-0.0555555555555555,0,2,0,0,NA,NA,NA,0.025,"Valgrisenche","7068",671.247311827957,192.161290322581,90657.6021505376,3.49314531923228,11,20
"antey saint andre",81,51,1,1,0.0123456790123457,0.0196078431372549,0.196078431372549,0.934753096894621,0.0987654320987654,33,0,0,0,0,0,NA,0.00490196078431373,"Antey-Saint-André","7002",1432.27956989247,557.967741935484,161912.451612903,2.56695766125147,14,21
"etroubles",81,4,0,0,0,0,0,NA,0.168518518518518,0,0,0,0,NA,NA,NA,0,"Etroubles","7026",934.301075268817,484.967741935484,81433.2150537634,1.92652210544987,17,22
"issogne",81,0,10,0,0,NA,NA,NA,0.159876543209877,0,4,0,0,NA,NA,NA,0,"Issogne","7037",33.4086021505376,1341.51612903226,185751.430107527,0.0249036157132437,73,23
"saint christophe",81,0,6,0,0,NA,NA,NA,0.149382716049383,0,3,0,0,NA,NA,NA,0,"Saint-Christophe","7058",388.849462365591,3470.38709677419,322740.64516129,0.112047864264778,59,24
"pont saint martin",81,0,3,0,0,NA,NA,NA,0.132716049382716,0,0,0,0,NA,NA,NA,0,"Pont-Saint-Martin","7052",484.645161290323,3611.45161290323,1335743.78494624,0.134196775490152,56,25
"quart",81,0,0,0,0,NA,NA,NA,0.118518518518518,0,0,0,0,NA,NA,NA,0,"Quart","7054",501.688172043011,4080.54838709677,652616.311827957,0.122946262230198,57,26
"morgex",81,0,9,0,0,NA,NA,NA,0.114814814814815,0,4,0,0,NA,NA,NA,0,"Morgex","7044",887.623655913978,2089.1935483871,1020180.06451613,0.424864252811447,38,27
"ollomont",81,0,14,0,0,NA,NA,NA,0.100617283950617,0,5,0,0,NA,NA,NA,0,"Ollomont","7046",115.795698924731,163.032258064516,36022.8387096774,0.710262498351141,30,28
"pontboset",81,2,2,0,0,0,0,NA,0.0901234567901234,0,1,0,0,NA,NA,NA,0,"Pontboset","7050",127.645161290323,174.322580645161,21397.6559139785,0.732235381199112,29,29
"aosta",81,0,7,0,0,NA,NA,NA,0.0796296296296296,0,3,0,0,NA,NA,NA,0,"Aosta","7003",8109.35483870968,33669.7419354839,6099171.60215054,0.240849925557742,47,30
"la magdeleine",81,0,14,0,0,NA,NA,NA,0.0679012345679012,0,7,0,0,NA,NA,NA,0,"La Magdeleine","7039",74.7634408602151,107.129032258065,24875.1612903226,0.697882164006825,31,31
"chatillon",75,3,8,0,0,0,0,NA,0.0436036036036036,0,7,0,0,NA,NA,NA,0,"Châtillon","7020",2195.22580645161,4502.77419354839,817484.666666667,0.487527402461565,36,32
"saint oyen",81,3,8,0,0,0,0,NA,0.0419753086419753,0,0,0,0,NA,NA,NA,0,"Saint-Oyen","7062",329.559139784946,196.129032258065,36420.1720430108,1.68031798245614,21,33
"saint pierre",81,0,1,0,0,NA,NA,NA,0.0351851851851852,0,1,0,0,NA,NA,NA,0,"Saint-Pierre","7063",822.440860215054,3218.83870967742,378578.849462366,0.255508565167428,45,34
"gignod",81,0,13,0,0,NA,NA,NA,0.0314814814814815,0,6,0,0,NA,NA,NA,0,"Gignod","7030",432.451612903226,1710.22580645161,60269.376344086,0.252862289454326,46,35
"challand saint anselme",81,2,1,0,0,0,0,NA,0.0271604938271605,0,0,0,0,NA,NA,NA,0,"Challand-Saint-Anselme","7013",371.505376344086,748.096774193548,101636.741935484,0.496600692797493,35,36
"bionaz",81,1,4,0,0,0,0,NA,0.0141975308641975,0,1,0,0,NA,NA,NA,0,"Bionaz","7010",571.129032258065,224.096774193548,66910.2365591398,2.54858212177919,15,37
"valpelline",81,0,16,0,0,NA,NA,NA,0.012962962962963,0,10,0,0,NA,NA,NA,0,"Valpelline","7069",414.440860215054,602.870967741935,85719.2688172043,0.687445377851499,32,38
"saint nicolas",81,15,1,0,0,0,0,NA,0.00679012345679012,7,0,0,0,0,0,NA,0,"Saint-Nicolas","7061",547.591397849462,320.032258064516,59229.6989247312,1.71105063333669,20,39
"rhemes saint georges",81,4,7,0,0,0,0,NA,-0.00123456790123457,1,2,0,0,0,0,NA,0,"Rhêmes-Saint-Georges","7056",313.408602150538,170.354838709677,55040.6559139785,1.83973994824213,19,40
"charvensod",81,0,1,0,0,NA,NA,NA,-0.00185185185185185,0,0,0,0,NA,NA,NA,0,"Charvensod","7019",1129.8064516129,2390.06451612903,290208.043010753,0.472709604275765,37,41
"gaby",78,3,4,0,0,0,0,NA,-0.0136530136530137,0,1,0,0,NA,NA,NA,0,"Gaby","7029",384.193548387097,446.322580645161,86849.5483870968,0.860797918473547,25,42
"brissogne",81,0,8,0,0,NA,NA,NA,-0.0148148148148148,0,2,0,0,NA,NA,NA,0,"Brissogne","7011",41.6666666666667,955.322580645161,530306.311827957,0.0436152850469919,70,43
"fenis",81,0,0,0,0,NA,NA,NA,-0.0179012345679012,0,0,0,0,NA,NA,NA,0,"Fénis","7027",511.430107526882,1783.74193548387,183004.23655914,0.286717544367284,44,44
"montjovet",81,4,1,0,0,0,0,NA,-0.0185185185185185,0,1,0,0,NA,NA,NA,0,"Montjovet","7043",416.924731182796,1769.90322580645,189654.365591398,0.235563574947904,49,45
"sarre",81,0,1,0,0,NA,NA,NA,-0.0209876543209877,0,0,0,0,NA,NA,NA,0,"Sarre","7066",1563.06451612903,4818.90322580645,480103.64516129,0.324361051236394,41,46
"perloz",81,0,3,0,0,NA,NA,NA,-0.032716049382716,0,0,0,0,NA,NA,NA,0,"Perloz","7048",48.6559139784946,462.096774193548,74307.7204301075,0.105293775450844,61,47
"emarese",81,0,2,0,0,NA,NA,NA,-0.041358024691358,0,1,0,0,NA,NA,NA,0,"Emarèse","7025",33.7849462365591,223.193548387097,28852.3548387097,0.151370621958857,55,48
"la salle",81,3,2,0,0,0,0,NA,-0.0419753086419753,0,0,0,0,NA,NA,NA,0,"La Salle","7040",1531.32258064516,2016.83870967742,385351.043010753,0.759268737404434,27,49
"oyace",81,0,4,0,0,NA,NA,NA,-0.0462962962962963,0,2,0,0,NA,NA,NA,0,"Oyace","7047",8.20430107526882,210.41935483871,27328.311827957,0.0389902396647759,71,50
"chambave",81,0,3,0,0,NA,NA,NA,-0.0475308641975309,0,0,0,0,NA,NA,NA,0,"Chambave","7015",86.6559139784946,905.322580645161,128450.698924731,0.0957182730565948,63,51
"aymavilles",81,0,0,0,0,NA,NA,NA,-0.0493827160493827,0,0,0,0,NA,NA,NA,0,"Aymavilles","7008",362.043010752688,2087.67741935484,254972.634408602,0.173419038495215,54,52
"donnas",81,0,4,0,0,NA,NA,NA,-0.0518518518518518,0,0,0,0,NA,NA,NA,0,"Donnas","7023",186.172043010753,2449.32258064516,261268.344086022,0.0760096054647544,65,53
"arnad",81,0,12,0,0,NA,NA,NA,-0.0537037037037037,0,10,0,0,NA,NA,NA,0,"Arnad","7004",251.41935483871,1243.48387096774,264537.774193548,0.202189478053336,52,54
"nus",81,0,2,0,0,NA,NA,NA,-0.0549382716049383,0,1,0,0,NA,NA,NA,0,"Nus","7045",703.537634408602,2973.64516129032,276805.935483871,0.236590983876275,48,55
"saint denis",78,0,3,0,0,NA,NA,NA,-0.0569430569430569,0,2,0,0,NA,NA,NA,0,"Saint-Denis","7059",18.9247311827957,371.41935483871,38622.3333333333,0.0509524636674194,69,56
"saint marcel",81,0,14,0,0,NA,NA,NA,-0.0635802469135802,0,3,0,0,NA,NA,NA,0,"Saint-Marcel","7060",49.8602150537634,1332.51612903226,306671.365591398,0.037418094961428,72,57
"verres",81,0,20,0,0,NA,NA,NA,-0.0666666666666667,0,14,0,0,NA,NA,NA,0,"Verrès","7073",195.741935483871,2587.32258064516,549413.258064516,0.0756542446419888,66,58
"introd",81,1,1,0,0,0,0,NA,-0.0691358024691358,0,0,0,0,NA,NA,NA,0,"Introd","7035",348.193548387097,650.838709677419,90379.5913978495,0.534992069785884,34,59
"challand saint victor",81,0,4,0,0,NA,NA,NA,-0.0697530864197531,0,3,0,0,NA,NA,NA,0,"Challand-Saint-Victor","7014",61.2258064516129,551.774193548387,65864.9032258065,0.110961707103186,60,60
"allein",78,0,14,0,0,NA,NA,NA,-0.0749250749250749,0,8,0,0,NA,NA,NA,0,"Allein","7001",23.6881720430108,211.096774193548,3508.0752688172,0.112214751426243,58,61
"fontainemore",81,0,4,0,0,NA,NA,NA,-0.0895061728395062,0,2,0,0,NA,NA,NA,0,"Fontainemore","7028",145.440860215054,428.290322580645,59134.0967741935,0.339584745549948,40,62
"doues",81,0,21,0,0,NA,NA,NA,-0.0907407407407407,0,9,0,0,NA,NA,NA,0,"Doues","7024",176.849462365591,507.903225806452,7335.82795698925,0.348195194241558,39,63
"roisan",81,0,2,0,0,NA,NA,NA,-0.0950617283950617,0,0,0,0,NA,NA,NA,0,"Roisan","7057",66.8709677419355,1013.70967741935,108009.88172043,0.0659665871121718,68,64
"hone",81,0,6,0,0,NA,NA,NA,-0.102469135802469,0,1,0,0,NA,NA,NA,0,"Hône","7034",98.0322580645161,1153.41935483871,148024.752688172,0.08499272849312,64,65
"champdepraz",81,0,2,0,0,NA,NA,NA,-0.108024691358025,0,1,0,0,NA,NA,NA,0,"Champdepraz","7017",217.666666666667,718.516129032258,85900.5913978495,0.302939151776361,43,66
"verrayes",81,0,8,0,0,NA,NA,NA,-0.112345679012346,0,4,0,0,NA,NA,NA,0,"Verrayes","7072",301.290322580645,1284.83870967742,185122.731182796,0.234496610595029,50,67
"arvier",81,1,0,0,0,0,0,NA,-0.122839506172839,0,0,0,0,NA,NA,NA,0,"Arvier","7005",661.903225806452,852.129032258065,118319.086021505,0.776764082374319,26,68
"villeneuve",81,0,4,0,0,NA,NA,NA,-0.128395061728395,0,2,0,0,NA,NA,NA,0,"Villeneuve","7074",281.612903225806,1272.51612903226,191218.053763441,0.221303995132833,51,69
"lillianes",81,0,3,0,0,NA,NA,NA,-0.13641975308642,0,0,0,0,NA,NA,NA,0,"Lillianes","7042",137.387096774194,441.129032258065,45056.2043010753,0.311444241316271,42,70
"pontey",81,0,11,0,0,NA,NA,NA,-0.15679012345679,0,3,0,0,NA,NA,NA,0,"Pontey","7051",56.1182795698925,800.709677419355,98854.935483871,0.0700856766846615,67,71
"issime",81,0,5,0,0,NA,NA,NA,-0.194444444444444,0,0,0,0,NA,NA,NA,0,"Issime","7036",39.3870967741936,390.774193548387,67477.3870967742,0.100792471520555,62,72
"avise",81,0,13,0,0,NA,NA,NA,-0.214197530864197,0,8,0,0,NA,NA,NA,0,"Avise","7006",53.3440860215054,301.903225806452,81791.0860215054,0.176692666595434,53,73
