comune_key,comune_key_norm,comune_nome,istat_muni_code,assigned_model,risk_score,p_energy_given_tourism_upper_95,lift_upper_95,tourism_intensity_rank,risk_rank,n_months,load_actual_assigned_sum,load_q95_assigned_sum,shock_delta_kwh_sum,shock_delta_kwh_abs_sum,scenario_tail_impact_kwh_sum,scenario_tail_impact_weighted_sum,scenario_tail_impact_kwh_mean,scenario_tail_impact_kwh_max,scenario_tail_impact_kwh_min,shock_delta_pct_vs_actual
ayas,ayas,Ayas,7007,Prophet,0.383172767896169,0.333333333333333,6.66666666666667,8,3,9,10390918.277584603,11299176.060808219,908257.7832236163,908257.7832236163,302752.59440787183,116006.54958701046,33639.1771564302,61709.76520802749,10630.466057868936,8.740880824584284
valtournenche,valtournenche,Valtournenche,7071,Mixed,0.27967474493287,0.142857142857143,2.85714285714286,6,10,9,17700630.825902835,18757308.60252664,1056677.776623803,1056677.776623803,150953.96808911485,42218.01252192779,16772.66312101276,34893.98224896987,3490.787672665722,5.969718181328765
gressan,gressan,Gressan,7031,GAMM,0.375662509191696,0.333333333333333,6.66666666666667,28,4,9,9537777.483835334,9829526.078052009,291748.59421667445,291748.59421667445,97249.53140555805,36533.00298552858,10805.50348950645,17293.474707249145,3336.24960854331,3.058873985172461
saint vincent,saint vincent,Saint-Vincent,7065,Mixed,0.280098913072602,0.2,4,23,9,9,12277464.930290276,12732947.20659704,455482.27630676446,455482.27630676446,91096.4552613529,25516.01810347186,10121.828362372544,18566.294236658512,3753.78622837998,3.7099049265701733
courmayeur,courmayeur,Courmayeur,7022,GAMM,0.221425714882891,0.125,2.5,4,13,9,18449565.74894429,19088853.45527666,639287.7063323697,639287.7063323697,79910.96329154621,17694.34217381108,8878.995921282913,14214.103597203037,4240.999189436901,3.4650555738362065
torgnon,torgnon,Torgnon,7067,Mixed,0.355804909779965,0.333333333333333,6.66666666666667,18,5,9,2663716.2566608754,2806155.05063531,142438.79397443458,142438.79397443458,47479.59799147814,16893.474079746888,5275.510887942016,11490.41469588306,1411.9422633100558,5.347371125518818
cogne,cogne,Cogne,7021,GAMM,0.271361534486216,0.125,2.5,9,12,9,5501549.572923715,5788059.936022331,286510.36309861613,286510.36309861613,35813.795387327016,9718.486472080425,3979.3105985918905,7425.6317842613935,1856.543223347413,5.207812077322682
gressoney la trinite,gressoney la trinite,Gressoney-La-Trinité,7032,Mixed,0.277430239626065,0.185185185185185,3.7037037037037,1,11,9,5066487.808096174,5217039.70872879,150551.90063261706,150551.90063261706,27879.981598632763,7734.74997567897,3097.775733181418,5667.038855659813,1189.7114778944513,2.971523989301561
brusson,brusson,Brusson,7012,Prophet,0.386372855607541,0.333333333333333,6.66666666666667,16,2,9,2506569.175468164,2531168.4509229464,24599.275454782444,24599.275454782444,8199.758484927474,3168.1641011135916,911.0842761030525,1466.0885998632182,361.2914544037287,0.9813922430522037
chamois,chamois,Chamois,7016,Prophet,0.33573519429832,0.25,5,12,6,9,1092890.375465954,1119096.1997226796,26205.82425672574,26205.82425672574,6551.456064181435,2199.554374644861,727.9395626868261,1509.8524192883997,280.74916225833294,2.397845643535179
bard,bard,Bard,7009,GAMM,0.190864585100967,0.1,2,10,14,9,1235927.130340717,1285967.4726400939,50040.34229937679,50040.34229937679,5004.034229937679,955.092917128092,556.0038033264088,999.5143231115392,215.89904034897336,4.0488100852339
pre saint didier,pre saint didier,Pré-Saint-Didier,7053,Prophet,0.129679479311003,0.037037037037037,0.740740740740741,7,17,9,2491362.640443752,2635869.2642322197,144506.62378846738,144506.62378846738,5352.097177350638,694.0571751807196,594.6774641500709,1059.0342347194123,184.90876906003064,5.800304678355794
valsavarenche,valsavarenche,Valsavarenche,7070,Prophet,0.16520575067686,0.0416666666666667,0.833333333333333,2,16,9,543614.6339700306,555967.9069241051,12353.272954074535,12353.272954074535,514.7197064197727,85.03465548725154,57.191078491085854,124.61465415318959,13.24442073811225,2.2724320101279005
antey saint andre,antey saint andre,Antey-Saint-André,7002,Prophet,0.00490196078431373,0,0,14,21,9,1512454.0536616493,1538926.817225398,26472.763563748624,26472.763563748624,0,0,0,0,0,1.7503185303155533
aosta,aosta,Aosta,7003,Mixed,0,0,NA,47,30,9,61844242.08710032,61245958.438601196,-598283.6484991238,598283.6484991238,0,0,0,-0,-0,-0.9674039624521735
arnad,arnad,Arnad,7004,Mixed,0,0,NA,52,54,9,2781436.653789534,2894074.8444417454,112638.19065221201,112638.19065221201,0,0,0,0,0,4.049640695528667
arvier,arvier,Arvier,7005,Mixed,0,0,NA,26,68,9,1142713.8114647164,1149712.0962105626,6998.284745846322,6998.284745846322,0,0,0,0,0,0.6124267227396007
aymavilles,aymavilles,Aymavilles,7008,Mixed,0,0,NA,54,52,9,2450704.805608724,2477715.4828306646,27010.677221940714,27010.677221940714,0,0,0,0,0,1.102159556717064
brissogne,brissogne,Brissogne,7011,Mixed,0,0,NA,70,43,9,4505358.8255290585,4504115.782051962,-1243.0434770963038,1243.0434770963038,0,0,0,-0,-0,-0.027590332429305864
challand saint anselme,challand saint anselme,Challand-Saint-Anselme,7013,Prophet,0,0,NA,35,36,9,975635.9247241055,980553.8816329978,4917.956908892345,4917.956908892345,0,0,0,0,0,0.5040770623819579
challand saint victor,challand saint victor,Challand-Saint-Victor,7014,Mixed,0,0,NA,60,60,9,628423.2000977928,638808.8707310974,10385.670633304704,10385.670633304704,0,0,0,0,0,1.6526555085312644
chambave,chambave,Chambave,7015,Mixed,0,0,NA,63,51,9,1214997.7273858888,1220386.3074326403,5388.580046751493,5388.580046751493,0,0,0,0,0,0.44350536015778097
champdepraz,champdepraz,Champdepraz,7017,Mixed,0,0,NA,43,66,9,775366.9644926938,777383.2992142367,2016.3347215427784,2016.3347215427784,0,0,0,0,0,0.26004908822265804
champorcher,champorcher,Champorcher,7018,Prophet,0.166666666666667,0,0,24,15,9,1445240.9885487254,1460391.0545916967,15150.066042971244,15150.066042971244,0,0,0,0,0,1.0482726523127983
charvensod,charvensod,Charvensod,7019,Mixed,0,0,NA,37,41,9,2662171.799367337,2683649.637348282,21477.83798094507,21477.83798094507,0,0,0,0,0,0.8067788106706386
chatillon,chatillon,Châtillon,7020,GAMM,0,0,NA,36,32,8,6771263.538123269,6952928.046118083,181664.50799481513,181664.50799481513,0,0,0,0,0,2.6828745768351148
donnas,donnas,Donnas,7023,Mixed,0,0,NA,65,53,9,2526689.542286867,2543406.9722743197,16717.429987452953,16717.429987452953,0,0,0,0,0,0.6616337190489263
emarese,emarese,Emarèse,7025,Mixed,0,0,NA,55,48,9,273997.1844439156,274756.42165650846,759.237212592845,759.237212592845,0,0,0,0,0,0.27709672058628954
etroubles,etroubles,Etroubles,7026,Mixed,0,0,NA,17,22,9,832944.7283152126,854007.4378735155,21062.709558302857,21062.709558302857,0,0,0,0,0,2.528704347634947
fenis,fenis,Fénis,7027,GAMM,0,0,NA,44,44,9,1783919.2730428062,1852134.247171289,68214.9741284828,68214.9741284828,0,0,0,0,0,3.8238823448624837
fontainemore,fontainemore,Fontainemore,7028,Prophet,0,0,NA,40,62,9,502913.4767806756,502887.7622671776,-25.71451349803101,25.71451349803101,0,0,0,-0,-0,-0.005113108851773074
gaby,gaby,Gaby,7029,Prophet,0,0,NA,25,42,8,665409.7357224978,650116.2346459242,-15293.501076573615,15293.501076573615,0,0,0,-0,-0,-2.298358478324336
gignod,gignod,Gignod,7030,GAMM,0,0,NA,46,35,9,490420.8052904096,517852.94003813167,27432.13474772209,27432.13474772209,0,0,0,0,0,5.59359114699014
hone,hone,Hône,7034,Mixed,0,0,NA,64,65,9,1371881.2162226534,1369975.2687151732,-1905.9475074801303,1905.9475074801303,0,0,0,-0,-0,-0.1389294849249434
introd,introd,Introd,7035,Mixed,0,0,NA,34,59,9,858129.2805107492,862792.0043479633,4662.7238372139545,4662.7238372139545,0,0,0,0,0,0.5433591351688749
issime,issime,Issime,7036,Mixed,0,0,NA,62,72,9,587685.5137104504,588864.9520586014,1179.4383481509794,1179.4383481509794,0,0,0,0,0,0.2006920913711907
issogne,issogne,Issogne,7037,Mixed,0,0,NA,73,23,9,1616912.270745159,1615614.9605547676,-1297.310190391232,1297.310190391232,0,0,0,-0,-0,-0.08023380203512342
jovencan,jovencan,Jovençan,7038,Mixed,0.0555555555555556,0,0,33,18,9,955619.4829765798,957490.0947502356,1870.6117736556334,1870.6117736556334,0,0,0,0,0,0.19574860150706197
la salle,la salle,La Salle,7040,GAMM,0,0,NA,27,49,9,3783641.905577426,3936088.7493800647,152446.84380263853,152446.84380263853,0,0,0,0,0,4.0291033773021345
lillianes,lillianes,Lillianes,7042,Mixed,0,0,NA,42,70,9,374346.4954793999,373870.0568495636,-476.43862983635336,476.43862983635336,0,0,0,-0,-0,-0.12727209566264497
montjovet,montjovet,Montjovet,7043,Mixed,0,0,NA,49,45,9,1737122.848540053,1739397.1924264324,2274.3438863792107,2274.3438863792107,0,0,0,0,0,0.1309259093731141
morgex,morgex,Morgex,7044,Mixed,0,0,NA,38,27,9,9853782.00473839,10014903.02126264,161121.01652425015,161121.01652425015,0,0,0,0,0,1.635118540746805
nus,nus,Nus,7045,Mixed,0,0,NA,48,55,9,2614566.343344334,2625873.241279591,11306.897935256682,11306.897935256682,0,0,0,0,0,0.4324578706537574
ollomont,ollomont,Ollomont,7046,Mixed,0,0,NA,30,28,9,349954.92233970313,358217.2489023509,8262.326562647777,8262.326562647777,0,0,0,0,0,2.360968809184949
oyace,oyace,Oyace,7047,Prophet,0,0,NA,71,50,9,226346.04424297842,226321.37060246634,-24.673640512064594,24.673640512064594,0,0,0,-0,-0,-0.010900849005157642
perloz,perloz,Perloz,7048,GAMM,0,0,NA,61,47,9,711415.8370923623,722726.6482328718,11310.811140509366,11310.811140509366,0,0,0,0,0,1.589901510590197
pollein,pollein,Pollein,7049,GAMM,0.0434782608695652,0,0,22,19,9,3886311.24306929,4086293.078181389,199981.83511209872,199981.83511209872,0,0,0,0,0,5.14580080194913
pontboset,pontboset,Pontboset,7050,GAMM,0,0,NA,29,29,9,206902.03275516944,215519.8272022295,8617.794447060045,8617.794447060045,0,0,0,0,0,4.165156974198325
pontey,pontey,Pontey,7051,Prophet,0,0,NA,67,71,9,999716.0462084018,997715.8144092493,-2000.2317991524615,2000.2317991524615,0,0,0,-0,-0,-0.20007999338799154
quart,quart,Quart,7054,Mixed,0,0,NA,57,26,9,5946779.725799944,5976855.452807799,30075.72700785473,30075.72700785473,0,0,0,0,0,0.5057481257859875
rhemes saint georges,rhemes saint georges,Rhêmes-Saint-Georges,7056,Prophet,0,0,0,19,40,9,495148.4376560012,496305.348836918,1156.9111809168899,1156.9111809168899,0,0,0,0,0,0.23364936510625878
roisan,roisan,Roisan,7057,Mixed,0,0,NA,68,64,9,998564.2203361945,1006089.6724608729,7525.452124678355,7525.452124678355,0,0,0,0,0,0.7536272551548873
saint christophe,saint christophe,Saint-Christophe,7058,GAMM,0,0,NA,59,24,9,2819464.374032717,2993878.8971581454,174414.52312542842,174414.52312542842,0,0,0,0,0,6.186087142358909
saint marcel,saint marcel,Saint-Marcel,7060,GAMM,0,0,NA,72,57,9,2784556.9978831797,2790213.171058307,5656.1731751272455,13589.295668219565,0,0,0,-0,-0,0.20312650017317857
saint nicolas,saint nicolas,Saint-Nicolas,7061,Prophet,0,0,0,20,39,9,556846.5923973086,561188.9125072721,4342.320109963439,4342.320109963439,0,0,0,0,0,0.7798054561614975
saint oyen,saint oyen,Saint-Oyen,7062,Mixed,0,0,NA,21,33,9,341696.87594075303,346763.8015392477,5066.925598494672,5066.925598494672,0,0,0,0,0,1.4828715025692052
saint pierre,saint pierre,Saint-Pierre,7063,GAMM,0,0,NA,45,34,9,3666704.477887506,3773510.0320341242,106805.55414661794,106805.55414661794,0,0,0,0,0,2.9128487117170643
saint rhemy en bosses,saint rhemy en bosses,NA,NA,GAMM,0,0,NA,NA,NA,9,1774906.5583663823,1821706.754026817,46800.19566043481,46800.19566043481,0,0,0,0,0,2.6367695493507703
sarre,sarre,Sarre,7066,Mixed,0,0,NA,41,46,9,4388696.036286826,4411099.516472098,22403.48018527188,22403.48018527188,0,0,0,0,0,0.5104814733131402
verrayes,verrayes,Verrayes,7072,GAMM,0,0,NA,50,67,9,1379294.6401331269,1408961.3842417854,29666.744108658517,29666.744108658517,0,0,0,0,0,2.1508634374012514
verres,verres,Verrès,7073,GAMM,0,0,NA,66,58,9,6833829.020942608,6833992.365316906,163.34437429788522,27243.90599717968,0,0,0,-0,-0,0.002390232090943023
villeneuve,villeneuve,Villeneuve,7074,Mixed,0,0,NA,51,69,9,1651472.0383189456,1647678.9046058077,-3793.1337131377077,3793.1337131377077,0,0,0,-0,-0,-0.2296819822029117
gressoney saint jean,gressoney saint jean,Gressoney-Saint-Jean,7033,Prophet,0.387119504173636,0.333333333333333,6.66666666666667,13,1,9,3030856.2236535503,3025369.4940887084,-5486.72956484172,5486.72956484172,-1828.909854947238,-708.0066762254513,-203.21220610524867,-72.85968902640154,-313.16620589346434,-0.18102902810176458
