comune_key,nn_mae,nn_mape,gbm_mae,gbm_mape,best_model
allein,76258.74106568404,27.17648555372429,125827.35732009806,41.31736198501205,NN
antey saint andre,24540.666666666668,0.16229066514533083,11692.773652477781,0.08599632568132637,QGBRT
aosta,749758.600249125,0.10865856782052961,306384.90346696175,0.05016495900668923,QGBRT
arnad,80466.97101449281,0.23764956680921087,29087.685821277744,0.08821315909362715,QGBRT
arvier,23716.597793092904,0.17568692835047386,10710.902003759553,0.08804946317243639,QGBRT
avise,29999.270531378064,0.5660338793946715,17760.655728277103,0.3150337971136816,QGBRT
ayas,343954.84487301274,0.2597849446456242,81938.84684171714,0.07079777123655415,QGBRT
aymavilles,40565.029718144484,0.1482552353810791,17793.82146082179,0.07721553284885609,QGBRT
bard,49260.755467903,0.2577897569065075,42616.650918036394,0.2207045389660294,QGBRT
bionaz,18518.998792269023,0.4062144543465485,16044.14519246627,0.34992239142561554,QGBRT
brissogne,30865.372528108226,0.06392662625394309,21323.21204012532,0.043609533178277475,QGBRT
brusson,73756.66666666667,0.2779259235996318,32365.971464429258,0.13191836168351054,QGBRT
challand saint anselme,17112.715812988245,0.1565495281743715,9868.772438104408,0.10350251458793608,QGBRT
challand saint victor,13166.466456941524,0.20788931232692,6702.775691108706,0.12085130730180906,QGBRT
chambave,16200.40700432872,0.11464856759389458,8091.241658665516,0.06341177869014389,QGBRT
chamois,61369.95956110823,0.4563095419418144,21651.46579200641,0.13915498672098803,QGBRT
champdepraz,16131.132850548214,0.18831402738130135,10240.093984567315,0.12829839027535814,QGBRT
champorcher,41369.12517640806,0.24872986444109355,12822.24384382582,0.0914241300484149,QGBRT
charvensod,42837.27901230067,0.1537283495709658,21752.557844848838,0.09098076993586489,QGBRT
chatillon,98097.9690076736,0.11376461978620334,172219.61838167667,0.19315894607955508,NN
cogne,151940.75,0.24235903397982,46265.635289636346,0.07256221512897382,QGBRT
courmayeur,785280.3663231066,0.414839176488009,310393.08660687774,0.1670440416168475,QGBRT
donnas,47576.891240682984,0.15597986782381162,22626.872749086124,0.08273642206627355,QGBRT
doues,5138.435174986008,0.41191712307979655,2035.328053534961,0.15295675614848653,QGBRT
emarese,4390.646822079164,0.17789554426001256,3275.8883011941466,0.13952484386724479,QGBRT
etroubles,17616.048432251177,0.17611638412045222,8589.04449119697,0.09079835837055503,QGBRT
fenis,34816.58179316628,0.16878791798648704,25583.437456952943,0.12956676595902908,QGBRT
fontainemore,7207.146640772226,0.15756806629893183,4019.1782255846397,0.08910776319945007,QGBRT
gaby,32783.72637536683,0.4561981353834655,67919.89843492267,0.6804490207095669,NN
gignod,8804.892328862305,0.1306037416742646,8496.3700412689,0.13737133529837992,QGBRT
gressan,349381.9589603863,0.3172484886302758,170414.73408212053,0.1452983029740529,QGBRT
gressoney la trinite,216420.67339211967,0.3663040165642879,88612.96058033363,0.1739651048010918,QGBRT
gressoney saint jean,96028.5869599199,0.30759399473621235,30835.221847655874,0.11373119393032256,QGBRT
hone,24451.416666666668,0.18320586687951002,11454.102428863109,0.09681188441652089,QGBRT
introd,16286.98671497615,0.16943484188549546,6466.727389159947,0.08286458530753651,QGBRT
issime,7574.908325837172,0.12424719975323284,6405.071989848336,0.10720917304731793,QGBRT
issogne,23830.03331865268,0.11636408608764573,17135.359648995753,0.0872027581611907,QGBRT
jovencan,21976.4239713451,0.19032410259206903,8535.758955164563,0.0882068970432495,QGBRT
la magdeleine,6747.070390545985,0.41068932258210045,4439.970641908465,0.2773921887153194,QGBRT
la salle,72573.60507246466,0.1655268455863953,46932.660444278925,0.11572194047061854,QGBRT
la thuile,350548.1296071325,0.7237633639472151,178784.5151255755,0.37343219639583897,QGBRT
lillianes,6767.942707813432,0.1543555663470003,4172.314014704919,0.10917967420890314,QGBRT
montjovet,27191.39814858721,0.14330123771140335,18681.53917054682,0.10631265808975922,QGBRT
morgex,85667.79227053148,0.08565478108538484,125385.47555355543,0.130126731059355,NN
nus,44301.97607632659,0.15978432171993603,24721.374052759376,0.10695592437228267,QGBRT
ollomont,8080.758771627846,0.24368684242024743,4732.777654936898,0.15118564695950168,QGBRT
oyace,3275.223867574889,0.1377921961386355,1757.2457559583247,0.07947346004812902,QGBRT
perloz,13834.966212270498,0.1562103711034682,9071.07455379396,0.10724219237649613,QGBRT
pollein,71086.63398995501,0.17094437965844775,31702.209264374495,0.07078461064677205,QGBRT
pontboset,3087.0434781902172,0.13860635407636607,1953.5771288701292,0.10084964756084261,QGBRT
pontey,21666.228260870168,0.17143511992649332,14017.30651699362,0.11562605339297435,QGBRT
pont saint martin,469387.246367669,0.6404988149951623,361030.26775672846,0.4880173508652093,QGBRT
pre saint didier,48974.429951690814,0.17126680930269222,24633.636714380264,0.09481389816033928,QGBRT
quart,112714.66666666667,0.17164925603401376,54185.871053398936,0.09349665592225728,QGBRT
rhemes notre dame,26252.719465332473,0.29350432688516936,49425.608283707064,0.744111293027337,NN
rhemes saint georges,8586.083333333334,0.1729670315961099,5831.840714458498,0.11887841726301583,QGBRT
roisan,24817.89284076681,0.231781065161492,10854.472237529711,0.11932600271706391,QGBRT
saint christophe,34882.873188405785,0.10089381691051522,18712.86854928341,0.05900057468233275,QGBRT
saint denis,10433.057639913803,0.34615714155530436,96705.70808919551,2.1556381232044246,NN
saint marcel,50493.525362170796,0.17428994924129498,19477.41168372751,0.06982357092135683,QGBRT
saint nicolas,9169.294686120367,0.1417000250417801,4940.891004921541,0.08499850639756905,QGBRT
saint oyen,6845.577153543649,0.17871427461866538,4363.590973403233,0.113049088257569,QGBRT
saint pierre,54342.32614653637,0.12600428367946312,26498.11493103285,0.06784687124400367,QGBRT
saint rhemy en bosses,43853.81971368868,0.20427812962413988,25506.29104992614,0.12144457160426038,QGBRT
saint vincent,203176.9576977586,0.14085567926757442,84934.92239969982,0.061542560630265426,QGBRT
sarre,63157.75135210223,0.14199431702030002,38726.324194237284,0.09768582522598739,QGBRT
torgnon,130412.95688285035,0.4441001405748624,33238.27388409818,0.115838938297946,QGBRT
valgrisenche,30924.3024717428,0.5894156762851289,23876.110105884327,0.45372643524079576,QGBRT
valpelline,66810.16341682384,2.6935999828762265,41898.661261174755,1.53383675291855,QGBRT
valsavarenche,7732.761365191828,0.14635733417290095,5003.351910442235,0.10051936861206096,QGBRT
valtournenche,810004.3312298934,0.3618168206787867,342187.93555222097,0.14848710470754245,QGBRT
verrayes,28662.552538708118,0.19106008319181014,15070.314994021368,0.09499129948021004,QGBRT
verres,330106.3065968857,0.38933111875536275,118342.32206188147,0.1389853522561599,QGBRT
villeneuve,27368.494812235673,0.1314331248957337,13804.608030533547,0.07057297747139239,QGBRT
