"rep","date","arrivals"
1,2025-01-01,172412.075728069
1,2025-02-01,157852.989658293
1,2025-03-01,142138.86073051
1,2025-04-01,71987.7175795192
1,2025-05-01,57588.9835481254
1,2025-06-01,130788.794239561
1,2025-07-01,250167.633468191
1,2025-08-01,258547.14344462
1,2025-09-01,108095.407732529
2,2025-01-01,118926.357182986
2,2025-02-01,130730.853131337
2,2025-03-01,110130.382106543
2,2025-04-01,86813.8550653001
2,2025-05-01,59009.0883320899
2,2025-06-01,98810.7533193044
2,2025-07-01,168940.938472851
2,2025-08-01,215586.691829392
2,2025-09-01,140623.593478841
3,2025-01-01,163352.560714204
3,2025-02-01,244182.773086667
3,2025-03-01,122801.35191711
3,2025-04-01,71167.1405612236
3,2025-05-01,53859.474252366
3,2025-06-01,125424.268058689
3,2025-07-01,238567.790837237
3,2025-08-01,310211.35501563
3,2025-09-01,180043.391044448
4,2025-01-01,138759.676980319
4,2025-02-01,186713.083171026
4,2025-03-01,115364.370905092
4,2025-04-01,64073.9444965365
4,2025-05-01,52663.7018486277
4,2025-06-01,132781.877582059
4,2025-07-01,309286.934547418
4,2025-08-01,322212.092153814
4,2025-09-01,261882.523380792
5,2025-01-01,168694.810025623
5,2025-02-01,159928.093896053
5,2025-03-01,130975.689508184
5,2025-04-01,107087.307409365
5,2025-05-01,79082.4677553342
5,2025-06-01,135211.830160582
5,2025-07-01,173088.7892752
5,2025-08-01,170984.076323733
5,2025-09-01,171012.514739526
6,2025-01-01,99964.2864861307
6,2025-02-01,119047.717277817
6,2025-03-01,115277.962177723
6,2025-04-01,69837.3921767674
6,2025-05-01,52477.7217652387
6,2025-06-01,114645.245616546
6,2025-07-01,175892.129785331
6,2025-08-01,271730.205627569
6,2025-09-01,108407.852117452
7,2025-01-01,138666.042755535
7,2025-02-01,154783.249053369
7,2025-03-01,67372.5809609334
7,2025-04-01,77056.3878031827
7,2025-05-01,100173.60639472
7,2025-06-01,303449.173245961
7,2025-07-01,428795.266974243
7,2025-08-01,371042.894977144
7,2025-09-01,262177.854287238
8,2025-01-01,179758.026142721
8,2025-02-01,172004.280625744
8,2025-03-01,137687.311123977
8,2025-04-01,109820.417434971
8,2025-05-01,57435.1312434541
8,2025-06-01,133033.54920998
8,2025-07-01,224505.676807152
8,2025-08-01,224774.916575542
8,2025-09-01,166899.490086867
9,2025-01-01,95114.3198523348
9,2025-02-01,97952.0775802968
9,2025-03-01,86595.148458703
9,2025-04-01,61730.3021013401
9,2025-05-01,49874.6575339114
9,2025-06-01,126694.114781822
9,2025-07-01,346822.987072436
9,2025-08-01,415095.984136212
9,2025-09-01,205450.306183762
10,2025-01-01,191089.126192501
10,2025-02-01,244324.416674655
10,2025-03-01,111516.721028619
10,2025-04-01,80708.7409083404
10,2025-05-01,64517.5126204453
10,2025-06-01,136929.28541741
10,2025-07-01,265036.991513186
10,2025-08-01,267395.207460522
10,2025-09-01,106381.902159068
11,2025-01-01,163180.826715729
11,2025-02-01,185870.511573972
11,2025-03-01,81807.3378752657
11,2025-04-01,57164.5968367878
11,2025-05-01,63062.405324606
11,2025-06-01,143077.344652601
11,2025-07-01,212299.887502946
11,2025-08-01,246896.760633118
11,2025-09-01,212513.569836786
12,2025-01-01,160595.631635745
12,2025-02-01,117823.704223291
12,2025-03-01,86462.4663789797
12,2025-04-01,57668.2641767377
12,2025-05-01,51562.8789986932
12,2025-06-01,127016.341968846
12,2025-07-01,209828.603473811
12,2025-08-01,219951.457104046
12,2025-09-01,123263.047882639
13,2025-01-01,100655.865799905
13,2025-02-01,131588.282602664
13,2025-03-01,106254.0673264
13,2025-04-01,47673.3857321195
13,2025-05-01,55005.1578522161
13,2025-06-01,164926.331069913
13,2025-07-01,285397.072792896
13,2025-08-01,290376.456124041
13,2025-09-01,270630.120669389
14,2025-01-01,172439.801455841
14,2025-02-01,206629.600940102
14,2025-03-01,196316.91982456
14,2025-04-01,80633.4933072959
14,2025-05-01,51233.0657357511
14,2025-06-01,140366.515586291
14,2025-07-01,214645.25871937
14,2025-08-01,273754.654380646
14,2025-09-01,149854.519351672
15,2025-01-01,87621.8929598587
15,2025-02-01,109717.528742549
15,2025-03-01,80640.9650373366
15,2025-04-01,46168.4591023944
15,2025-05-01,66108.9610947853
15,2025-06-01,148935.004335304
15,2025-07-01,265111.685776992
15,2025-08-01,528388.013869009
15,2025-09-01,165800.846336044
16,2025-01-01,124531.310659145
16,2025-02-01,164437.937553883
16,2025-03-01,179762.318337099
16,2025-04-01,70999.7769220196
16,2025-05-01,121014.495650348
16,2025-06-01,170630.708907759
16,2025-07-01,203670.581951268
16,2025-08-01,221619.088910512
16,2025-09-01,99371.0995555397
17,2025-01-01,103116.092771246
17,2025-02-01,124097.925116062
17,2025-03-01,113736.861106968
17,2025-04-01,70416.1595172426
17,2025-05-01,68275.7905097395
17,2025-06-01,140483.199845233
17,2025-07-01,258327.891747492
17,2025-08-01,401913.354129433
17,2025-09-01,155648.537560184
18,2025-01-01,124693.303291454
18,2025-02-01,147097.680735369
18,2025-03-01,112244.763453841
18,2025-04-01,62817.4065055206
18,2025-05-01,40607.257716613
18,2025-06-01,121095.842960128
18,2025-07-01,318708.686033307
18,2025-08-01,325158.677898886
18,2025-09-01,198718.617998307
19,2025-01-01,103705.061749214
19,2025-02-01,108859.597323876
19,2025-03-01,98263.9374580238
19,2025-04-01,76739.2560546264
19,2025-05-01,47721.8452581948
19,2025-06-01,130329.399409654
19,2025-07-01,356349.696511139
19,2025-08-01,352425.341779304
19,2025-09-01,170927.947344588
20,2025-01-01,135411.436760015
20,2025-02-01,176987.016301026
20,2025-03-01,94350.6159917443
20,2025-04-01,58311.109179624
20,2025-05-01,52509.9334882022
20,2025-06-01,127106.002204705
20,2025-07-01,215555.032087515
20,2025-08-01,236539.575585188
20,2025-09-01,225514.754899994
21,2025-01-01,113609.013072519
21,2025-02-01,125746.118363335
21,2025-03-01,83396.297140945
21,2025-04-01,55208.786922393
21,2025-05-01,78324.0071368586
21,2025-06-01,189843.203482352
21,2025-07-01,347669.971549392
21,2025-08-01,341919.486627154
21,2025-09-01,191342.875230078
22,2025-01-01,152734.539391718
22,2025-02-01,145245.306006931
22,2025-03-01,115306.345777126
22,2025-04-01,70022.4118872014
22,2025-05-01,60805.0387138997
22,2025-06-01,112766.505431771
22,2025-07-01,176806.751347107
22,2025-08-01,288856.948468534
22,2025-09-01,174096.237621221
23,2025-01-01,127982.620510798
23,2025-02-01,126090.795221663
23,2025-03-01,109738.6904105
23,2025-04-01,72820.7513760391
23,2025-05-01,49239.3399237211
23,2025-06-01,171836.122897826
23,2025-07-01,187581.220815671
23,2025-08-01,190864.736311378
23,2025-09-01,126452.065216754
24,2025-01-01,112926.451437744
24,2025-02-01,111785.336647443
24,2025-03-01,89868.8492869678
24,2025-04-01,75577.3668549152
24,2025-05-01,60992.9715410491
24,2025-06-01,149988.838755921
24,2025-07-01,397787.504579873
24,2025-08-01,301284.38030284
24,2025-09-01,129968.534387238
25,2025-01-01,131287.942029124
25,2025-02-01,133982.728207985
25,2025-03-01,115462.564459857
25,2025-04-01,79065.8171472027
25,2025-05-01,54574.8898756741
25,2025-06-01,167031.2256244
25,2025-07-01,433784.743309153
25,2025-08-01,482259.241294294
25,2025-09-01,295762.167794109
26,2025-01-01,179482.886716608
26,2025-02-01,239581.482105467
26,2025-03-01,228219.875198037
26,2025-04-01,112848.812289701
26,2025-05-01,76534.4277968222
26,2025-06-01,139165.22449192
26,2025-07-01,256264.060475892
26,2025-08-01,283333.274889199
26,2025-09-01,274676.254271814
27,2025-01-01,117447.361638973
27,2025-02-01,194059.06682675
27,2025-03-01,93723.3770003843
27,2025-04-01,71385.1948178947
27,2025-05-01,62173.7283169153
27,2025-06-01,146842.545017721
27,2025-07-01,213338.021782129
27,2025-08-01,229650.767364866
27,2025-09-01,95808.8008974566
28,2025-01-01,124551.202218283
28,2025-02-01,127635.100516796
28,2025-03-01,104677.981172938
28,2025-04-01,61761.9980065955
28,2025-05-01,51264.1075368133
28,2025-06-01,158691.947341884
28,2025-07-01,291694.671502405
28,2025-08-01,207035.953739847
28,2025-09-01,207838.842176681
29,2025-01-01,133706.602006043
29,2025-02-01,139869.171166263
29,2025-03-01,121886.25810239
29,2025-04-01,102603.430742671
29,2025-05-01,70877.0709372993
29,2025-06-01,124894.365838774
29,2025-07-01,233770.547114401
29,2025-08-01,228050.366442276
29,2025-09-01,136399.974979498
30,2025-01-01,155984.425959418
30,2025-02-01,309200.375035365
30,2025-03-01,147947.092569721
30,2025-04-01,113780.790674014
30,2025-05-01,70008.6132364511
30,2025-06-01,151482.602013704
30,2025-07-01,329837.275827346
30,2025-08-01,360851.163283249
30,2025-09-01,147828.626801056
31,2025-01-01,78102.58696269
31,2025-02-01,120011.546734943
31,2025-03-01,86069.158870697
31,2025-04-01,53502.9124053055
31,2025-05-01,50303.5004875318
31,2025-06-01,143499.149981525
31,2025-07-01,220989.676603158
31,2025-08-01,282250.719717092
31,2025-09-01,219460.945842655
32,2025-01-01,99724.4205168254
32,2025-02-01,99613.4366878567
32,2025-03-01,79966.8046005108
32,2025-04-01,72612.9257965786
32,2025-05-01,56517.7860981588
32,2025-06-01,181082.753605634
32,2025-07-01,459029.776467344
32,2025-08-01,257645.005614248
32,2025-09-01,118203.28674024
33,2025-01-01,151591.084951196
33,2025-02-01,156687.645265733
33,2025-03-01,104249.371699755
33,2025-04-01,65763.6401799864
33,2025-05-01,54323.2683248513
33,2025-06-01,119586.914360512
33,2025-07-01,257213.639387268
33,2025-08-01,551994.046569794
33,2025-09-01,146918.774533423
34,2025-01-01,91719.1407958767
34,2025-02-01,114467.761827884
34,2025-03-01,124795.751979895
34,2025-04-01,80122.6596446986
34,2025-05-01,59455.3936977755
34,2025-06-01,160207.679649272
34,2025-07-01,262271.103868579
34,2025-08-01,239664.673763529
34,2025-09-01,124158.747953512
35,2025-01-01,166035.092086157
35,2025-02-01,149203.778501685
35,2025-03-01,145072.735047149
35,2025-04-01,86664.6771707742
35,2025-05-01,77227.3182568873
35,2025-06-01,159388.333680753
35,2025-07-01,181521.368994167
35,2025-08-01,181576.433671778
35,2025-09-01,162981.900819862
36,2025-01-01,170755.66068386
36,2025-02-01,206246.895175626
36,2025-03-01,167663.310323602
36,2025-04-01,97740.2054606441
36,2025-05-01,70764.6045935673
36,2025-06-01,147390.867101901
36,2025-07-01,281979.995387432
36,2025-08-01,317213.790784512
36,2025-09-01,202034.317108228
37,2025-01-01,91777.5894081938
37,2025-02-01,140141.356233696
37,2025-03-01,85338.7980561557
37,2025-04-01,49895.019146653
37,2025-05-01,46648.5978346209
37,2025-06-01,144390.260485723
37,2025-07-01,293347.945233014
37,2025-08-01,354868.852281283
37,2025-09-01,126163.556606703
38,2025-01-01,112027.646467781
38,2025-02-01,155475.437524896
38,2025-03-01,118544.423824699
38,2025-04-01,68262.1755505245
38,2025-05-01,63893.5509641385
38,2025-06-01,125165.922237081
38,2025-07-01,219115.752728665
38,2025-08-01,232885.378581847
38,2025-09-01,185883.022717864
39,2025-01-01,84203.7719209063
39,2025-02-01,127960.203785723
39,2025-03-01,89732.1149561402
39,2025-04-01,66222.0912582115
39,2025-05-01,50690.2414847231
39,2025-06-01,144768.802533069
39,2025-07-01,262742.887380129
39,2025-08-01,343705.21883877
39,2025-09-01,101211.115561495
40,2025-01-01,98715.8035913872
40,2025-02-01,96567.2539159423
40,2025-03-01,80214.4482630367
40,2025-04-01,65109.5153201933
40,2025-05-01,53681.9123086234
40,2025-06-01,143630.45717667
40,2025-07-01,341773.293177004
40,2025-08-01,271800.673638677
40,2025-09-01,128687.240952695
41,2025-01-01,115518.205971642
41,2025-02-01,128579.036589556
41,2025-03-01,109423.103693347
41,2025-04-01,64074.7271510814
41,2025-05-01,50364.7945292892
41,2025-06-01,129557.993058517
41,2025-07-01,336843.234103534
41,2025-08-01,293095.988167036
41,2025-09-01,169390.206441558
42,2025-01-01,152460.357044644
42,2025-02-01,153696.784035513
42,2025-03-01,150978.555565972
42,2025-04-01,136088.842498239
42,2025-05-01,133067.08540157
42,2025-06-01,157029.048538118
42,2025-07-01,178943.558963399
42,2025-08-01,179969.018403911
42,2025-09-01,166009.528986716
43,2025-01-01,213307.04141437
43,2025-02-01,265494.742031308
43,2025-03-01,235341.017931895
43,2025-04-01,126713.577828172
43,2025-05-01,71323.4458940479
43,2025-06-01,151450.782433433
43,2025-07-01,223295.441787093
43,2025-08-01,299737.849589045
43,2025-09-01,166593.85627974
44,2025-01-01,180255.973169333
44,2025-02-01,217937.827267987
44,2025-03-01,189905.157362372
44,2025-04-01,91438.4655039613
44,2025-05-01,63242.5600725229
44,2025-06-01,135616.051018354
44,2025-07-01,217051.553105093
44,2025-08-01,221484.824843673
44,2025-09-01,240669.750456113
45,2025-01-01,153589.676781174
45,2025-02-01,165055.988520541
45,2025-03-01,163728.288093082
45,2025-04-01,74001.884500722
45,2025-05-01,47409.6304069412
45,2025-06-01,139474.127317185
45,2025-07-01,187347.195482251
45,2025-08-01,200662.211971232
45,2025-09-01,103238.500762876
46,2025-01-01,183592.716748477
46,2025-02-01,193159.178587759
46,2025-03-01,112145.498557149
46,2025-04-01,73779.5927612207
46,2025-05-01,54126.9549890468
46,2025-06-01,143610.052921438
46,2025-07-01,230416.081904902
46,2025-08-01,243514.749519071
46,2025-09-01,237035.023901038
47,2025-01-01,213560.182942805
47,2025-02-01,217792.395659404
47,2025-03-01,90922.2841920391
47,2025-04-01,61660.8950779448
47,2025-05-01,52950.1751624774
47,2025-06-01,133080.754740311
47,2025-07-01,223752.875308717
47,2025-08-01,231556.416991805
47,2025-09-01,93200.4430973357
48,2025-01-01,182165.347234025
48,2025-02-01,243172.265401173
48,2025-03-01,171591.751891814
48,2025-04-01,75103.1125939912
48,2025-05-01,55069.6166611191
48,2025-06-01,156545.410789179
48,2025-07-01,236921.90264529
48,2025-08-01,267994.696311135
48,2025-09-01,120979.795668617
49,2025-01-01,161379.829551237
49,2025-02-01,236095.962839144
49,2025-03-01,130669.868555864
49,2025-04-01,95157.3506837591
49,2025-05-01,65476.9443213367
49,2025-06-01,163427.719833629
49,2025-07-01,294247.807658447
49,2025-08-01,285164.724654607
49,2025-09-01,118235.865290252
50,2025-01-01,103823.354580433
50,2025-02-01,111640.137232507
50,2025-03-01,138101.868265705
50,2025-04-01,69462.6710301305
50,2025-05-01,53631.8836196508
50,2025-06-01,123915.921679558
50,2025-07-01,211724.420314863
50,2025-08-01,251000.621153047
50,2025-09-01,134764.343767612
