"model","comune_key","comune_nome","n_obs","actual_total","pred_total","mae","rmse","bias","mape","coverage_90","total_rel_error"
"multilevel","allein","Allein",9,221,1908.44747000407,187.494163333786,264.793590385495,187.494163333786,9.08738693454741,0.111111111111111,7.63550891404559
"multilevel","antey saint andre","Antey-Saint-André",9,16799,44237.0289297025,3048.66988107806,3994.69044571643,3048.66988107806,1.71581354274618,0.888888888888889,1.63331322874591
"multilevel","aosta","Aosta",9,121478,108403.690980343,3899.09809441198,4247.71655719978,-1452.70100218417,0.300801263472505,1,-0.107626969654238
"multilevel","arnad","Arnad",9,3474,10738.1855206393,807.131724515476,1118.85078936144,807.131724515476,1.81073849242579,0.777777777777778,2.09101483035097
"multilevel","arvier","Arvier",9,8747,4239.39271924745,500.84525341695,687.178309754854,-500.84525341695,0.476872653256083,1,-0.515331802989888
"multilevel","avise","Avise",9,916,1338.10300095177,55.9942851452954,79.7559944938725,46.9003334390855,0.505998998225871,1,0.460811136410228
"multilevel","ayas","Ayas",9,66587,9868.02175041025,6302.10869439886,7075.25385441932,-6302.10869439886,0.846357758936738,0.111111111111111,-0.851802577824346
"multilevel","aymavilles","Aymavilles",9,5712,3331.55735031592,264.493627742675,323.603086400124,-264.493627742675,0.422895669417359,1,-0.416744161359257
"multilevel","bard","Bard",9,6889,36293.4762868977,3267.16403187752,4139.23942805143,3267.16403187752,3.8606552972438,0.444444444444444,4.26832287514845
"multilevel","bionaz","Bionaz",9,8769,2088.96656955738,760.490942740077,1120.16710344354,-742.225936715847,0.679014680894346,0.444444444444444,-0.76177824500429
"multilevel","brissogne","Brissogne",9,365,2290.71970421397,213.968856023774,275.058530646003,213.968856023774,4.77638814121464,0.333333333333333,5.27594439510677
"multilevel","brusson","Brusson",9,24069,8975.7061517561,1677.03264980488,1901.83868918087,-1677.03264980488,0.618434137271504,0.777777777777778,-0.627084376095554
"multilevel","challand saint anselme","Challand-Saint-Anselme",9,4865,7851.34598964142,331.816221071269,521.123638220796,331.816221071269,0.490872379628075,1,0.613842957788575
"multilevel","challand saint victor","Challand-Saint-Victor",9,341,3858.14676330464,390.794084811627,487.021756368557,390.794084811627,15.6150931103385,0.111111111111111,10.3142133821251
"multilevel","chambave","Chambave",9,1334,6182.77170841855,538.752412046505,702.654887854913,538.752412046505,3.33227371397117,0.555555555555556,3.63476140061361
"multilevel","chamois","Chamois",9,3080,1895.85599675515,164.139165088119,211.448117413283,-131.571555916094,2.99835801378056,0.777777777777778,-0.38446233871586
"multilevel","champdepraz","Champdepraz",9,2921,2540.2866946396,114.657619571998,134.588198067537,-42.3014783733775,0.36832492834755,1,-0.130336633125778
"multilevel","champorcher","Champorcher",9,5002,2381.42435486211,296.705760039024,446.7556200884,-291.175071681988,0.419581707604287,1,-0.523905566800858
"multilevel","charvensod","Charvensod",9,19464,10628.2195366196,981.75338482005,1056.64146785558,-981.75338482005,0.479046102560857,1,-0.453955017641823
"multilevel","chatillon","Châtillon",9,25773,23159.8918378783,908.983800986508,999.91880368982,-290.345351346851,0.316847383762497,1,-0.101389367249512
"multilevel","cogne","Cogne",9,62861,4958.28444078596,6433.63506213489,7182.56943400915,-6433.63506213489,0.916659552013022,0,-0.921123042255358
"multilevel","courmayeur","Courmayeur",9,231129,13602.9593664165,24169.5600703982,29807.3921732556,-24169.5600703982,0.922909659978817,0,-0.941145596760179
"multilevel","donnas","Donnas",9,2348,6100.99568873422,416.999520970469,569.065206062122,416.999520970469,1.41137253895613,0.888888888888889,1.598379765219
"multilevel","doues","Doues",9,2301,3324.09127218019,130.394134103411,174.015619668036,113.676808020021,0.717286782844027,1,0.444628975306471
"multilevel","emarese","Emarèse",9,403,3973.57757462036,396.730841624485,519.406917476307,396.730841624485,28.1755691191668,0.111111111111111,8.85999398168824
"multilevel","etroubles","Etroubles",9,13645,2937.95335191453,1189.67184978727,1479.6055294689,-1189.67184978727,0.753293401357804,0.222222222222222,-0.784686452772845
"multilevel","fenis","Fénis",9,7013,4362.91848450665,294.453501721483,320.243794659345,-294.453501721483,0.407093787078382,1,-0.377881294095729
"multilevel","fontainemore","Fontainemore",9,1900,3409.20728738619,167.689698598466,201.464037707432,167.689698598466,2.45807086094119,0.777777777777778,0.794319624940103
"multilevel","gaby","Gaby",9,5410,5415.31662656666,94.7145442311479,116.401202523199,0.590736285183902,0.295759244276724,1,0.000982740585333647
"multilevel","gignod","Gignod",9,7182,6102.2268748262,132.56991020082,179.286134292536,-119.974791685978,0.162001350299868,1,-0.150344350483681
"multilevel","gressan","Gressan",9,36832,13437.5486542347,2663.99937917973,3591.84898316468,-2599.38348286281,0.505450387353305,0.777777777777778,-0.635166467901968
"multilevel","gressoney la trinite","Gressoney-La-Trinité",9,60507,7541.48054684524,5885.0577170172,7982.94940560636,-5885.0577170172,0.816554717340932,0.111111111111111,-0.875361849920749
"multilevel","gressoney saint jean","Gressoney-Saint-Jean",9,29157,8415.7886321267,2304.57904087481,2488.66803372675,-2304.57904087481,0.716875239556889,0.555555555555556,-0.711363012925654
"multilevel","hone","Hône",9,1030,6991.91096928483,662.434552142759,854.201233471408,662.434552142759,5.79989201639452,0.222222222222222,5.78826307697557
"multilevel","introd","Introd",9,4684,5122.24070449102,116.228106958824,182.612467250996,48.6934116101135,0.201010858559943,1,0.0935612093277159
"multilevel","issime","Issime",9,851,1849.66629936277,114.689107505328,175.748715233465,110.962922151419,1.29280224387863,0.777777777777778,1.17352091581994
"multilevel","issogne","Issogne",9,561,3700.25848782464,348.806498647182,478.873413754048,348.806498647182,5.46388043561679,0.222222222222222,5.5958261815056
"multilevel","jovencan","Jovençan",9,5539,26909.8078603761,2374.53420670845,3185.84124434069,2374.53420670845,3.69995657402296,0.555555555555556,3.85824297894495
"multilevel","la magdeleine","La Magdeleine",9,979,990.04374419951,28.3411758499511,32.7375644762341,1.22708268883446,0.409563551122226,1,0.0112806375888765
"multilevel","la salle","La Salle",9,20341,5614.94138022322,1636.22873553075,1746.62785738674,-1636.22873553075,0.737395835320057,0.333333333333333,-0.723959422829595
"multilevel","la thuile","La Thuile",9,63799,6793.87259830171,6338.3360174905,7449.96254419943,-6333.90304463314,0.816486980443836,0.111111111111111,-0.893511299576769
"multilevel","lillianes","Lillianes",9,1777,5805.50028486386,447.611142762651,604.653755507978,447.611142762651,2.5373524400902,0.777777777777778,2.26702323290032
"multilevel","montjovet","Montjovet",9,4725,40940.4528512203,4023.93920569115,5122.60998752293,4023.93920569115,7.7011383595375,0.111111111111111,7.66464610607838
"multilevel","morgex","Morgex",9,13505,4800.11151879828,967.209831244635,1073.72426434668,-967.209831244635,0.65377142948877,0.888888888888889,-0.644567825338891
"multilevel","nus","Nus",9,13998,6956.9161087271,782.342654585877,833.81848913089,-782.342654585877,0.516205057081538,0.888888888888889,-0.503006421722596
"multilevel","ollomont","Ollomont",9,861,742.186396270125,48.294051569479,68.7651595356991,-13.2015115255417,2.40653084655786,0.777777777777778,-0.13799489399521
"multilevel","oyace","Oyace",9,65,335.811213092246,30.0901347880273,35.4261010569482,30.0901347880273,3.49168743482656,0.222222222222222,4.16632635526532
"multilevel","perloz","Perloz",9,884,4294.99904898884,378.999894332093,497.607490554273,378.999894332093,3.43975632376032,0.555555555555556,3.85859620926339
"multilevel","pollein","Pollein",9,28775,23276.6109385005,1190.70966951077,1296.46990022154,-610.932117944394,0.37672596811108,1,-0.191082156785388
"multilevel","pont saint martin","Pont-Saint-Martin",9,6102,18712.8158903482,1401.20176559424,1855.45742761759,1401.20176559424,1.79722376647902,0.777777777777778,2.06666927078797
"multilevel","pontboset","Pontboset",9,1991,2661.39685406861,82.993653079958,112.212797235281,74.4885393409567,0.318712800157801,1,0.336713638407137
"multilevel","pontey","Pontey",9,919,7836.70701500706,768.634112778562,1001.58169413585,768.634112778562,8.71605151505509,0.111111111111111,7.52742874320681
"multilevel","pre saint didier","Pré-Saint-Didier",9,46900,8770.18345945572,4236.6462822827,4376.06995075118,-4236.6462822827,0.821426908720732,0.111111111111111,-0.813002484873013
"multilevel","quart","Quart",9,7286,9382.76629074982,314.792323220709,451.810761910281,232.974032305536,0.323030687402603,1,0.287780166174832
"multilevel","rhemes notre dame","Rhêmes-Notre-Dame",9,8492,2703.44900584226,643.172332684194,774.239162047548,-643.172332684194,0.641160708525584,0.777777777777778,-0.681647549947921
"multilevel","rhemes saint georges","Rhêmes-Saint-Georges",9,4726,1612.52230202612,378.628266731476,636.022807350886,-345.941966441542,0.741570992618045,0.777777777777778,-0.658797650862013
"multilevel","roisan","Roisan",9,1305,8146.51059218488,760.167843576097,990.732466752806,760.167843576097,4.65254093756011,0.111111111111111,5.24253685224895
"multilevel","saint christophe","Saint-Christophe",9,7085,19098.6314568647,1334.84793965164,1853.23147695776,1334.84793965164,1.50151278749952,0.777777777777778,1.6956431131778
"multilevel","saint denis","Saint-Denis",9,401,10213.5148224469,1090.27942471633,1553.39260329761,1090.27942471633,38.3441262194286,0,24.4701117766756
"multilevel","saint marcel","Saint-Marcel",9,1071,1673.59765576817,68.9227976189764,104.446474672616,66.9552950853523,0.49788391697031,1,0.562649538532372
"multilevel","saint nicolas","Saint-Nicolas",9,3251,4196.38724652054,233.20592039465,318.407423005482,105.043027391171,0.62455254871607,1,0.290798906958026
"multilevel","saint oyen","Saint-Oyen",9,3658,1985.85877198806,185.793469779104,255.812974956701,-185.793469779104,0.427897753678701,0.888888888888889,-0.45711897977363
"multilevel","saint pierre","Saint-Pierre",9,8448,10430.0105747531,365.838297233475,524.007328021038,220.223397194793,0.330638116185887,1,0.234612994170589
"multilevel","saint rhemy en bosses","Saint-Rhémy-en-Bosses",9,6294,1826.03379825952,496.440689082276,703.359434223578,-496.440689082276,0.589344246821497,0.666666666666667,-0.709877057791624
"multilevel","saint vincent","Saint-Vincent",9,59218,42656.0996631114,2250.75371284139,2590.97629801833,-1840.21114854318,0.355028925933834,1,-0.279676793152227
"multilevel","sarre","Sarre",9,26239,8363.35355133304,1986.18293874077,2750.06109318114,-1986.18293874077,0.608254961502116,0.777777777777778,-0.681262488992224
"multilevel","torgnon","Torgnon",9,14102,5270.13139368948,981.318734034502,1218.03527396593,-981.318734034502,0.506470625382459,0.777777777777778,-0.62628482529503
"multilevel","valgrisenche","Valgrisenche",9,10192,2325.78573690875,874.023807010139,1363.71043821919,-874.023807010139,0.645226229293608,0.555555555555556,-0.771802812312721
"multilevel","valpelline","Valpelline",9,4900,2850.11025395506,257.597708721722,427.259453613307,-227.765527338327,0.380852264646801,1,-0.418344846131621
"multilevel","valsavarenche","Valsavarenche",9,25334,2870.52711146562,2495.94143205938,3656.14791205434,-2495.94143205938,0.752489248463235,0.222222222222222,-0.886692701055277
"multilevel","valtournenche","Valtournenche",9,135375,14269.8501141714,13456.1277650921,15327.1879251993,-13456.1277650921,0.883761495897841,0.111111111111111,-0.894590211529666
"multilevel","verrayes","Verrayes",9,3739,7786.10833376332,449.67870375148,643.440004362962,449.67870375148,0.959141170537264,1,1.08240394056254
"multilevel","verres","Verrès",9,1870,30076.3366728007,3134.03740808896,4096.05090108652,3134.03740808896,13.0581504843522,0,15.0836024988239
"multilevel","villeneuve","Villeneuve",9,2581,27253.9734555344,2741.44149505937,3347.09890351085,2741.44149505937,10.2965937077247,0.111111111111111,9.55946278788623
"nnetar_share","allein","Allein",9,221,228.609557106305,2.30526718857751,3.53433409911011,0.845506345145044,0.14035747177341,0.888888888888889,0.0344323850964045
"nnetar_share","antey saint andre","Antey-Saint-André",9,16799,16432.6674227693,154.494366163949,200.262822267729,-40.7036196923025,0.110139858621218,1,-0.0218068085737676
"nnetar_share","aosta","Aosta",9,121478,121513.234692833,1424.21947487256,2237.78364654561,3.91496587035464,0.10814110224003,1,0.00029004999121814
"nnetar_share","arnad","Arnad",9,3474,3543.98232321281,41.4124164942687,67.695868077832,7.77581369031195,0.113228470752785,1,0.0201445950526216
"nnetar_share","arvier","Arvier",9,8747,8820.85230907854,88.6151829434194,106.491461059047,8.20581211983737,0.137618926778832,1,0.00844315869195571
"nnetar_share","avise","Avise",9,916,932.990331154859,11.5295021263698,19.7064652222663,1.88781457276215,0.121432436495566,1,0.0185483964572701
"nnetar_share","ayas","Ayas",9,66587,66141.603973099,695.883831938732,945.410911643945,-49.4884474334437,0.130175001502694,1,-0.0066889336792617
"nnetar_share","aymavilles","Aymavilles",9,5712,5637.06195438026,55.8840123565556,72.6912443687756,-8.32644951330437,0.119154632881152,1,-0.0131194057457527
"nnetar_share","bard","Bard",9,6889,6862.03767220547,76.2386012220792,109.951966360866,-2.99581419939249,0.116920367830033,1,-0.00391382316657454
"nnetar_share","bionaz","Bionaz",9,8769,9371.72911519923,113.865863898628,181.27775434523,66.9699016888038,0.156852992628446,1,0.0687340763142016
"nnetar_share","brissogne","Brissogne",9,365,360.629839539179,4.23116428179157,6.28730145431745,-0.485573384535719,0.113116114213888,1,-0.011973042358415
"nnetar_share","brusson","Brusson",9,24069,23895.6665226057,218.958930477768,331.820591422348,-19.2592752660353,0.112499397634624,1,-0.00720152384371254
"nnetar_share","challand saint anselme","Challand-Saint-Anselme",9,4865,4974.31841700874,56.8897271542786,88.5992920730972,12.1464907787489,0.119294903474643,1,0.0224703837633588
"nnetar_share","challand saint victor","Challand-Saint-Victor",9,341,325.138616727948,3.69707320527244,4.10793369258077,-1.76237591911684,0.128156690351015,1,-0.046514320445899
"nnetar_share","chambave","Chambave",9,1334,1316.0028844637,14.1209236874779,19.3749345999711,-1.99967950403283,0.110572758344895,1,-0.0134910911066683
"nnetar_share","chamois","Chamois",9,3080,3109.9194428973,33.7636901445188,46.2344156537699,3.3243825441444,0.160668045567676,1,0.0097141048367856
"nnetar_share","champdepraz","Champdepraz",9,2921,3017.11763766416,40.5113094779267,72.7341155091751,10.6797375182397,0.12069378361925,1,0.0329057301143985
"nnetar_share","champorcher","Champorcher",9,5002,4999.39832694009,44.851375474408,65.0135504164988,-0.289074784434272,0.124463052663363,1,-0.000520126561357164
"nnetar_share","charvensod","Charvensod",9,19464,19616.519792101,238.192759825328,392.032429743737,16.94664356678,0.108321373889116,1,0.00783599425097711
"nnetar_share","chatillon","Châtillon",9,25773,25664.4152169379,287.104371772751,427.081723083188,-12.0649758957905,0.108408687882354,1,-0.00421312160253417
"nnetar_share","cogne","Cogne",9,62861,63879.6876737586,728.932984309013,1141.41916616024,113.187519306511,0.11897949451924,1,0.0162054003874994
"nnetar_share","courmayeur","Courmayeur",9,231129,241184.495279177,3065.0714487515,4911.13437564599,1117.27725324192,0.139070717582871,1,0.0435059870426354
"nnetar_share","donnas","Donnas",9,2348,2394.29220627485,26.5926977362506,36.6274027899889,5.14357847498364,0.126741328612945,1,0.0197155904066665
"nnetar_share","doues","Doues",9,2301,2472.76836431143,36.0058102678349,65.8401033449679,19.0853738123806,0.134275442824924,1,0.0746494412479033
"nnetar_share","emarese","Emarèse",9,403,393.461823439808,2.86616561514635,3.56313744470953,-1.0597973955769,0.115235379114911,1,-0.0236679319111466
"nnetar_share","etroubles","Etroubles",9,13645,14775.1488133463,224.900227366932,371.642607085191,125.572090371811,0.154690304217938,1,0.0828251237336971
"nnetar_share","fenis","Fénis",9,7013,7049.31315411091,73.7058087797966,119.056812414076,4.0347949012127,0.11102839561465,1,0.00517797720104295
"nnetar_share","fontainemore","Fontainemore",9,1900,2102.01799356555,28.9384457304659,46.271015839913,22.4464437295056,0.156711041077178,1,0.106325259771342
"nnetar_share","gaby","Gaby",9,5410,5361.29048593527,46.7453789747314,70.6989826453506,-5.41216822941453,0.113423025463884,1,-0.00900360703599458
"nnetar_share","gignod","Gignod",9,7182,7225.02959884081,77.2321015779055,111.275664148243,4.7810665378679,0.118057939662684,1,0.00599131145096234
"nnetar_share","gressan","Gressan",9,36832,34587.4360247005,321.618773118006,474.710319754318,-249.395997255497,0.111904528682716,1,-0.0609405944640388
"nnetar_share","gressoney la trinite","Gressoney-La-Trinité",9,60507,62230.6022678403,593.531196888669,842.796236183482,191.511363093369,0.148579040369866,1,0.0284859977827412
"nnetar_share","gressoney saint jean","Gressoney-Saint-Jean",9,29157,28768.8476472606,305.105151370099,418.866554430704,-43.1280391932667,0.120321917499381,1,-0.0133124928058237
"nnetar_share","hone","Hône",9,1030,1038.4727483991,10.7998831199013,14.5008278496565,0.941416488788742,0.120155802425612,1,0.00822596931951329
"nnetar_share","introd","Introd",9,4684,4687.1931390784,45.5547391889614,63.5580605605331,0.354793230933274,0.111062698384676,1,0.000681712015029745
"nnetar_share","issime","Issime",9,851,861.117601012655,11.3828323701623,18.8579861792408,1.12417789029502,0.113439686496662,1,0.0118890728703351
"nnetar_share","issogne","Issogne",9,561,585.645373348628,8.06498832249974,13.7514236337654,2.73837481651427,0.112508736966509,1,0.0439311467889989
"nnetar_share","jovencan","Jovençan",9,5539,5472.58874334727,57.8966632014194,87.2941236696331,-7.37902851697044,0.10290177249478,1,-0.0119897556693868
"nnetar_share","la magdeleine","La Magdeleine",9,979,980.152921899407,9.07233918409643,11.7061219024888,0.128102433267398,0.130893992709881,1,0.00117765260409252
"nnetar_share","la salle","La Salle",9,20341,19863.773516204,202.159286762796,272.629102046557,-53.0251648662196,0.11269703512847,1,-0.0234613088735056
"nnetar_share","la thuile","La Thuile",9,63799,62371.6163640959,724.785807064751,873.445843348115,-158.598181767122,0.145860789628333,1,-0.022373134937916
"nnetar_share","lillianes","Lillianes",9,1777,1907.41220663632,23.4420545696497,35.78735274267,14.4902451818138,0.14782896064071,1,0.0733889739090176
"nnetar_share","montjovet","Montjovet",9,4725,4673.23231566912,51.3400859973389,72.2859186694216,-5.75196492565365,0.112810335316214,1,-0.0109561236679117
"nnetar_share","morgex","Morgex",9,13505,13412.7868312228,140.858209391542,214.072538474639,-10.2459076419137,0.110969256085149,1,-0.00682807617750637
"nnetar_share","nus","Nus",9,13998,13732.2457110381,145.144335629326,202.69916242077,-29.5282543291,0.106628322457861,1,-0.0189851613774753
"nnetar_share","ollomont","Ollomont",9,861,984.890899283346,16.0808450300524,28.4745908396237,13.7656554759273,0.194147250721549,0.888888888888889,0.143891869086348
"nnetar_share","oyace","Oyace",9,65,63.7837710329747,0.781913112191131,1.2548593724576,-0.135136551891701,0.132238020216604,0.666666666666667,-0.0187112148773124
"nnetar_share","perloz","Perloz",9,884,890.624834333203,11.0263862932578,15.888727280663,0.736092703689197,0.116875941631281,1,0.00749415648552351
"nnetar_share","pollein","Pollein",9,28775,28670.7271133189,347.690141117773,565.201137861582,-11.5858762979015,0.103464573700014,1,-0.00362373194373978
"nnetar_share","pont saint martin","Pont-Saint-Martin",9,6102,6198.18547168566,79.3874977167068,129.638966339346,10.6872746317398,0.112659398566774,1,0.0157629419347194
"nnetar_share","pontboset","Pontboset",9,1991,2034.38197423395,22.912855592041,31.3700335962137,4.82021935932761,0.125831285815961,1,0.0217890377870158
"nnetar_share","pontey","Pontey",9,919,922.517337588491,7.86126572435171,10.2438507502069,0.39081528761007,0.109929858199073,1,0.00382735319748704
"nnetar_share","pre saint didier","Pré-Saint-Didier",9,46900,45888.0903009769,526.216427974612,693.785737741731,-112.434411002562,0.115423396026182,1,-0.02157589976595
"nnetar_share","quart","Quart",9,7286,7234.58962526754,81.7368974552195,124.21056806016,-5.71226385916221,0.109451031074671,1,-0.00705604923585778
"nnetar_share","rhemes notre dame","Rhêmes-Notre-Dame",9,8492,8299.39052451698,93.3244817981935,125.489611596957,-21.4010528314461,0.129318150695857,1,-0.0226812853842458
"nnetar_share","rhemes saint georges","Rhêmes-Saint-Georges",9,4726,5011.82578357666,48.0080934181829,75.9425154286695,31.7584203974064,0.170417939361253,1,0.0604794294491447
"nnetar_share","roisan","Roisan",9,1305,1375.05599939345,18.8737281192472,29.3852581752872,7.78399993260544,0.13166276297548,1,0.0536827581558996
"nnetar_share","saint christophe","Saint-Christophe",9,7085,7021.64873676801,75.0334003394337,113.582673595833,-7.0390292479991,0.103160243245096,1,-0.00894160384361209
"nnetar_share","saint denis","Saint-Denis",9,401,391.9363304116,3.42978701239389,4.27555805263641,-1.00707439871109,0.114096496701532,1,-0.0226026673027428
"nnetar_share","saint marcel","Saint-Marcel",9,1071,1059.68123609765,10.3456735046928,13.3437321718082,-1.25764043359494,0.11136124518533,1,-0.0105684070049995
"nnetar_share","saint nicolas","Saint-Nicolas",9,3251,3199.98095713349,35.1397322596541,48.8010419710769,-5.66878254072331,0.114424514191448,1,-0.0156933383163672
"nnetar_share","saint oyen","Saint-Oyen",9,3658,3670.69813449611,42.4791060956356,51.6090445943041,1.4109038329008,0.140318862102956,1,0.00347133255771112
"nnetar_share","saint pierre","Saint-Pierre",9,8448,8293.9292495018,83.6934187542496,120.857958558234,-17.1189722775776,0.104975684256949,1,-0.0182375414888966
"nnetar_share","saint rhemy en bosses","Saint-Rhémy-en-Bosses",9,6294,6582.87976912956,82.272324576431,127.289707992418,32.0977521255067,0.142464359261078,1,0.0458976436494376
"nnetar_share","saint vincent","Saint-Vincent",9,59218,60080.8658932869,712.726152810904,1093.40963860347,95.8739881429904,0.113401601841183,1,0.0145710070128494
"nnetar_share","sarre","Sarre",9,26239,27040.1370602914,298.825748345724,472.189035053563,89.0152289212679,0.123919371109287,1,0.0305323015469877
"nnetar_share","torgnon","Torgnon",9,14102,13670.6482882792,134.337481055424,162.897198474505,-47.9279679689722,0.130322559649276,1,-0.030587981259449
"nnetar_share","valgrisenche","Valgrisenche",9,10192,10718.6507053283,119.853670470895,185.902683177129,58.5167450364763,0.149591590605707,1,0.0516729498948475
"nnetar_share","valpelline","Valpelline",9,4900,5133.09856907853,53.8496558253689,80.9143425062682,25.899841008726,0.143640495360831,1,0.0475711365466395
"nnetar_share","valsavarenche","Valsavarenche",9,25334,29430.6806084071,520.810088614646,782.705589737418,455.18673426746,0.204979350445011,0.888888888888889,0.161706821204987
"nnetar_share","valtournenche","Valtournenche",9,135375,129118.990751681,1474.89130114327,1678.60785410493,-695.112138702098,0.132739649762535,1,-0.0462124413541561
"nnetar_share","verrayes","Verrayes",9,3739,3725.96774336754,36.7351085802963,50.4769690207233,-1.44802851471776,0.106141032124077,1,-0.00348549254679322
"nnetar_share","verres","Verrès",9,1870,1915.87092758033,23.4422598555088,40.2857069179683,5.09676973114808,0.113324475080156,1,0.0245299077969694
"nnetar_share","villeneuve","Villeneuve",9,2581,2563.57196576808,24.8832478254816,29.6289982212025,-1.93644824799091,0.117738798199741,1,-0.00675243480508252
"reconciled","allein","Allein",9,221,3005.73112285286,309.414569205874,408.050139470419,309.414569205874,21.7129374161179,0,12.6005933160763
"reconciled","antey saint andre","Antey-Saint-André",9,16799,78118.3777300663,6813.26419222959,7620.54967626138,6813.26419222959,3.71720504275323,0.222222222222222,3.65018023275589
"reconciled","aosta","Aosta",9,121478,188495.920896653,8139.10081455978,9962.19119899461,7446.43565518366,0.577177977591966,1,0.551687720382727
"reconciled","arnad","Arnad",9,3474,17911.066839759,1604.118537751,1924.74179646491,1604.118537751,4.33362368283962,0.222222222222222,4.15574750712694
"reconciled","arvier","Arvier",9,8747,7451.70706786938,303.767960982569,442.4782806097,-143.921436903402,0.282108566179533,1,-0.148084249700539
"reconciled","avise","Avise",9,916,2300.77188411274,153.863542679194,178.455792162826,153.863542679194,1.48638311255106,1,1.51175969881304
"reconciled","ayas","Ayas",9,66587,19897.4469551459,5187.7281160949,6053.35248246323,-5187.7281160949,0.704483150912594,0.333333333333333,-0.701181207215435
"reconciled","aymavilles","Aymavilles",9,5712,5887.00702982234,166.698903205314,208.697791263467,19.4452255358159,0.27493846551682,1,0.0306384856131554
"reconciled","bard","Bard",9,6889,62221.382590525,6148.04251005833,7003.46410145349,6148.04251005833,8.14886544778794,0,8.03199050522935
"reconciled","bionaz","Bionaz",9,8769,3595.87374315496,691.68477628374,1005.14715682711,-574.791806316115,0.867432689205582,0.888888888888889,-0.589933431046304
"reconciled","brissogne","Brissogne",9,365,3841.54648695828,386.282942995365,445.853321181997,386.282942995365,9.01549116813891,0,9.52478489577612
"reconciled","brusson","Brusson",9,24069,16461.6410441099,961.380207619353,1202.36232051526,-845.262106210014,0.331127070726239,1,-0.316064604091991
"reconciled","challand saint anselme","Challand-Saint-Anselme",9,4865,13553.105827379,965.345091930999,1125.53626373989,965.345091930999,1.77966911326274,0.888888888888889,1.78583881343864
"reconciled","challand saint victor","Challand-Saint-Victor",9,341,6497.09939274501,684.011043638335,775.195075517815,684.011043638335,26.8665227568234,0,18.0530773980792
"reconciled","chambave","Chambave",9,1334,10371.9339601974,1004.21488446637,1157.70377801564,1004.21488446637,6.46725209231938,0,6.77506293867869
"reconciled","chamois","Chamois",9,3080,3658.33326691822,101.028279128698,120.967340222126,64.2592518798017,4.72576980208965,0.777777777777778,0.187770541207213
"reconciled","champdepraz","Champdepraz",9,2921,4412.42422074208,188.722200034702,235.000271245933,165.713802304676,0.608537575401097,1,0.510586860918206
"reconciled","champorcher","Champorcher",9,5002,4284.90915364282,253.201591622491,353.090863157331,-79.6767607063532,0.478196560729646,1,-0.143360824941459
"reconciled","charvensod","Charvensod",9,19464,18786.1205989764,652.678639008319,742.794033106294,-75.3199334470677,0.313616547586269,1,-0.034827342839273
"reconciled","chatillon","Châtillon",9,25773,40883.8503873064,1879.90385166831,2205.13488556055,1678.98337636738,0.621228778167965,1,0.586305450948917
"reconciled","cogne","Cogne",9,62861,9573.47649299816,5920.83594522243,6744.11506785754,-5920.83594522243,0.834708528076558,0.111111111111111,-0.847704037590904
"reconciled","courmayeur","Courmayeur",9,231129,26849.5502874918,22697.7166347231,28826.4147622608,-22697.7166347231,0.845652050313247,0.111111111111111,-0.883833053024537
"reconciled","donnas","Donnas",9,2348,10178.1213966061,870.013488511792,1027.07419715811,870.013488511792,3.45304425060178,0.222222222222222,3.33480468339273
"reconciled","doues","Doues",9,2301,5627.82489770105,369.647210855672,421.619293472646,369.647210855672,2.28621742770659,0.777777777777778,1.4458169916128
"reconciled","emarese","Emarèse",9,403,6662.31353530528,695.479281700586,821.397622513981,695.479281700586,48.9313810569831,0,15.5317953729659
"reconciled","etroubles","Etroubles",9,13645,5220.57163067938,977.141204227947,1299.71111962844,-936.04759659118,0.554833678568974,0.888888888888889,-0.617400393500962
"reconciled","fenis","Fénis",9,7013,7665.67372867453,266.208345599947,302.988962818993,72.5193031860588,0.44419791761638,1,0.0930662667438371
"reconciled","fontainemore","Fontainemore",9,1900,5660.68581105803,417.853979006448,472.202002525759,417.853979006448,5.95778979309937,0.444444444444444,1.97930832160949
"reconciled","gaby","Gaby",9,5410,9622.13205808029,468.014673120033,495.247998826652,468.014673120033,0.99748609212904,1,0.778582635504675
"reconciled","gignod","Gignod",9,7182,10465.4970668965,381.052300984033,424.469908166521,364.833007432946,0.739673648273178,1,0.457184219840784
"reconciled","gressan","Gressan",9,36832,25533.8066112567,1582.93995157224,2017.55894351824,-1255.35482097148,0.476821875476404,1,-0.306749386097505
"reconciled","gressoney la trinite","Gressoney-La-Trinité",9,60507,14823.5273345801,5134.99486994065,7565.67584083444,-5075.94140726887,0.638025217715596,0.555555555555556,-0.755011365055611
"reconciled","gressoney saint jean","Gressoney-Saint-Jean",9,29157,16068.7363686271,1463.33366788445,1725.5489149785,-1454.25151459699,0.466473981632967,1,-0.448889242081589
"reconciled","hone","Hône",9,1030,11698.7380040897,1185.41533378775,1387.12364124079,1185.41533378775,12.3038117099645,0,10.357998062223
"reconciled","introd","Introd",9,4684,8889.09513936289,467.232793262543,546.295103425774,467.232793262543,0.942059834554023,1,0.897757288506168
"reconciled","issime","Issime",9,851,3180.4564730799,258.828497008878,308.050412470607,258.828497008878,2.81362917654085,0.666666666666667,2.73731665461798
"reconciled","issogne","Issogne",9,561,5933.428079282,596.936453253555,746.5928875945,596.936453253555,10.4742795311183,0.111111111111111,9.57652064043137
"reconciled","jovencan","Jovençan",9,5539,45280.0968242681,4415.67742491867,5182.55070113237,4415.67742491867,6.90822188312253,0,7.17477826760572
"reconciled","la magdeleine","La Magdeleine",9,979,1752.58579137389,85.9539768193212,92.3998319449214,85.9539768193212,1.12014793239442,1,0.790179562179664
"reconciled","la salle","La Salle",9,20341,10547.5313925189,1151.52571073193,1300.94960000011,-1088.16317860901,0.527401547988534,0.888888888888889,-0.48146446130874
"reconciled","la thuile","La Thuile",9,63799,13546.4391403932,5593.94247990498,6705.95445014655,-5583.61787328964,0.753818944090985,0.333333333333333,-0.787670039649631
"reconciled","lillianes","Lillianes",9,1777,9358.00481593173,842.333868436859,1039.62698376572,842.333868436859,6.25804806352319,0.111111111111111,4.26618166343935
"reconciled","montjovet","Montjovet",9,4725,68945.5378495029,7135.61531661143,8226.84010993716,7135.61531661143,14.9957029978072,0,13.591648222117
"reconciled","morgex","Morgex",9,13505,8673.1768431813,601.03260881173,723.120266412575,-536.869239646522,0.400631478592581,1,-0.357780315203162
"reconciled","nus","Nus",9,13998,12383.0198657734,333.438301325301,417.621040993279,-179.442237136292,0.228108428874445,1,-0.11537220561699
"reconciled","ollomont","Ollomont",9,861,1249.96067973732,65.7717001596597,72.7355159514618,43.2178533041463,6.17375592132827,0.666666666666667,0.451754564154839
"reconciled","oyace","Oyace",9,65,583.554069585364,57.6171188428182,63.8227522635471,57.6171188428182,6.33419725534883,0,7.9777549166979
"reconciled","perloz","Perloz",9,884,7182.90500321525,699.878333690583,819.619357608532,699.878333690583,7.03972271396661,0.111111111111111,7.12545814843354
"reconciled","pollein","Pollein",9,28775,40853.0204322701,1891.80950224798,2229.34907585715,1342.00227025223,0.612574594112632,1,0.419740067151002
"reconciled","pont saint martin","Pont-Saint-Martin",9,6102,32010.9336701516,2878.77040779462,3296.23563042037,2878.77040779462,4.13816659515943,0.111111111111111,4.24597405279443
"reconciled","pontboset","Pontboset",9,1991,4494.47790688634,278.938674903534,322.144878181571,278.16421187626,1.42806638056129,1,1.25739724102779
"reconciled","pontey","Pontey",9,919,12892.6983444786,1330.41092716428,1578.38436738541,1330.41092716428,15.9432196278659,0,13.0290515173869
"reconciled","pre saint didier","Pré-Saint-Didier",9,46900,16835.0671585374,3340.54809349585,3403.6516289099,-3340.54809349585,0.673767411089278,0.666666666666667,-0.641043344167647
"reconciled","quart","Quart",9,7286,16265.6957165998,997.743968511087,1148.65340458627,997.743968511087,1.1903381248164,1,1.23245892349709
"reconciled","rhemes notre dame","Rhêmes-Notre-Dame",9,8492,5061.65854177058,381.14905091438,481.451800676694,-381.14905091438,0.381984972466453,1,-0.403949771341194
"reconciled","rhemes saint georges","Rhêmes-Saint-Georges",9,4726,2740.29336090519,372.819026655377,551.054500671433,-220.634071010535,1.37228134736732,0.888888888888889,-0.420166449237159
"reconciled","roisan","Roisan",9,1305,13649.2018798977,1371.5779866553,1605.12879426488,1371.5779866553,9.29790603912917,0,9.45915852865721
"reconciled","saint christophe","Saint-Christophe",9,7085,32398.7017187292,2812.63352430325,3269.61849076716,2812.63352430325,3.45178897543548,0.333333333333333,3.57285839361034
"reconciled","saint denis","Saint-Denis",9,401,16201.5635871749,1755.61817635276,2306.7200159419,1755.61817635276,61.3276641423267,0,39.402901713653
"reconciled","saint marcel","Saint-Marcel",9,1071,2846.87289232947,197.31921025883,230.412140051541,197.31921025883,1.70793164202423,1,1.65814462402379
"reconciled","saint nicolas","Saint-Nicolas",9,3251,7303.17916038285,450.242128931428,571.540775944249,450.242128931428,1.20636977655887,0.888888888888889,1.24644083678341
"reconciled","saint oyen","Saint-Oyen",9,3658,3447.89230582633,129.340312572239,174.698587021346,-23.3452993526304,0.358153952076592,1,-0.0574378606270296
"reconciled","saint pierre","Saint-Pierre",9,8448,18105.6479031804,1073.07198924226,1271.20188820405,1073.07198924226,1.05460786245569,1,1.14318748853934
"reconciled","saint rhemy en bosses","Saint-Rhémy-en-Bosses",9,6294,3322.95088767581,352.580828122948,594.37367422722,-330.116568036021,0.329752584851315,1,-0.472044663540544
"reconciled","saint vincent","Saint-Vincent",9,59218,76706.7398142228,2899.53931481973,3386.70477560998,1943.19331269142,0.4145712733478,1,0.295328106559201
"reconciled","sarre","Sarre",9,26239,14443.388703991,1654.84976912632,2295.50773504792,-1310.62347733433,0.519769512462484,1,-0.449545001562902
"reconciled","torgnon","Torgnon",9,14102,10087.6481996671,506.046977561289,610.662346268926,-446.039088925877,0.312988906007288,1,-0.284665423367813
"reconciled","valgrisenche","Valgrisenche",9,10192,4009.33874837099,689.672992343995,1213.30607219566,-686.962361292112,0.379666940171683,0.888888888888889,-0.606619039602532
"reconciled","valpelline","Valpelline",9,4900,4874.57176062849,267.344083235566,331.334381814462,-2.82535993016735,0.922649073345889,1,-0.00518943660642973
"reconciled","valsavarenche","Valsavarenche",9,25334,4618.37554924,2355.64259575944,3464.15310094227,-2301.73605008444,0.781989638367537,0.444444444444444,-0.817700499358964
"reconciled","valtournenche","Valtournenche",9,135375,29961.0805603469,11712.657715517,13554.544922224,-11712.657715517,0.784495417366667,0.222222222222222,-0.778680845352931
"reconciled","verrayes","Verrayes",9,3739,13279.4816566184,1060.05351740204,1228.12578307095,1060.05351740204,2.5363397826397,0.555555555555556,2.5516131737412
"reconciled","verres","Verrès",9,1870,49561.4269092387,5299.04743435986,6326.49776108927,5299.04743435986,24.586092882626,0,25.5034368498603
"reconciled","villeneuve","Villeneuve",9,2581,47274.1431302724,4965.90479225249,5563.86355557169,4965.90479225249,19.2072909573034,0,17.3162119838328
