"model","comune_key","comune_nome","n_obs","actual_total","pred_total","mae","rmse","bias","mape","coverage_90","total_rel_error","implausible"
"nnetar_share","valsavarenche","Valsavarenche",9,25334,29430.6806084071,520.810088614646,782.705589737418,455.18673426746,0.204979350445011,0.888888888888889,0.161706821204987,FALSE
"nnetar_share","ollomont","Ollomont",9,861,984.890899283346,16.0808450300524,28.4745908396237,13.7656554759273,0.194147250721549,0.888888888888889,0.143891869086348,FALSE
"nnetar_share","fontainemore","Fontainemore",9,1900,2102.01799356555,28.9384457304659,46.271015839913,22.4464437295056,0.156711041077178,1,0.106325259771342,FALSE
"nnetar_share","etroubles","Etroubles",9,13645,14775.1488133463,224.900227366932,371.642607085191,125.572090371811,0.154690304217938,1,0.0828251237336971,FALSE
"nnetar_share","doues","Doues",9,2301,2472.76836431143,36.0058102678349,65.8401033449679,19.0853738123806,0.134275442824924,1,0.0746494412479033,FALSE
"nnetar_share","lillianes","Lillianes",9,1777,1907.41220663632,23.4420545696497,35.78735274267,14.4902451818138,0.14782896064071,1,0.0733889739090176,FALSE
"nnetar_share","bionaz","Bionaz",9,8769,9371.72911519923,113.865863898628,181.27775434523,66.9699016888038,0.156852992628446,1,0.0687340763142016,FALSE
"nnetar_share","gressan","Gressan",9,36832,34587.4360247005,321.618773118006,474.710319754318,-249.395997255497,0.111904528682716,1,-0.0609405944640388,FALSE
"nnetar_share","rhemes saint georges","Rhêmes-Saint-Georges",9,4726,5011.82578357666,48.0080934181829,75.9425154286695,31.7584203974064,0.170417939361253,1,0.0604794294491447,FALSE
"nnetar_share","roisan","Roisan",9,1305,1375.05599939345,18.8737281192472,29.3852581752872,7.78399993260544,0.13166276297548,1,0.0536827581558996,FALSE
"nnetar_share","valgrisenche","Valgrisenche",9,10192,10718.6507053283,119.853670470895,185.902683177129,58.5167450364763,0.149591590605707,1,0.0516729498948475,FALSE
"nnetar_share","valpelline","Valpelline",9,4900,5133.09856907853,53.8496558253689,80.9143425062682,25.899841008726,0.143640495360831,1,0.0475711365466395,FALSE
"nnetar_share","challand saint victor","Challand-Saint-Victor",9,341,325.138616727948,3.69707320527244,4.10793369258077,-1.76237591911684,0.128156690351015,1,-0.046514320445899,FALSE
"nnetar_share","valtournenche","Valtournenche",9,135375,129118.990751681,1474.89130114327,1678.60785410493,-695.112138702098,0.132739649762535,1,-0.0462124413541561,FALSE
"nnetar_share","saint rhemy en bosses","Saint-Rhémy-en-Bosses",9,6294,6582.87976912956,82.272324576431,127.289707992418,32.0977521255067,0.142464359261078,1,0.0458976436494376,FALSE
"nnetar_share","issogne","Issogne",9,561,585.645373348628,8.06498832249974,13.7514236337654,2.73837481651427,0.112508736966509,1,0.0439311467889989,FALSE
"nnetar_share","courmayeur","Courmayeur",9,231129,241184.495279177,3065.0714487515,4911.13437564599,1117.27725324192,0.139070717582871,1,0.0435059870426354,FALSE
"nnetar_share","allein","Allein",9,221,228.609557106305,2.30526718857751,3.53433409911011,0.845506345145044,0.14035747177341,0.888888888888889,0.0344323850964045,FALSE
"nnetar_share","champdepraz","Champdepraz",9,2921,3017.11763766416,40.5113094779267,72.7341155091751,10.6797375182397,0.12069378361925,1,0.0329057301143985,FALSE
"nnetar_share","torgnon","Torgnon",9,14102,13670.6482882792,134.337481055424,162.897198474505,-47.9279679689722,0.130322559649276,1,-0.030587981259449,FALSE
"nnetar_share","sarre","Sarre",9,26239,27040.1370602914,298.825748345724,472.189035053563,89.0152289212679,0.123919371109287,1,0.0305323015469877,FALSE
"nnetar_share","gressoney la trinite","Gressoney-La-Trinité",9,60507,62230.6022678403,593.531196888669,842.796236183482,191.511363093369,0.148579040369866,1,0.0284859977827412,FALSE
"nnetar_share","verres","Verrès",9,1870,1915.87092758033,23.4422598555088,40.2857069179683,5.09676973114808,0.113324475080156,1,0.0245299077969694,FALSE
"nnetar_share","emarese","Emarèse",9,403,393.461823439808,2.86616561514635,3.56313744470953,-1.0597973955769,0.115235379114911,1,-0.0236679319111466,FALSE
"nnetar_share","la salle","La Salle",9,20341,19863.773516204,202.159286762796,272.629102046557,-53.0251648662196,0.11269703512847,1,-0.0234613088735056,FALSE
"nnetar_share","rhemes notre dame","Rhêmes-Notre-Dame",9,8492,8299.39052451698,93.3244817981935,125.489611596957,-21.4010528314461,0.129318150695857,1,-0.0226812853842458,FALSE
"nnetar_share","saint denis","Saint-Denis",9,401,391.9363304116,3.42978701239389,4.27555805263641,-1.00707439871109,0.114096496701532,1,-0.0226026673027428,FALSE
"nnetar_share","challand saint anselme","Challand-Saint-Anselme",9,4865,4974.31841700874,56.8897271542786,88.5992920730972,12.1464907787489,0.119294903474643,1,0.0224703837633588,FALSE
"nnetar_share","la thuile","La Thuile",9,63799,62371.6163640959,724.785807064751,873.445843348115,-158.598181767122,0.145860789628333,1,-0.022373134937916,FALSE
"nnetar_share","antey saint andre","Antey-Saint-André",9,16799,16432.6674227693,154.494366163949,200.262822267729,-40.7036196923025,0.110139858621218,1,-0.0218068085737676,FALSE
"nnetar_share","pontboset","Pontboset",9,1991,2034.38197423395,22.912855592041,31.3700335962137,4.82021935932761,0.125831285815961,1,0.0217890377870158,FALSE
"nnetar_share","pre saint didier","Pré-Saint-Didier",9,46900,45888.0903009769,526.216427974612,693.785737741731,-112.434411002562,0.115423396026182,1,-0.02157589976595,FALSE
"nnetar_share","arnad","Arnad",9,3474,3543.98232321281,41.4124164942687,67.695868077832,7.77581369031195,0.113228470752785,1,0.0201445950526216,FALSE
"nnetar_share","donnas","Donnas",9,2348,2394.29220627485,26.5926977362506,36.6274027899889,5.14357847498364,0.126741328612945,1,0.0197155904066665,FALSE
"nnetar_share","nus","Nus",9,13998,13732.2457110381,145.144335629326,202.69916242077,-29.5282543291,0.106628322457861,1,-0.0189851613774753,FALSE
"nnetar_share","oyace","Oyace",9,65,63.7837710329747,0.781913112191131,1.2548593724576,-0.135136551891701,0.132238020216604,0.666666666666667,-0.0187112148773124,FALSE
"nnetar_share","avise","Avise",9,916,932.990331154859,11.5295021263698,19.7064652222663,1.88781457276215,0.121432436495566,1,0.0185483964572701,FALSE
"nnetar_share","saint pierre","Saint-Pierre",9,8448,8293.9292495018,83.6934187542496,120.857958558234,-17.1189722775776,0.104975684256949,1,-0.0182375414888966,FALSE
"nnetar_share","cogne","Cogne",9,62861,63879.6876737586,728.932984309013,1141.41916616024,113.187519306511,0.11897949451924,1,0.0162054003874994,FALSE
"nnetar_share","pont saint martin","Pont-Saint-Martin",9,6102,6198.18547168566,79.3874977167068,129.638966339346,10.6872746317398,0.112659398566774,1,0.0157629419347194,FALSE
"nnetar_share","saint nicolas","Saint-Nicolas",9,3251,3199.98095713349,35.1397322596541,48.8010419710769,-5.66878254072331,0.114424514191448,1,-0.0156933383163672,FALSE
"nnetar_share","saint vincent","Saint-Vincent",9,59218,60080.8658932869,712.726152810904,1093.40963860347,95.8739881429904,0.113401601841183,1,0.0145710070128494,FALSE
"nnetar_share","chambave","Chambave",9,1334,1316.0028844637,14.1209236874779,19.3749345999711,-1.99967950403283,0.110572758344895,1,-0.0134910911066683,FALSE
"nnetar_share","gressoney saint jean","Gressoney-Saint-Jean",9,29157,28768.8476472606,305.105151370099,418.866554430704,-43.1280391932667,0.120321917499381,1,-0.0133124928058237,FALSE
"nnetar_share","aymavilles","Aymavilles",9,5712,5637.06195438026,55.8840123565556,72.6912443687756,-8.32644951330437,0.119154632881152,1,-0.0131194057457527,FALSE
"nnetar_share","jovencan","Jovençan",9,5539,5472.58874334727,57.8966632014194,87.2941236696331,-7.37902851697044,0.10290177249478,1,-0.0119897556693868,FALSE
"nnetar_share","brissogne","Brissogne",9,365,360.629839539179,4.23116428179157,6.28730145431745,-0.485573384535719,0.113116114213888,1,-0.011973042358415,FALSE
"nnetar_share","issime","Issime",9,851,861.117601012655,11.3828323701623,18.8579861792408,1.12417789029502,0.113439686496662,1,0.0118890728703351,FALSE
"nnetar_share","montjovet","Montjovet",9,4725,4673.23231566912,51.3400859973389,72.2859186694216,-5.75196492565365,0.112810335316214,1,-0.0109561236679117,FALSE
"nnetar_share","saint marcel","Saint-Marcel",9,1071,1059.68123609765,10.3456735046928,13.3437321718082,-1.25764043359494,0.11136124518533,1,-0.0105684070049995,FALSE
"nnetar_share","chamois","Chamois",9,3080,3109.9194428973,33.7636901445188,46.2344156537699,3.3243825441444,0.160668045567676,1,0.0097141048367856,FALSE
"nnetar_share","gaby","Gaby",9,5410,5361.29048593527,46.7453789747314,70.6989826453506,-5.41216822941453,0.113423025463884,1,-0.00900360703599458,FALSE
"nnetar_share","saint christophe","Saint-Christophe",9,7085,7021.64873676801,75.0334003394337,113.582673595833,-7.0390292479991,0.103160243245096,1,-0.00894160384361209,FALSE
"nnetar_share","arvier","Arvier",9,8747,8820.85230907854,88.6151829434194,106.491461059047,8.20581211983737,0.137618926778832,1,0.00844315869195571,FALSE
"nnetar_share","hone","Hône",9,1030,1038.4727483991,10.7998831199013,14.5008278496565,0.941416488788742,0.120155802425612,1,0.00822596931951329,FALSE
"nnetar_share","charvensod","Charvensod",9,19464,19616.519792101,238.192759825328,392.032429743737,16.94664356678,0.108321373889116,1,0.00783599425097711,FALSE
"nnetar_share","perloz","Perloz",9,884,890.624834333203,11.0263862932578,15.888727280663,0.736092703689197,0.116875941631281,1,0.00749415648552351,FALSE
"nnetar_share","brusson","Brusson",9,24069,23895.6665226057,218.958930477768,331.820591422348,-19.2592752660353,0.112499397634624,1,-0.00720152384371254,FALSE
"nnetar_share","quart","Quart",9,7286,7234.58962526754,81.7368974552195,124.21056806016,-5.71226385916221,0.109451031074671,1,-0.00705604923585778,FALSE
"nnetar_share","morgex","Morgex",9,13505,13412.7868312228,140.858209391542,214.072538474639,-10.2459076419137,0.110969256085149,1,-0.00682807617750637,FALSE
"nnetar_share","villeneuve","Villeneuve",9,2581,2563.57196576808,24.8832478254816,29.6289982212025,-1.93644824799091,0.117738798199741,1,-0.00675243480508252,FALSE
"nnetar_share","ayas","Ayas",9,66587,66141.603973099,695.883831938732,945.410911643945,-49.4884474334437,0.130175001502694,1,-0.0066889336792617,FALSE
"nnetar_share","gignod","Gignod",9,7182,7225.02959884081,77.2321015779055,111.275664148243,4.7810665378679,0.118057939662684,1,0.00599131145096234,FALSE
"nnetar_share","fenis","Fénis",9,7013,7049.31315411091,73.7058087797966,119.056812414076,4.0347949012127,0.11102839561465,1,0.00517797720104295,FALSE
"nnetar_share","chatillon","Châtillon",9,25773,25664.4152169379,287.104371772751,427.081723083188,-12.0649758957905,0.108408687882354,1,-0.00421312160253417,FALSE
"nnetar_share","bard","Bard",9,6889,6862.03767220547,76.2386012220792,109.951966360866,-2.99581419939249,0.116920367830033,1,-0.00391382316657454,FALSE
"nnetar_share","pontey","Pontey",9,919,922.517337588491,7.86126572435171,10.2438507502069,0.39081528761007,0.109929858199073,1,0.00382735319748704,FALSE
"nnetar_share","pollein","Pollein",9,28775,28670.7271133189,347.690141117773,565.201137861582,-11.5858762979015,0.103464573700014,1,-0.00362373194373978,FALSE
"nnetar_share","verrayes","Verrayes",9,3739,3725.96774336754,36.7351085802963,50.4769690207233,-1.44802851471776,0.106141032124077,1,-0.00348549254679322,FALSE
"nnetar_share","saint oyen","Saint-Oyen",9,3658,3670.69813449611,42.4791060956356,51.6090445943041,1.4109038329008,0.140318862102956,1,0.00347133255771112,FALSE
"nnetar_share","la magdeleine","La Magdeleine",9,979,980.152921899407,9.07233918409643,11.7061219024888,0.128102433267398,0.130893992709881,1,0.00117765260409252,FALSE
"nnetar_share","introd","Introd",9,4684,4687.1931390784,45.5547391889614,63.5580605605331,0.354793230933274,0.111062698384676,1,0.000681712015029745,FALSE
"nnetar_share","champorcher","Champorcher",9,5002,4999.39832694009,44.851375474408,65.0135504164988,-0.289074784434272,0.124463052663363,1,-0.000520126561357164,FALSE
"nnetar_share","aosta","Aosta",9,121478,121513.234692833,1424.21947487256,2237.78364654561,3.91496587035464,0.10814110224003,1,0.00029004999121814,FALSE
