"comune_key","comune_nome","date","bagged_mean","q05","q50","q95"
"allein","Allein",2025-10-01,12.6015968607823,7.85426351118916,12.4354845367005,18.2248375229094
"allein","Allein",2025-11-01,10.4640171125866,7.85671757049336,9.86655677708327,14.6118973524947
"allein","Allein",2025-12-01,5.73321936567224,4.15033618351229,5.5618349675464,7.30012939020726
"allein","Allein",2026-01-01,17.4833506372875,9.95231069246667,18.0579929826045,24.8229371396523
"allein","Allein",2026-02-01,12.265572661064,6.81765186905239,11.960726258262,18.3309053262585
"allein","Allein",2026-03-01,2.29636684823216,1.32417187373668,2.21233531079762,4.02981296125801
"allein","Allein",2026-04-01,10.5367484942655,6.01404369837524,9.93466964293864,17.2144533064478
"allein","Allein",2026-05-01,9.65104255358862,6.03596529112336,8.25052325111888,16.3389002316845
"allein","Allein",2026-06-01,0.00016307177524627,0.000120998941987755,0.000153201167558153,0.000231271180941964
"allein","Allein",2026-07-01,39.1554422978964,22.3634566274894,36.5691693231404,60.5156853262947
"allein","Allein",2026-08-01,134.036966663503,84.0718597364578,123.992597710888,220.672893038473
"allein","Allein",2026-09-01,34.3775045317105,18.2348600276281,32.3977821345346,53.4083860397742
"antey saint andre","Antey-Saint-André",2025-10-01,1014.30625852762,632.191993089177,1000.93582843085,1466.92256262104
"antey saint andre","Antey-Saint-André",2025-11-01,766.333135260373,575.387343490605,722.578079513259,1070.10347840229
"antey saint andre","Antey-Saint-André",2025-12-01,2042.34559539988,1478.47488177024,1981.29330552443,2600.52618869065
"antey saint andre","Antey-Saint-André",2026-01-01,2261.27953710514,1287.22216826048,2335.60321816476,3210.57450423882
"antey saint andre","Antey-Saint-André",2026-02-01,2836.66314752316,1576.72065903408,2766.16121659998,4239.3946892344
"antey saint andre","Antey-Saint-André",2026-03-01,2112.17514329142,1217.95997852233,2034.88377986731,3706.58145297447
"antey saint andre","Antey-Saint-André",2026-04-01,1747.27219880708,997.287859940934,1647.43156590351,2854.61266313687
"antey saint andre","Antey-Saint-André",2026-05-01,652.476584455456,408.07259891103,557.79188631374,1104.62157406651
"antey saint andre","Antey-Saint-André",2026-06-01,2052.49158783573,1522.94479036507,1928.25586883352,2910.87867704484
"antey saint andre","Antey-Saint-André",2026-07-01,2727.99687009592,1558.08327282245,2547.80877448789,4216.18529822381
"antey saint andre","Antey-Saint-André",2026-08-01,3310.3330027016,2076.33654216286,3062.26557128453,5449.9947201939
"antey saint andre","Antey-Saint-André",2026-09-01,1914.00788504984,1015.24721910709,1803.78451863564,2973.57453370765
"aosta","Aosta",2025-10-01,19295.1310710339,12026.177760572,19040.7856018777,27905.2434891972
"aosta","Aosta",2025-11-01,10812.4043119669,8118.29778402471,10195.0522340488,15098.3833684765
"aosta","Aosta",2025-12-01,13229.4345830437,9576.92310993179,12833.9641607647,16845.0879088554
"aosta","Aosta",2026-01-01,13238.5826241853,7535.99754058495,13673.7080372517,18796.1970857795
"aosta","Aosta",2026-02-01,14281.442259619,7938.14558884273,13926.4937855465,21343.6235891813
"aosta","Aosta",2026-03-01,11980.6667772364,6908.50505320654,11542.2551839158,21024.4483805313
"aosta","Aosta",2026-04-01,13552.0396201145,7735.07676697776,12777.6644462119,22140.6967599689
"aosta","Aosta",2026-05-01,14262.241098284,8919.90598579065,12192.5637713307,24145.5089531693
"aosta","Aosta",2026-06-01,15060.9218939102,11175.1749300039,14149.2960088565,21359.6570419317
"aosta","Aosta",2026-07-01,18086.5335781461,10330.0431684367,16891.8921629299,27953.1761212503
"aosta","Aosta",2026-08-01,20558.7274282452,12895.028078684,19018.1118158079,33847.0346779012
"aosta","Aosta",2026-09-01,23774.1338169102,12610.5140071924,22405.0354535493,36935.1450592801
"arnad","Arnad",2025-10-01,467.155180901069,291.166265033688,460.997212695639,675.614952927384
"arnad","Arnad",2025-11-01,117.310684817608,88.0806012353012,110.612637561459,163.812010861862
"arnad","Arnad",2025-12-01,256.472667141892,185.663188974471,248.805872817394,326.567594185861
"arnad","Arnad",2026-01-01,235.522621463511,134.070084878922,243.26377328165,334.396040487003
"arnad","Arnad",2026-02-01,307.249136789559,170.780257031746,299.612820353094,459.184009886699
"arnad","Arnad",2026-03-01,205.414686427489,118.449868072743,197.897894445657,360.474967854333
"arnad","Arnad",2026-04-01,319.499634412686,182.360313906946,301.243151116037,521.983754382828
"arnad","Arnad",2026-05-01,573.21903554779,358.503258437208,490.035864468594,970.441129102181
"arnad","Arnad",2026-06-01,514.492802888054,381.752665142419,483.350953797381,729.66249328167
"arnad","Arnad",2026-07-01,541.461733568406,309.253459633447,505.697411517375,836.842236018263
"arnad","Arnad",2026-08-01,790.280275680938,495.686631407694,731.058802213539,1301.08461185611
"arnad","Arnad",2026-09-01,666.888466692613,353.737655185591,628.483874738828,1036.06812535616
"arvier","Arvier",2025-10-01,231.618142937512,144.361857366271,228.564987972478,334.973660007412
"arvier","Arvier",2025-11-01,405.168181810214,304.21318493489,382.034435445405,565.774675194919
"arvier","Arvier",2025-12-01,588.958097633345,426.35279539729,571.352242589912,749.922520648155
"arvier","Arvier",2026-01-01,802.027300959001,456.550065750031,828.388314862617,1138.72184394278
"arvier","Arvier",2026-02-01,1054.77817542495,586.28411390437,1028.56290269226,1576.36658378747
"arvier","Arvier",2026-03-01,539.94189959243,311.350896500995,520.183668026333,947.524942270837
"arvier","Arvier",2026-04-01,387.421300211461,221.127858411077,365.283714642455,632.951036654535
"arvier","Arvier",2026-05-01,455.299734100114,284.754043599581,389.2285234018,770.807598212081
"arvier","Arvier",2026-06-01,936.543015715616,694.913107166918,879.8547955916,1328.22132414023
"arvier","Arvier",2026-07-01,2642.52268496863,1509.26507234545,2467.98028155716,4084.08287293816
"arvier","Arvier",2026-08-01,2498.97741238229,1567.4308642467,2311.710781698,4114.21258593995
"arvier","Arvier",2026-09-01,835.403333556643,443.122997481322,787.294353203168,1297.8703470565
"avise","Avise",2025-10-01,47.9314256151606,29.8744715774904,47.2996008874336,69.3199801365086
"avise","Avise",2025-11-01,77.4980950668534,58.1880398933142,73.0732133621191,108.217924143935
"avise","Avise",2025-12-01,96.3361381608253,69.7387165024046,93.4563406154326,122.665160474711
"avise","Avise",2026-01-01,106.778975200991,60.7834023735125,110.288583971816,151.605252576568
"avise","Avise",2026-02-01,125.995158266668,70.0326963921617,122.863696586937,188.299835774067
"avise","Avise",2026-03-01,96.3167766214319,55.5398919250484,92.7922322628208,169.022904643674
"avise","Avise",2026-04-01,40.0340224555528,22.850157294773,37.7464440562816,65.405737890153
"avise","Avise",2026-05-01,49.7110206049535,31.090319340292,42.4971632920127,84.1591363388541
"avise","Avise",2026-06-01,112.765972385663,83.6721335147034,105.940335807494,159.926630861264
"avise","Avise",2026-07-01,172.555711433081,98.5544267154554,161.15815985586,266.689035329841
"avise","Avise",2026-08-01,189.022095415968,118.560121796831,174.857289140393,311.198124531968
"avise","Avise",2026-09-01,207.772990678264,110.209029251819,195.807816103287,322.793066161832
"ayas","Ayas",2025-10-01,2227.25834093047,1388.19501293552,2197.89896184304,3221.13314950805
"ayas","Ayas",2025-11-01,1542.96370924788,1158.50633219051,1454.86564848612,2154.58624499338
"ayas","Ayas",2025-12-01,7945.7777798891,5752.02986710678,7708.25288234172,10117.3881896673
"ayas","Ayas",2026-01-01,11143.8294171373,6343.56966030668,11510.1045325273,15822.0573879381
"ayas","Ayas",2026-02-01,11576.2177207965,6434.48329414558,11288.5044254001,17300.6639754941
"ayas","Ayas",2026-03-01,10142.7392505482,5848.68661057378,9771.58340771006,17799.1343700095
"ayas","Ayas",2026-04-01,2781.46157162828,1587.57053432829,2622.52647044718,4544.2235215667
"ayas","Ayas",2026-05-01,2256.46658402752,1411.24172918556,1929.01750391406,3820.12432209685
"ayas","Ayas",2026-06-01,7525.83325329979,5584.15372525582,7070.30042146962,10673.2654466688
"ayas","Ayas",2026-07-01,11717.117991858,6692.17980010328,10943.1855874219,18109.0899173533
"ayas","Ayas",2026-08-01,12858.1462992238,8065.00101463089,11894.5914778115,21169.1178455642
"ayas","Ayas",2026-09-01,7696.62501309341,4082.52087260844,7253.39386154107,11957.3635580064
"aymavilles","Aymavilles",2025-10-01,470.644961986821,293.341359233787,464.440992020417,680.661987361274
"aymavilles","Aymavilles",2025-11-01,113.058364292066,84.8878234493964,106.603110297867,157.874093295348
"aymavilles","Aymavilles",2025-12-01,547.268366813769,396.173172524777,530.908752140505,696.838832441828
"aymavilles","Aymavilles",2026-01-01,649.957384840854,369.985019748073,671.320168424482,922.812316819176
"aymavilles","Aymavilles",2026-02-01,673.733180983029,374.485432315159,656.98833405688,1006.89462261826
"aymavilles","Aymavilles",2026-03-01,526.154329823068,303.400462923788,506.900630312074,923.329623738176
"aymavilles","Aymavilles",2026-04-01,381.664510973013,217.842064690063,359.85587328142,623.54586013407
"aymavilles","Aymavilles",2026-05-01,467.079721630141,292.12149592054,399.299047956501,790.750732843897
"aymavilles","Aymavilles",2026-06-01,562.443410309463,417.331923152571,528.399148256467,797.666864905676
"aymavilles","Aymavilles",2026-07-01,1069.70672519958,610.958235923686,999.051065808724,1653.25767695585
"aymavilles","Aymavilles",2026-08-01,1640.14338767781,1028.7453399531,1517.23546360948,2700.2639299158
"aymavilles","Aymavilles",2026-09-01,656.25588085173,348.097812585574,618.46359536451,1019.54949618495
"bard","Bard",2025-10-01,1052.29342513601,655.86845408709,1038.42225401409,1521.86083330545
"bard","Bard",2025-11-01,663.234062119343,497.977273272506,625.365618193116,926.136485834776
"bard","Bard",2025-12-01,626.222394131756,453.328801066376,607.502589207877,797.371286990894
"bard","Bard",2026-01-01,627.141729217168,356.997320872152,647.754608384329,890.41854990937
"bard","Bard",2026-02-01,731.803234023236,406.762882099651,713.615124130978,1093.68034995327
"bard","Bard",2026-03-01,540.673564775119,311.772802285193,520.888559198487,948.808915621512
"bard","Bard",2026-04-01,741.642377294465,423.306076636757,699.264295397585,1211.6610813067
"bard","Bard",2026-05-01,880.176377840001,550.480845691999,752.448829246357,1490.10989682827
"bard","Bard",2026-06-01,843.211566651514,625.661352386633,792.172626528797,1195.85706667457
"bard","Bard",2026-07-01,1118.58160505875,638.872906062988,1044.69768993878,1728.79498866377
"bard","Bard",2026-08-01,1541.72011771196,967.011420174497,1426.18776817108,2538.22394746681
"bard","Bard",2026-09-01,1054.5980215662,559.390437747875,993.866117032922,1638.4079944091
"bionaz","Bionaz",2025-10-01,420.208258461375,261.905409925059,414.669137413262,607.718793169507
"bionaz","Bionaz",2025-11-01,96.9629707242729,72.8028889459944,91.4267098029637,135.398572075328
"bionaz","Bionaz",2025-12-01,219.523711045033,158.915461449863,212.961440060415,279.520351940922
"bionaz","Bionaz",2026-01-01,144.622881457415,82.3258584332367,149.376342822535,205.33619498063
"bionaz","Bionaz",2026-02-01,174.680041230084,97.0935269381153,170.338573963794,261.059421085181
"bionaz","Bionaz",2026-03-01,478.827280055633,276.109898170504,461.305431340717,840.277058022147
"bionaz","Bionaz",2026-04-01,811.954903159831,463.438248656198,765.559103194616,1326.53444039148
"bionaz","Bionaz",2026-05-01,364.246679972938,227.807545714951,311.388711175263,616.657747673818
"bionaz","Bionaz",2026-06-01,1159.25636165821,860.165979314228,1089.08747597213,1644.07720079267
"bionaz","Bionaz",2026-07-01,3030.97350657318,1731.12703050632,2830.77337072456,4684.4430350356
"bionaz","Bionaz",2026-08-01,3031.94344304793,1901.72256369187,2804.73777476473,4991.66571551933
"bionaz","Bionaz",2026-09-01,1212.6388297633,643.220025013846,1142.80571407704,1883.93787242694
"brissogne","Brissogne",2025-10-01,36.5216916748202,22.7630667333246,36.0402683162946,52.8188533714187
"brissogne","Brissogne",2025-11-01,71.1649606404904,53.4329207083453,67.1016797032673,99.374369210691
"brissogne","Brissogne",2025-12-01,65.0402490274613,47.0833020169413,63.0959864373591,82.8159892702967
"brissogne","Brissogne",2026-01-01,48.8191150758117,27.7900392805451,50.4237005677731,69.3135915352401
"brissogne","Brissogne",2026-02-01,50.2370245451237,27.9235673498494,48.9884423025126,75.079261788801
"brissogne","Brissogne",2026-03-01,35.743244215583,20.6109048747211,34.4352825688427,62.7245550632529
"brissogne","Brissogne",2026-04-01,31.8519570402649,18.1800924282455,30.0319088804598,52.0382571043651
"brissogne","Brissogne",2026-05-01,25.9833315133386,16.2505228105068,22.2127381163206,43.9889326905271
"brissogne","Brissogne",2026-06-01,43.8755872418302,32.5556009145999,41.21983208067,62.2251083034822
"brissogne","Brissogne",2026-07-01,65.4498275738392,37.3813777683427,61.1267728380801,101.154295231432
"brissogne","Brissogne",2026-08-01,62.2736907481469,39.0598588148693,57.6070682373159,102.524817142991
"brissogne","Brissogne",2026-09-01,65.7763440879483,34.8897467664201,61.98843384347,102.189161929822
"brusson","Brusson",2025-10-01,1226.34056784183,764.347731537664,1210.17513388211,1773.57344815761
"brusson","Brusson",2025-11-01,732.247725132817,549.794931153614,690.438832159661,1022.50679458165
"brusson","Brusson",2025-12-01,2328.53828375259,1685.6526983106,2258.93077236669,2964.9363956357
"brusson","Brusson",2026-01-01,2962.99636446456,1686.67099411189,3060.38405721095,4206.87510226204
"brusson","Brusson",2026-02-01,4138.40045312572,2300.27364916301,4035.54537033822,6184.8418336965
"brusson","Brusson",2026-03-01,2298.45298522774,1325.37481913559,2214.34510925036,4033.47384928652
"brusson","Brusson",2026-04-01,1108.38983481127,632.633957716436,1045.05548845872,1810.83614808536
"brusson","Brusson",2026-05-01,1254.73878086828,784.740061883913,1072.65628849445,2124.23182714175
"brusson","Brusson",2026-06-01,3147.05070701471,2335.10554083028,2956.56217608014,4463.20114192895
"brusson","Brusson",2026-07-01,4670.90549497009,2667.76688801386,4362.38550540201,7218.99768037244
"brusson","Brusson",2026-08-01,5187.83357782284,3253.95917072457,4799.07131456429,8541.0336619623
"brusson","Brusson",2026-09-01,3228.7894519444,1712.64681706548,3042.85080163069,5016.19986207932
"challand saint anselme","Challand-Saint-Anselme",2025-10-01,229.274881581874,142.90136054463,226.252615129939,331.584759540906
"challand saint anselme","Challand-Saint-Anselme",2025-11-01,132.547633250528,99.520987769993,124.979607263951,185.088803901437
"challand saint anselme","Challand-Saint-Anselme",2025-12-01,479.907965861991,347.410288780963,465.561970594913,611.068585158335
"challand saint anselme","Challand-Saint-Anselme",2026-01-01,607.572423132888,345.857590380711,627.542098821619,862.633964169798
"challand saint anselme","Challand-Saint-Anselme",2026-02-01,551.080219017359,306.310450314969,537.383767407227,823.589701119155
"challand saint anselme","Challand-Saint-Anselme",2026-03-01,353.516774059992,203.851126602328,340.580444633346,620.374083185269
"challand saint anselme","Challand-Saint-Anselme",2026-04-01,346.233833704748,197.619351632962,326.449735317953,565.66085511736
"challand saint anselme","Challand-Saint-Anselme",2026-05-01,464.926935906375,290.775098385173,397.45866557605,787.106136836212
"challand saint anselme","Challand-Saint-Anselme",2026-06-01,811.53677652752,602.15871934729,762.415086808469,1150.93533753412
"challand saint anselme","Challand-Saint-Anselme",2026-07-01,876.195391785267,500.43509896576,818.32143278004,1354.18121982178
"challand saint anselme","Challand-Saint-Anselme",2026-08-01,940.386377712622,589.837517314234,869.916357606369,1548.2130617353
"challand saint anselme","Challand-Saint-Anselme",2026-09-01,838.008372053645,444.504788073934,789.749373450496,1301.91749659779
"challand saint victor","Challand-Saint-Victor",2025-10-01,121.912602876621,75.9851087847364,120.305569575808,176.313954808062
"challand saint victor","Challand-Saint-Victor",2025-11-01,51.2907973427999,38.5107654500173,48.3622645757995,71.6221942144111
"challand saint victor","Challand-Saint-Victor",2025-12-01,91.0576224206105,65.9175449276652,88.3356167170147,115.94400688995
"challand saint victor","Challand-Saint-Victor",2026-01-01,38.1598360136519,21.7222975080916,39.4140725795553,54.1795008449983
"challand saint victor","Challand-Saint-Victor",2026-02-01,76.7798878580187,42.6770571929777,74.8716139218686,114.747586124038
"challand saint victor","Challand-Saint-Victor",2026-03-01,53.8457466990419,31.0494916585785,51.8753555644919,94.4919964000792
"challand saint victor","Challand-Saint-Victor",2026-04-01,20.4386736955973,11.66575028426,19.2707903406906,33.3917616207757
"challand saint victor","Challand-Saint-Victor",2026-05-01,32.0031893347661,20.0154686871699,27.3590191163613,54.1803556178518
"challand saint victor","Challand-Saint-Victor",2026-06-01,30.1829797497219,22.3957126255527,28.3560274674035,42.8060181507421
"challand saint victor","Challand-Saint-Victor",2026-07-01,58.6929943945875,33.5222425657889,54.816238155816,90.7114457453506
"challand saint victor","Challand-Saint-Victor",2026-08-01,67.5489266560444,42.3686392533201,62.4869921869533,111.209746369856
"challand saint victor","Challand-Saint-Victor",2026-09-01,8.68729680482468,4.60800291970921,8.18701511510626,13.4964567008112
"chambave","Chambave",2025-10-01,91.5648723506569,57.0701192678696,90.3578781959908,132.424084013513
"chambave","Chambave",2025-11-01,135.486496436012,101.727579920812,127.750671203132,189.192616685503
"chambave","Chambave",2025-12-01,155.054152381843,112.245288029152,150.419084213689,197.431024818924
"chambave","Chambave",2026-01-01,147.885462083429,84.1830662833195,152.746157869549,209.968421118101
"chambave","Chambave",2026-02-01,166.440586389081,92.5137379426077,162.303901095777,248.745551133567
"chambave","Chambave",2026-03-01,173.123273176717,99.829419330941,166.788129111239,303.807908862658
"chambave","Chambave",2026-04-01,147.834182888736,84.3790887189082,139.386810811008,241.524663877099
"chambave","Chambave",2026-05-01,158.396664355757,99.0646101674848,135.410796803596,268.160385944832
"chambave","Chambave",2026-06-01,136.280745591404,101.12004977538,128.031778085254,193.275684433909
"chambave","Chambave",2026-07-01,212.360329061632,121.288656944231,198.333625550435,328.208036867778
"chambave","Chambave",2026-08-01,239.412369451217,150.166358167492,221.471451878643,394.158578122921
"chambave","Chambave",2026-09-01,176.648090314406,93.6994480812224,166.475328050897,274.437878176937
"chamois","Chamois",2025-10-01,10.7754746548463,6.71608672553969,10.6334339946208,15.5838404439015
"chamois","Chamois",2025-11-01,16.9109142402819,12.6972534176109,15.9453576679867,23.6143099114981
"chamois","Chamois",2025-12-01,360.252494422501,260.790468223598,349.483386702742,458.710831505191
"chamois","Chamois",2026-01-01,560.009567054665,318.782670307782,578.415947941743,795.104014613446
"chamois","Chamois",2026-02-01,793.786714218619,441.215557183129,774.058077724558,1186.31469640008
"chamois","Chamois",2026-03-01,501.985738935996,289.46394040991,483.616446832045,880.917018414665
"chamois","Chamois",2026-04-01,5.03342483251269,2.87292013391921,4.74581061802813,8.22337714504254
"chamois","Chamois",2026-05-01,7.65268511143824,4.78615045577248,6.54215915998994,12.9557462674116
"chamois","Chamois",2026-06-01,183.346161583438,136.042497456159,172.248361063519,260.024662431875
"chamois","Chamois",2026-07-01,605.703747834706,345.945000205934,565.696148844629,936.129826501581
"chamois","Chamois",2026-08-01,714.414526852722,448.101440896039,660.878228087986,1176.18239500364
"chamois","Chamois",2026-09-01,239.598733222508,127.09035814625,225.800786426862,372.237072262901
"champdepraz","Champdepraz",2025-10-01,169.304393713269,105.523239357427,167.072649067914,244.853497650095
"champdepraz","Champdepraz",2025-11-01,59.774057026854,44.8802672099671,56.3611585404111,83.4681725212369
"champdepraz","Champdepraz",2025-12-01,200.103249385459,144.856790468452,194.121518568687,254.79220639301
"champdepraz","Champdepraz",2026-01-01,272.275091462283,154.991246258779,281.224222574233,386.577356953924
"champdepraz","Champdepraz",2026-02-01,353.878492569733,196.698550728424,345.083258260669,528.871608651993
"champdepraz","Champdepraz",2026-03-01,342.210165430795,197.33130894094,329.687581615837,600.532515607822
"champdepraz","Champdepraz",2026-04-01,384.024865133576,219.189280396407,362.081354779654,627.402097806044
"champdepraz","Champdepraz",2026-05-01,106.503801674273,66.609720836798,91.0484113158742,180.307462140864
"champdepraz","Champdepraz",2026-06-01,434.582199004257,322.459151541185,408.277276597347,616.331908009746
"champdepraz","Champdepraz",2026-07-01,419.137672499217,239.388616493464,391.453029663626,647.787434103915
"champdepraz","Champdepraz",2026-08-01,532.651998264286,334.094729246156,492.736493406993,876.936119680999
"champdepraz","Champdepraz",2026-09-01,763.005516053496,404.721022513712,719.065761557745,1185.39416129733
"champorcher","Champorcher",2025-10-01,227.253586746721,141.641537488514,224.257964694415,328.661497484238
"champorcher","Champorcher",2025-11-01,256.986751113919,192.953843742486,242.313668215789,358.854920421615
"champorcher","Champorcher",2025-12-01,548.069235095365,396.752929271438,531.685679888928,697.858580982268
"champorcher","Champorcher",2026-01-01,395.711126019519,225.256597108613,408.717349725799,561.832374721938
"champorcher","Champorcher",2026-02-01,473.950962412788,263.439201252297,462.171467888675,708.319983204457
"champorcher","Champorcher",2026-03-01,368.567825288326,212.530131318876,355.080728907481,646.786640641928
"champorcher","Champorcher",2026-04-01,106.991214195927,61.0672104270796,100.877644399683,174.797306966025
"champorcher","Champorcher",2026-05-01,134.238213708591,83.9554062878078,114.758120404264,227.260917034155
"champorcher","Champorcher",2026-06-01,675.589413812403,501.286039021631,634.696512193369,958.132462397766
"champorcher","Champorcher",2026-07-01,1608.83951559105,918.881530025376,1502.5733641775,2486.50047483302
"champorcher","Champorcher",2026-08-01,1340.81943586978,841.000705628883,1240.34204184965,2207.46941176612
"champorcher","Champorcher",2026-09-01,604.848665507614,320.829882903667,570.016804780117,939.684001591069
"charvensod","Charvensod",2025-10-01,2582.35823554454,1609.51999070673,2548.31798391158,3734.69011813987
"charvensod","Charvensod",2025-11-01,1503.16143886372,1128.62151895788,1417.33595445211,2099.00656818361
"charvensod","Charvensod",2025-12-01,2077.13194525568,1503.6570765007,2015.03977930838,2644.81977642267
"charvensod","Charvensod",2026-01-01,2126.20711359455,1210.33286067577,2196.09123750955,3018.79809091488
"charvensod","Charvensod",2026-02-01,2231.73673260349,1240.48053252062,2176.26953724823,3335.33181767798
"charvensod","Charvensod",2026-03-01,1856.83861363927,1070.72328976626,1788.89084493148,3258.50040814184
"charvensod","Charvensod",2026-04-01,2032.81380535982,1160.26600262386,1916.65708001342,3321.11735912781
"charvensod","Charvensod",2026-05-01,2456.3751115643,1536.26873294309,2099.91613433465,4158.56293831369
"charvensod","Charvensod",2026-06-01,2092.7783401501,1552.83748270131,1966.10409537283,2968.01403826839
"charvensod","Charvensod",2026-07-01,2708.85231807506,1547.14894712862,2529.92874751386,4186.59692894956
"charvensod","Charvensod",2026-08-01,3744.7049444638,2348.78717925437,3464.08685068597,6165.1266381225
"charvensod","Charvensod",2026-09-01,4286.07854187883,2273.46467823132,4039.2530145173,6658.78866077389
"chatillon","Châtillon",2025-10-01,3485.11482212108,2172.18583343816,3439.17457112034,5040.28593229389
"chatillon","Châtillon",2025-11-01,1946.0167196878,1461.13137904317,1834.90568176325,2717.40730623554
"chatillon","Châtillon",2025-12-01,2666.20414180328,1930.09246926992,2586.50271002839,3394.88757963969
"chatillon","Châtillon",2026-01-01,3166.36341143272,1802.43667759135,3270.43536735351,4495.61651847552
"chatillon","Châtillon",2026-02-01,3643.33864653562,2025.10027208053,3552.78774350996,5444.97168184804
"chatillon","Châtillon",2026-03-01,2738.83059684473,1579.31318598472,2638.60787067065,4806.27694410048
"chatillon","Châtillon",2026-04-01,2965.94554649322,1692.8681683272,2796.46887266897,4845.62492379517
"chatillon","Châtillon",2026-05-01,3405.97661904314,2130.16951699977,2911.7154060971,5766.20731501211
"chatillon","Châtillon",2026-06-01,2996.31818570006,2223.26230140595,2814.9533770129,4249.4297019716
"chatillon","Châtillon",2026-07-01,3537.01890404401,2020.15260737964,3303.39374580588,5466.54846500822
"chatillon","Châtillon",2026-08-01,3943.17733352996,2473.27479838275,3647.68625394597,6491.88333348581
"chatillon","Châtillon",2026-09-01,4349.49511629205,2307.10273234865,4099.01757246137,6757.31171920172
"cogne","Cogne",2025-10-01,6419.29192190212,4000.98581686711,6334.67379676392,9283.78788666693
"cogne","Cogne",2025-11-01,1048.20025334757,787.022159775096,988.351529066874,1463.70120977255
"cogne","Cogne",2025-12-01,4369.56080526052,3163.16979334759,4238.94055494048,5563.77790945382
"cogne","Cogne",2026-01-01,7777.46103005743,4427.28114167093,8033.09043083099,11042.4729367073
"cogne","Cogne",2026-02-01,8693.46303190228,4832.14327824502,8477.39721855621,12992.3854514351
"cogne","Cogne",2026-03-01,5804.35484494307,3347.01027267389,5591.95460853848,10185.8570218862
"cogne","Cogne",2026-04-01,1915.84610176967,1093.50452672144,1806.37301138507,3130.02092431105
"cogne","Cogne",2026-05-01,4375.65870471351,2736.62911761091,3740.68124575574,7407.84745557171
"cogne","Cogne",2026-06-01,8957.55666745775,6646.48973080054,8415.36273122921,12703.7600817736
"cogne","Cogne",2026-07-01,11754.6589900395,6713.62117415796,10978.246948972,18167.1104401584
"cogne","Cogne",2026-08-01,13344.441324927,8370.01931077079,12344.4448652147,21969.7337716285
"cogne","Cogne",2026-09-01,11707.8736895836,6210.20754295235,11033.643838339,18189.1805771245
"courmayeur","Courmayeur",2025-10-01,10308.4014301306,6424.97154176846,10172.5176577766,14908.3440186639
"courmayeur","Courmayeur",2025-11-01,3018.74465110686,2266.56970129146,2846.38444062137,4215.35883406658
"courmayeur","Courmayeur",2025-12-01,17404.9387067242,12599.6132851374,16884.6490135494,22161.772729032
"courmayeur","Courmayeur",2026-01-01,21977.7760910781,12510.7401050106,22700.1411033598,31204.1419117146
"courmayeur","Courmayeur",2026-02-01,24837.1747860519,13805.40605655,24219.8759775479,37119.1718606113
"courmayeur","Courmayeur",2026-03-01,19620.5849262094,11313.970468416,18902.6038606041,34431.470522217
"courmayeur","Courmayeur",2026-04-01,6146.14459261638,3508.02547642133,5794.94861613222,10041.2873251984
"courmayeur","Courmayeur",2026-05-01,4483.80776880021,2804.2678202143,3833.13616582055,7590.94029330929
"courmayeur","Courmayeur",2026-06-01,34237.8493821936,25404.4180541065,32165.4589956531,48556.7036206907
"courmayeur","Courmayeur",2026-07-01,57431.5380942795,32801.7674133239,53638.1028486282,88761.8344514332
"courmayeur","Courmayeur",2026-08-01,58237.5291693677,36528.2616102214,53873.3657267981,95879.8484113723
"courmayeur","Courmayeur",2026-09-01,48168.709994054,25550.1292609176,45394.7834011467,74834.2002552084
"donnas","Donnas",2025-10-01,222.997791383719,138.989005543555,220.058268575531,322.506628392779
"donnas","Donnas",2025-11-01,127.981015738054,96.0922257886293,120.673728318871,178.712003708697
"donnas","Donnas",2025-12-01,156.766565939016,113.484921731296,152.080308212584,199.611447324951
"donnas","Donnas",2026-01-01,169.284113604449,96.3641425973075,174.848139750507,240.350319450948
"donnas","Donnas",2026-02-01,210.635028544745,117.078617992664,205.399942297218,314.794170100536
"donnas","Donnas",2026-03-01,172.580163078376,99.5162415313574,166.264893179168,302.854824160459
"donnas","Donnas",2026-04-01,194.588810945806,111.065155714769,183.469839297287,317.910216971282
"donnas","Donnas",2026-05-01,313.644787548877,196.160056374722,268.129955690853,530.990394404949
"donnas","Donnas",2026-06-01,325.816153580675,241.754956099819,306.094755284806,462.078041983507
"donnas","Donnas",2026-07-01,460.405840789916,262.958747170154,429.995376405538,711.568388671416
"donnas","Donnas",2026-08-01,621.98001041936,390.123840433756,575.370505136485,1024.00204755389
"donnas","Donnas",2026-09-01,284.12258808286,150.707146866911,267.760613622137,441.408679124799
"doues","Doues",2025-10-01,245.251903556038,152.859443007947,242.019030441999,354.691246186681
"doues","Doues",2025-11-01,74.8806852745626,56.2228051958731,70.6052489038549,104.562987153402
"doues","Doues",2025-12-01,159.417141646563,115.403700617036,154.651649672607,202.986435161539
"doues","Doues",2026-01-01,181.958660452285,103.5790655679,187.939273297172,258.345696092677
"doues","Doues",2026-02-01,138.030073296645,76.7221403517145,134.59949793863,206.286023139324
"doues","Doues",2026-03-01,89.3310907351668,51.5116815472193,86.0621753608836,156.763971560129
"doues","Doues",2026-04-01,99.4232085603527,56.7476315146037,93.7420811007924,162.433048702916
"doues","Doues",2026-05-01,114.225940833296,71.439309316828,97.6499456398741,193.380791845286
"doues","Doues",2026-06-01,215.883805050921,160.185366008331,202.816526285742,306.170104942874
"doues","Doues",2026-07-01,448.004888529717,255.875998470736,418.413524781408,692.40241631398
"doues","Doues",2026-08-01,842.517908796966,528.451584790447,779.38188792306,1387.08648068485
"doues","Doues",2026-09-01,719.669272824288,381.734178640884,678.225154137447,1118.06761041973
"emarese","Emarèse",2025-10-01,103.776594857412,64.6813837411894,102.408627642819,150.085072618305
"emarese","Emarèse",2025-11-01,39.1399753296294,29.3875409961903,36.9052138092278,54.6548515491054
"emarese","Emarèse",2025-12-01,84.0475422639486,60.8428761477267,81.5350904413113,107.018045939325
"emarese","Emarèse",2026-01-01,50.4009397731499,28.6904851490476,52.0575166409532,71.559473108091
"emarese","Emarèse",2026-02-01,73.9010397883084,41.0768886182578,72.064316239777,110.445146044573
"emarese","Emarèse",2026-03-01,23.8202535917462,13.7356580703766,22.9485929801431,41.8013205243619
"emarese","Emarèse",2026-04-01,33.9821711480881,19.3959514513888,32.0404007260675,55.5185025815933
"emarese","Emarèse",2026-05-01,75.202125609676,47.0329933246352,64.2891047709126,127.314745606444
"emarese","Emarèse",2026-06-01,13.6227466678622,10.1080516925092,12.7981724103612,19.3200123368484
"emarese","Emarèse",2026-07-01,53.2078629364617,30.3894341422083,49.6934074768566,82.2340420994433
"emarese","Emarèse",2026-08-01,126.618925002854,79.4190495935745,117.130444095158,208.460137448108
"emarese","Emarèse",2026-09-01,3.59161770787607,1.90510181201369,3.38478460247084,5.57988451059886
"etroubles","Etroubles",2025-10-01,1008.81496257929,628.769404200439,995.516917906554,1458.98087256746
"etroubles","Etroubles",2025-11-01,218.074068297536,163.736961209794,205.622769278452,304.517458918494
"etroubles","Etroubles",2025-12-01,606.325369490219,438.925141264267,588.200350737109,772.036332038175
"etroubles","Etroubles",2026-01-01,777.927089977744,442.831140103826,803.495978730512,1104.50425975934
"etroubles","Etroubles",2026-02-01,912.603249927409,507.258113787175,889.921567986134,1363.88607667373
"etroubles","Etroubles",2026-03-01,716.143128914484,412.955181620208,689.937120849094,1256.73424750804
"etroubles","Etroubles",2026-04-01,741.958555400801,423.486541127203,699.562406815589,1212.17763850183
"etroubles","Etroubles",2026-05-01,712.37962756243,445.537223796755,609.002048036952,1206.03547204329
"etroubles","Etroubles",2026-06-01,2457.04115526703,1823.11978733722,2308.31836568207,3484.6177932598
"etroubles","Etroubles",2026-07-01,3453.72545354048,1972.57992377877,3225.60194685752,5337.81641795166
"etroubles","Etroubles",2026-08-01,3690.80790152839,2314.98139606881,3414.22870685559,6076.39278591116
"etroubles","Etroubles",2026-09-01,3486.20182494966,1849.18606431657,3285.43938078906,5416.11194342885
"fenis","Fénis",2025-10-01,634.216574960383,395.291498207272,625.856428988268,917.224551831243
"fenis","Fénis",2025-11-01,511.536656542736,384.078026074374,482.32962647465,714.307042603178
"fenis","Fénis",2025-12-01,732.421634986352,530.207518566606,710.527192600619,932.595172548503
"fenis","Fénis",2026-01-01,834.514487854041,475.043235864351,861.943289829717,1184.84729294109
"fenis","Fénis",2026-02-01,673.0612984804,374.111975557255,656.33315040474,1005.89049383549
"fenis","Fénis",2026-03-01,360.312225540736,207.769640635516,347.127228425856,632.299180639009
"fenis","Fénis",2026-04-01,941.983721950517,537.654597151267,888.157963692239,1538.96952231291
"fenis","Fénis",2026-05-01,780.74577143679,488.294850159115,667.447180414387,1321.77712355769
"fenis","Fénis",2026-06-01,970.162001607745,719.858329707763,911.438850422774,1375.90034497386
"fenis","Fénis",2026-07-01,1121.64605202894,640.623151313287,1047.55972580297,1733.53116574834
"fenis","Fénis",2026-08-01,1470.81885871663,922.540101181142,1360.59965839332,2421.49506041396
"fenis","Fénis",2026-09-01,1212.45269547698,643.121293802736,1142.63029884147,1883.648696934
"fontainemore","Fontainemore",2025-10-01,104.750087355434,65.2881375272457,103.369287711499,151.4929689986
"fontainemore","Fontainemore",2025-11-01,14.9987434633897,11.2615346511993,14.1423654390279,20.9441648981858
"fontainemore","Fontainemore",2025-12-01,138.358452198678,100.159099770919,134.222472299205,176.172328121048
"fontainemore","Fontainemore",2026-01-01,68.4075586432686,38.9406636894271,70.6559766239925,97.1253487565119
"fontainemore","Fontainemore",2026-02-01,90.2102610799481,50.1421476236283,87.9681909910924,134.819286551774
"fontainemore","Fontainemore",2026-03-01,31.9312082345327,18.4127409220996,30.762741392157,56.0349479488476
"fontainemore","Fontainemore",2026-04-01,14.1842134542672,8.09590165196319,13.3737153249659,23.173513188633
"fontainemore","Fontainemore",2026-05-01,45.6208128010189,28.5322172284273,39.0005094951934,77.2345479470542
"fontainemore","Fontainemore",2026-06-01,362.418303184383,268.913680347702,340.481405248958,513.987836618908
"fontainemore","Fontainemore",2026-07-01,593.577082928324,339.018909508076,554.370467502235,917.387771899086
"fontainemore","Fontainemore",2026-08-01,728.357848531859,456.84709527519,673.776674828094,1199.13810050857
"fontainemore","Fontainemore",2026-09-01,396.336494963095,210.228770468965,373.51237650002,615.742556447472
"gaby","Gaby",2025-10-01,287.701909762407,179.317481499406,283.909467153634,416.08382004097
"gaby","Gaby",2025-11-01,141.169121072513,105.994275621683,133.108837002713,197.127803238422
"gaby","Gaby",2025-12-01,590.163396773029,427.225323781838,572.521511455078,751.457232493699
"gaby","Gaby",2026-01-01,738.804295403699,420.560683208222,763.087297091922,1048.95754616956
"gaby","Gaby",2026-02-01,808.182822960223,449.217438577614,788.096388091354,1207.82968911188
"gaby","Gaby",2026-03-01,495.31872324555,285.619487305282,477.19339894622,869.217308386646
"gaby","Gaby",2026-04-01,244.728801190003,139.683480668507,230.74478747009,399.826618536169
"gaby","Gaby",2026-05-01,144.045742220384,90.089241193227,123.142421019794,243.864742888597
"gaby","Gaby",2026-06-01,633.00460448293,469.68819282271,594.689328242227,897.737957407909
"gaby","Gaby",2026-07-01,1228.44880067451,701.623065932058,1147.30800012157,1898.59740302504
"gaby","Gaby",2026-08-01,1281.8631653197,804.021628649957,1185.80379528366,2110.40625740731
"gaby","Gaby",2026-09-01,666.166212558183,353.354549918786,627.803213579394,1034.94604194272
"gignod","Gignod",2025-10-01,656.764395983843,409.34499713109,648.107028080686,949.833940878362
"gignod","Gignod",2025-11-01,321.391671722483,241.31111093033,303.041283535108,448.789606001967
"gignod","Gignod",2025-12-01,597.908991193737,432.832438866175,580.035565103795,761.319726472874
"gignod","Gignod",2026-01-01,626.583192220748,356.679376455379,647.177713407438,889.625536656937
"gignod","Gignod",2026-02-01,688.803401725462,382.862009703822,671.684002162456,1029.41707609915
"gignod","Gignod",2026-03-01,335.019498214813,193.184898584888,322.760044318233,587.913868038787
"gignod","Gignod",2026-04-01,298.653638751924,170.462077092411,281.588313536823,487.926528937624
"gignod","Gignod",2026-05-01,572.271346029229,357.910553451292,489.22569972584,968.836721660352
"gignod","Gignod",2026-06-01,870.43624283304,645.862009483479,817.749414241469,1234.46756810411
"gignod","Gignod",2026-07-01,1845.76476872509,1054.20033404013,1723.84936542579,2852.67419738812
"gignod","Gignod",2026-08-01,1991.06149225654,1248.85131818813,1841.85671141593,3278.00091758856
"gignod","Gignod",2026-09-01,1129.3002140592,599.014722361388,1064.26637994694,1754.46422330156
"gressan","Gressan",2025-10-01,451.169643124981,281.202874881746,445.222393835655,652.496150453057
"gressan","Gressan",2025-11-01,482.990517834599,362.644675273735,455.413376692189,674.445367672271
"gressan","Gressan",2025-12-01,5074.85174495192,3673.7371238829,4923.14807613819,6461.82746749378
"gressan","Gressan",2026-01-01,8983.95873652846,5114.07398096452,9279.24327469812,12755.4636184243
"gressan","Gressan",2026-02-01,10323.8575088772,5738.37589048379,10067.2701556741,15429.0109256581
"gressan","Gressan",2026-03-01,8080.43833561564,4659.48599620441,7784.74879585003,14180.0754363694
"gressan","Gressan",2026-04-01,1206.01471720977,688.355161379295,1137.10200129782,1970.331174517
"gressan","Gressan",2026-05-01,404.413216021459,252.928543379952,345.726445958331,684.658382994311
"gressan","Gressan",2026-06-01,1589.27268028968,1179.23725644541,1493.07524138346,2253.93369915988
"gressan","Gressan",2026-07-01,5652.76788329061,3228.55322183466,5279.39447844189,8736.48980505011
"gressan","Gressan",2026-08-01,5990.72635003898,3757.55672451456,5541.79746682273,9862.88296409859
"gressan","Gressan",2026-09-01,1009.97025705362,535.718532229482,951.808364106263,1569.07495503792
"gressoney la trinite","Gressoney-La-Trinité",2025-10-01,152.149828233487,94.8312231640292,150.144212448779,220.044009448
"gressoney la trinite","Gressoney-La-Trinité",2025-11-01,70.0123386893338,52.5674954095951,66.0148686056517,97.7648541023609
"gressoney la trinite","Gressoney-La-Trinité",2025-12-01,2995.9593287678,2168.80562445708,2906.4004520493,3814.76607693678
"gressoney la trinite","Gressoney-La-Trinité",2026-01-01,4072.77403962019,2318.40643498078,4206.63787811589,5782.54226360266
"gressoney la trinite","Gressoney-La-Trinité",2026-02-01,4810.03717622246,2673.59379385387,4690.48935150732,7188.60329880992
"gressoney la trinite","Gressoney-La-Trinité",2026-03-01,3929.51879059513,2265.908978712,3785.72490783384,6895.77354160019
"gressoney la trinite","Gressoney-La-Trinité",2026-04-01,3791.26781059035,2163.93608498322,3574.63151432541,6193.99834143953
"gressoney la trinite","Gressoney-La-Trinité",2026-05-01,950.239241074601,594.299636079936,812.344460101501,1608.72403887354
"gressoney la trinite","Gressoney-La-Trinité",2026-06-01,10053.8287637678,7459.92150698557,9445.27833043388,14258.511920125
"gressoney la trinite","Gressoney-La-Trinité",2026-07-01,18687.3646880255,10673.2051831575,17453.0375185263,28881.7751676634
"gressoney la trinite","Gressoney-La-Trinité",2026-08-01,17882.4363900604,11216.3809832072,16542.3748134331,29440.9003053453
"gressoney la trinite","Gressoney-La-Trinité",2026-09-01,6815.55559957455,3615.17521593575,6423.06323418981,10588.5470599489
"gressoney saint jean","Gressoney-Saint-Jean",2025-10-01,846.184728703437,527.4060035252,835.030450920999,1223.77976103815
"gressoney saint jean","Gressoney-Saint-Jean",2025-11-01,1044.88028367831,784.529420729151,985.221118547901,1459.06522193932
"gressoney saint jean","Gressoney-Saint-Jean",2025-12-01,3310.06668199908,2396.19115263496,3211.11812450144,4214.72012975628
"gressoney saint jean","Gressoney-Saint-Jean",2026-01-01,4446.45340879089,2531.1215637056,4592.59933174235,6313.09385429869
"gressoney saint jean","Gressoney-Saint-Jean",2026-02-01,5455.64988811911,3032.44884559708,5320.05611771,8153.47186436615
"gressoney saint jean","Gressoney-Saint-Jean",2026-03-01,3245.90041134262,1871.70879642296,3127.12235019159,5696.11582689892
"gressoney saint jean","Gressoney-Saint-Jean",2026-04-01,1870.59218020447,1067.67501565699,1763.70493773384,3056.08715620965
"gressoney saint jean","Gressoney-Saint-Jean",2026-05-01,1582.10295750679,989.480513164222,1352.51473238195,2678.44869975674
"gressoney saint jean","Gressoney-Saint-Jean",2026-06-01,3571.31379744295,2649.90793375663,3355.14495171547,5064.89831365134
"gressoney saint jean","Gressoney-Saint-Jean",2026-07-01,4754.84427700126,2715.70814984502,4440.78001080749,7348.72710294989
"gressoney saint jean","Gressoney-Saint-Jean",2026-08-01,5318.23658079551,3335.75170339695,4919.7022680271,8755.72374816163
"gressoney saint jean","Gressoney-Saint-Jean",2026-09-01,4012.7195202622,2128.46685001866,3781.63611801813,6234.10210039574
"hone","Hône",2025-10-01,120.392699766876,75.037790784701,118.805701596589,174.115821703847
"hone","Hône",2025-11-01,64.6677636171799,48.5546180963782,60.9754508723453,90.301718147329
"hone","Hône",2025-12-01,119.123348934982,86.2346116295947,115.562368243715,151.680200103108
"hone","Hône",2026-01-01,91.4321263216617,52.0472847169995,94.4373152352068,129.815729908594
"hone","Hône",2026-02-01,86.7441643313252,48.2155648517061,84.5882400062898,129.639202987281
"hone","Hône",2026-03-01,46.6823219214618,26.9187903216373,44.9740638157961,81.9211556226519
"hone","Hône",2026-04-01,68.4286007139857,39.0568869643753,64.5185317455363,111.795489135719
"hone","Hône",2026-05-01,130.23823411472,81.453734798977,111.33860127356,220.4890820588
"hone","Hône",2026-06-01,111.54040388042,82.7627640530417,104.788950010398,158.188508644192
"hone","Hône",2026-07-01,180.862429746575,103.298771915473,168.916207542174,279.527269865135
"hone","Hône",2026-08-01,349.593668707802,219.27525377489,323.396061589352,575.556491481617
"hone","Hône",2026-09-01,127.848538818565,67.8147015570275,120.486031877089,198.623611831525
"introd","Introd",2025-10-01,317.569695139398,197.933333080614,313.383539948088,459.279578616523
"introd","Introd",2025-11-01,290.458111650708,218.085208074964,273.873926153939,405.59414868832
"introd","Introd",2025-12-01,418.629491745865,303.050174127517,406.115307497104,533.042477774298
"introd","Introd",2026-01-01,466.294103564394,265.435607225119,481.620246867169,662.046392679639
"introd","Introd",2026-02-01,638.47814326225,354.889398729742,622.60951889226,954.205948669527
"introd","Introd",2026-03-01,346.417118413838,199.757196955552,333.740588495995,607.915148601118
"introd","Introd",2026-04-01,279.303847910607,159.417826796655,263.344186349669,456.313733860599
"introd","Introd",2026-05-01,369.348936360578,230.998604327655,315.750549259144,625.295701305379
"introd","Introd",2026-06-01,752.05181894713,558.020995816998,706.530707431962,1066.57275322348
"introd","Introd",2026-07-01,1092.69623909035,624.088594479511,1020.52208942103,1688.7885280144
"introd","Introd",2026-08-01,867.687088443199,544.238421762161,802.664957096232,1428.52397234253
"introd","Introd",2026-09-01,629.225636484229,333.760159830723,592.989961370694,977.555705606074
"issime","Issime",2025-10-01,95.708580266084,59.6527898802308,94.4469643869054,138.416848607981
"issime","Issime",2025-11-01,56.8805839413362,42.7077553929334,53.6328930784898,79.4277422292282
"issime","Issime",2025-12-01,70.3932271643533,50.9583776828256,68.2889468115146,89.6319560997257
"issime","Issime",2026-01-01,124.014830733759,70.5948277044636,128.0909471868,176.076795092312
"issime","Issime",2026-02-01,147.095204329518,81.7608702371653,143.43932578651,219.833866629846
"issime","Issime",2026-03-01,125.979320657828,72.6444353679697,121.369327264139,221.076654032095
"issime","Issime",2026-04-01,69.7406061353656,39.8057382766163,65.7555680512094,113.938983030106
"issime","Issime",2026-05-01,94.395209402374,59.0367521889322,80.6969677777384,159.808010399961
"issime","Issime",2026-06-01,103.364460487982,76.6962298613164,97.1078901107356,146.593245878282
"issime","Issime",2026-07-01,79.1822549732688,45.224592568493,73.9521537638488,122.378094695822
"issime","Issime",2026-08-01,99.7132328662937,62.5430217952436,92.2409919964938,164.16372377379
"issime","Issime",2026-09-01,202.278103443803,107.294376168272,190.629366942974,314.256290073492
"issogne","Issogne",2025-10-01,31.3694038231961,19.5517732028917,30.9558971357739,45.3674478071496
"issogne","Issogne",2025-11-01,5.97287374775863,4.4846239847895,5.63184265856416,8.34048885457964
"issogne","Issogne",2025-12-01,12.5959858963624,9.11836312172118,12.2194512961734,16.0385153568757
"issogne","Issogne",2026-01-01,50.3050107708508,28.6358780399696,51.9584346465297,71.4232726941461
"issogne","Issogne",2026-02-01,44.6048315436503,24.792989413994,43.4962308431842,66.6619461409992
"issogne","Issogne",2026-03-01,38.7512041347849,22.3454081947811,37.3331714439749,68.0031175362638
"issogne","Issogne",2026-04-01,17.2441191603069,9.84239931573921,16.2587753930306,28.1726458838303
"issogne","Issogne",2026-05-01,66.4245906557311,41.5433380848566,56.7853293163009,112.454665247633
"issogne","Issogne",2026-06-01,75.1264357059942,55.7436700619,70.5790910000172,106.54559613058
"issogne","Issogne",2026-07-01,87.3895449234663,49.9121497012682,81.6173404724919,135.062660285176
"issogne","Issogne",2026-08-01,146.660010193329,91.9893974986411,135.669704387065,241.454947452391
"issogne","Issogne",2026-09-01,156.463840273201,82.9931161563873,147.453443120863,243.079923816707
"jovencan","Jovençan",2025-10-01,1014.53060862245,632.331824951995,1001.15722117701,1467.24702499447
"jovencan","Jovençan",2025-11-01,453.42297908666,340.444424767861,427.534045391762,633.157415205994
"jovencan","Jovençan",2025-12-01,615.612634260086,445.648287294755,597.209989241294,783.861840566085
"jovencan","Jovençan",2026-01-01,671.343159965499,382.158766237248,693.408850687981,953.175933188547
"jovencan","Jovençan",2026-02-01,837.529685552096,465.529493312362,816.713868880854,1251.68859196621
"jovencan","Jovençan",2026-03-01,783.567471049383,451.834604360945,754.894186845396,1375.05484077417
"jovencan","Jovençan",2026-04-01,802.139358939675,457.835845609805,756.304427594646,1310.49825733679
"jovencan","Jovençan",2026-05-01,596.650041633027,373.157503165825,510.06666004637,1010.10905809834
"jovencan","Jovençan",2026-06-01,545.537602787912,404.78784665333,512.516636111716,773.690759510478
"jovencan","Jovençan",2026-07-01,658.807582879286,376.275019280616,615.292399620673,1018.20309097215
"jovencan","Jovençan",2026-08-01,817.667645104451,512.864781122948,756.39383600175,1346.17403900327
"jovencan","Jovençan",2026-09-01,930.793091024573,493.72058736434,877.190831217197,1446.06647299659
"la magdeleine","La Magdeleine",2025-10-01,66.7583560061884,41.6088314393062,65.8783575591201,96.5480966381109
"la magdeleine","La Magdeleine",2025-11-01,9.61617449584077,7.22013031033038,9.06712313452057,13.4279744714762
"la magdeleine","La Magdeleine",2025-12-01,59.2015916235061,42.856638158262,57.4318653141943,75.3816052365773
"la magdeleine","La Magdeleine",2026-01-01,117.150220247204,66.687182210055,121.000710849027,166.330391320455
"la magdeleine","La Magdeleine",2026-02-01,157.14585036963,87.3473852458017,153.240174823593,234.854562859862
"la magdeleine","La Magdeleine",2026-03-01,82.0184627806037,47.2949440220336,79.017140265093,143.931299404615
"la magdeleine","La Magdeleine",2026-04-01,44.5545439388271,25.4303283745564,42.0086590626072,72.7911572191777
"la magdeleine","La Magdeleine",2026-05-01,20.968162613527,13.1139305469976,17.9253497449163,35.4984153351146
"la magdeleine","La Magdeleine",2026-06-01,125.525715329848,93.1398381125742,117.927741438167,178.022716555805
"la magdeleine","La Magdeleine",2026-07-01,281.535272934187,160.79761830989,262.939465427005,435.119589647773
"la magdeleine","La Magdeleine",2026-08-01,198.735577602542,124.652698585683,183.842869156951,327.18999803482
"la magdeleine","La Magdeleine",2026-09-01,89.6362724798628,47.5457687907779,84.4743231573322,139.257596180519
"la salle","La Salle",2025-10-01,1824.83690404996,1137.37568878721,1800.7821828467,2639.13823379165
"la salle","La Salle",2025-11-01,1662.19872368997,1248.03178144253,1567.29274289465,2321.08537941809
"la salle","La Salle",2025-12-01,3018.43005596752,2185.07241388523,2928.19945681683,3843.37813686111
"la salle","La Salle",2026-01-01,2822.45536877862,1606.66872892183,2915.22376348257,4007.33438642146
"la salle","La Salle",2026-02-01,3334.69313129169,1853.54385706233,3251.81325004896,4983.70078356615
"la salle","La Salle",2026-03-01,2321.87004340852,1338.87797950064,2236.90526105198,4074.56761644488
"la salle","La Salle",2026-04-01,1633.94548241403,932.60454468936,1540.58043533922,2669.4647051323
"la salle","La Salle",2026-05-01,1485.23278068139,928.895864219154,1269.70195419761,2514.45065024164
"la salle","La Salle",2026-06-01,2567.58519869408,1905.14325385999,2412.17126416218,3641.39324646661
"la salle","La Salle",2026-07-01,2957.82396430284,1689.34799495264,2762.45546035995,4571.38864407466
"la salle","La Salle",2026-08-01,4066.46895432183,2550.60686660179,3761.73873303816,6694.86553552152
"la salle","La Salle",2026-09-01,2650.20005387811,1405.74563761901,2497.5810527281,4117.31187264015
"la thuile","La Thuile",2025-10-01,298.743746412786,186.199585065938,294.805752000667,432.052881829793
"la thuile","La Thuile",2025-11-01,506.059486836662,379.965592483787,477.165184816992,706.658752212763
"la thuile","La Thuile",2025-12-01,6912.0753565963,5003.7221020029,6705.45115486356,8801.17107678462
"la thuile","La Thuile",2026-01-01,11294.3252851021,6429.23868719923,11665.5468950355,16035.7320746597
"la thuile","La Thuile",2026-02-01,12507.2442381921,6951.98173077454,12196.3913721793,18692.0836358897
"la thuile","La Thuile",2026-03-01,10152.8792338687,5854.53370801097,9781.35233603616,17816.9286680954
"la thuile","La Thuile",2026-04-01,3312.31070279931,1890.56247475892,3123.04242670213,5411.50032771666
"la thuile","La Thuile",2026-05-01,111.971740731262,70.0294850932198,95.7228657154789,189.564504603273
"la thuile","La Thuile",2026-06-01,5092.1725103858,3778.38215868632,4783.9472699705,7221.80615412212
"la thuile","La Thuile",2026-07-01,12716.3252009841,7262.87255114308,11876.3937310418,19653.3888830807
"la thuile","La Thuile",2026-08-01,13451.0149431067,8436.86536452921,12443.032143743,22145.1921487516
"la thuile","La Thuile",2026-09-01,6578.46815775622,3489.41692211085,6199.62911959957,10220.211493121
"lillianes","Lillianes",2025-10-01,51.1771688143884,31.8974630013569,50.5025591958136,74.0140790749619
"lillianes","Lillianes",2025-11-01,57.2176229870104,42.9608150509596,53.9506883233235,79.8983817442622
"lillianes","Lillianes",2025-12-01,71.5053963370572,51.7634883310066,69.3678696644599,91.0480852143992
"lillianes","Lillianes",2026-01-01,73.2384297307955,41.6906131113521,75.6456286654253,103.984240500048
"lillianes","Lillianes",2026-02-01,77.6934940471883,43.1848727769123,75.76251350222,116.11297109398
"lillianes","Lillianes",2026-03-01,40.2742801665134,23.2236713713854,38.8005131662334,70.6759097943325
"lillianes","Lillianes",2026-04-01,58.648478533055,33.4747017007167,55.2972541390715,95.8171769736122
"lillianes","Lillianes",2026-05-01,127.374772657439,79.6628656910391,108.890673477076,215.641335216115
"lillianes","Lillianes",2026-06-01,287.843553151952,213.579359989085,270.420606817887,408.224650546972
"lillianes","Lillianes",2026-07-01,543.666020374711,310.512428233835,507.756102026941,840.249014716468
"lillianes","Lillianes",2026-08-01,616.044677248631,386.401027912406,569.879949833441,1014.23036161877
"lillianes","Lillianes",2026-09-01,299.747511841166,158.99507531187,282.485733513355,465.683331147778
"montjovet","Montjovet",2025-10-01,300.190578946568,187.101359984024,296.233512609089,434.145337900428
"montjovet","Montjovet",2025-11-01,379.835574398844,285.192655857589,358.148235084054,530.400358124972
"montjovet","Montjovet",2025-12-01,451.321363126436,326.716154450878,437.82991351544,574.669158329229
"montjovet","Montjovet",2026-01-01,584.348673794666,332.637586180543,603.555031852605,829.660784032335
"montjovet","Montjovet",2026-02-01,575.160947704646,319.69539608796,560.865997865363,859.578363854424
"montjovet","Montjovet",2026-03-01,352.899149822352,203.494981135131,339.98542127687,619.290236255524
"montjovet","Montjovet",2026-04-01,282.681668469197,161.345780230837,266.528995342783,461.832261166727
"montjovet","Montjovet",2026-05-01,859.055078299677,537.271140085487,734.392565170877,1454.35222567133
"montjovet","Montjovet",2026-06-01,508.402021811592,377.23331735818,477.628842960934,721.024443378275
"montjovet","Montjovet",2026-07-01,537.020340754256,306.716777891756,501.549379051912,829.977955750229
"montjovet","Montjovet",2026-08-01,1125.88114535464,706.185197176294,1041.51064740743,1853.60394037125
"montjovet","Montjovet",2026-09-01,705.723396346366,374.336867259456,665.082389007708,1096.40150158659
"morgex","Morgex",2025-10-01,1489.27393859965,928.227595544745,1469.64255712726,2153.83620488213
"morgex","Morgex",2025-11-01,906.422155955998,680.570645322998,854.668486253593,1265.72303526958
"morgex","Morgex",2025-12-01,1235.72441117811,894.553550012402,1198.78462727115,1573.45245609317
"morgex","Morgex",2026-01-01,1507.65839020221,858.227065777391,1557.21206965739,2140.57992798256
"morgex","Morgex",2026-02-01,1787.06480502864,993.315684867853,1742.64940817428,2670.76936871098
"morgex","Morgex",2026-03-01,1468.4624191318,846.7709044618,1414.72659950895,2576.9527609638
"morgex","Morgex",2026-04-01,921.725532429189,526.091861540985,869.057344505214,1505.87262740478
"morgex","Morgex",2026-05-01,888.217875498628,555.510167704269,759.323378087886,1503.72389005523
"morgex","Morgex",2026-06-01,1476.96721384225,1095.90681744665,1387.56753744803,2094.66016569703
"morgex","Morgex",2026-07-01,2503.22437973247,1429.70546518456,2337.88282864494,3868.79396515304
"morgex","Morgex",2026-08-01,3108.89051309074,1949.98599012416,2875.91863880803,5118.34817469352
"morgex","Morgex",2026-09-01,2159.32570603102,1145.37115302289,2034.97504354811,3354.69669669982
"nus","Nus",2025-10-01,774.245570295495,482.568106141925,764.039583505671,1119.73902016984
"nus","Nus",2025-11-01,854.621954031545,641.677402676689,805.825902391871,1193.3895112305
"nus","Nus",2025-12-01,1161.25893106219,840.647226734729,1126.54516026877,1478.63528527201
"nus","Nus",2026-01-01,1692.08355965985,963.210179371112,1747.69892111816,2402.42758426951
"nus","Nus",2026-02-01,1791.60526245109,995.839436419283,1747.07701786018,2677.55508491427
"nus","Nus",2026-03-01,1863.31739198979,1074.45919810971,1795.13254369434,3269.86978711983
"nus","Nus",2026-04-01,1348.45403271121,769.655029954362,1271.40221207378,2203.04195308749
"nus","Nus",2026-05-01,1753.87209386549,1096.90854898423,1499.35744346554,2969.24824460008
"nus","Nus",2026-06-01,1296.34486447658,961.885383390484,1217.87811836782,1838.49846034227
"nus","Nus",2026-07-01,2172.34442812907,1240.7248532356,2028.85797116128,3357.41097834697
"nus","Nus",2026-08-01,2652.88325785515,1663.96505906848,2454.08333800165,4367.59677555155
"nus","Nus",2026-09-01,1859.82226820889,986.50554189506,1752.71932838545,2889.39255536261
"ollomont","Ollomont",2025-10-01,20.6843611064648,12.8920504667439,20.4117030192794,29.9143929610763
"ollomont","Ollomont",2025-11-01,4.6143805116566,3.4646239635127,4.35091483695713,6.44349618853131
"ollomont","Ollomont",2025-12-01,47.0363898716893,34.050124088244,45.6303206365857,59.8916089217711
"ollomont","Ollomont",2026-01-01,42.3190902413101,24.0899323614662,43.7100330744352,60.0848280550353
"ollomont","Ollomont",2026-02-01,17.2838375478534,9.60698620591748,16.8542680651497,25.8307050570803
"ollomont","Ollomont",2026-03-01,4.32041616949401,2.49131517417844,4.16231807930467,7.58174552609438
"ollomont","Ollomont",2026-04-01,2.39203818517087,1.36529994823632,2.25535507048501,3.9080015688212
"ollomont","Ollomont",2026-05-01,19.0879277811577,11.9379920797983,16.3179667999247,32.3152390961085
"ollomont","Ollomont",2026-06-01,60.5616044124719,44.936593398358,56.8958576134586,85.889503263581
"ollomont","Ollomont",2026-07-01,347.513142192261,198.480584736409,324.559402040725,537.089986103634
"ollomont","Ollomont",2026-08-01,436.79228267965,273.9687448732,404.06024649516,719.116666656427
"ollomont","Ollomont",2026-09-01,118.954627431278,63.0971040625464,112.104300643998,184.806161750539
"oyace","Oyace",2025-10-01,8.97907629490825e-05,5.59643607761813e-05,8.86071548334341e-05,0.000129858309536773
"oyace","Oyace",2025-11-01,6.15186547139035e-05,4.61901667594238e-05,5.80061455417929e-05,8.59043193709878e-05
"oyace","Oyace",2025-12-01,9.23893892400877,6.68816245601264,8.96275727355713,11.76397504992
"oyace","Oyace",2026-01-01,0.0001702677956304,9.6924098714871e-05,0.000175864153413463,0.000241746955462097
"oyace","Oyace",2026-02-01,9.16810295149111,5.09596542698038,8.94024052039947,13.7017350815315
"oyace","Oyace",2026-03-01,0.000159373422939574,9.19007362609284e-05,0.00015354143064874,0.000279678783002976
"oyace","Oyace",2026-04-01,0.000104058924770939,5.93935521113519e-05,9.81129085088544e-05,0.000170006667859956
"oyace","Oyace",2026-05-01,3.54582046062213,2.21763080102802,3.03126568888435,6.00295837717845
"oyace","Oyace",2026-06-01,10.8194831656999,8.02803559308135,10.1645882670853,15.3443760892053
"oyace","Oyace",2026-07-01,16.5773544296643,9.46808221359906,15.4823964560522,25.6207031598752
"oyace","Oyace",2026-08-01,20.0653522445153,12.5855689027828,18.5617088383343,33.0347622738234
"oyace","Oyace",2026-09-01,12.320166352261,6.5349859453395,11.610675957401,19.1404294633672
"perloz","Perloz",2025-10-01,76.6196189679858,47.7551126376938,75.6096308595227,110.809774521868
"perloz","Perloz",2025-11-01,27.6290915827306,20.7448025896004,26.0515629769321,38.5811152453037
"perloz","Perloz",2025-12-01,88.6355103760417,64.1641532260874,85.9859094050184,112.859922679113
"perloz","Perloz",2026-01-01,66.3658589646337,37.7784362672333,68.5471704097682,94.226534688646
"perloz","Perloz",2026-02-01,66.6999775425794,37.0742760346153,65.042227938651,99.6831544178815
"perloz","Perloz",2026-03-01,95.7208166015873,55.1962388642331,92.2180803598961,167.97707548349
"perloz","Perloz",2026-04-01,97.1979527514297,55.4775256862061,91.6439783184482,158.797528481621
"perloz","Perloz",2026-05-01,118.576656548608,74.1603385634973,101.369303519489,200.746411633426
"perloz","Perloz",2026-06-01,87.6936071652578,65.0684869902322,82.3855813479336,124.368573651336
"perloz","Perloz",2026-07-01,179.090779756135,102.286901907241,167.261577567908,276.789141854369
"perloz","Perloz",2026-08-01,180.70153002956,113.341222686331,167.16024449394,297.499491376951
"perloz","Perloz",2026-09-01,159.399398636056,84.5502244043176,150.219949345747,247.640564166299
"pollein","Pollein",2025-10-01,4703.71869007235,2931.71147136985,4641.71498910754,6802.67031449211
"pollein","Pollein",2025-11-01,2140.51691939844,1607.16832834182,2018.30057140756,2989.00634154226
"pollein","Pollein",2025-12-01,3093.75895994948,2239.60377853746,3001.27653716411,3939.29470847939
"pollein","Pollein",2026-01-01,2503.97777451231,1425.37693694875,2586.27845536113,3555.15851539593
"pollein","Pollein",2026-02-01,3337.20544491705,1854.94029244753,3254.26312306983,4987.45543770982
"pollein","Pollein",2026-03-01,3288.09126545672,1896.03763673426,3167.76930362639,5770.15506452614
"pollein","Pollein",2026-04-01,3541.63096599618,2021.4512479454,3339.25913326322,5786.15318814825
"pollein","Pollein",2026-05-01,4243.56444681757,2654.01458644607,3627.75595918092,7184.21618579374
"pollein","Pollein",2026-06-01,4031.37452814985,2991.27210656692,3787.35856431344,5717.36431112346
"pollein","Pollein",2026-07-01,3792.67348810141,2166.16858540611,3542.16197887815,5861.66882256509
"pollein","Pollein",2026-08-01,3920.61096223195,2459.1205180394,3626.81094567991,6454.73099735294
"pollein","Pollein",2026-09-01,6175.83041011757,3275.84577813041,5820.17836525223,9594.67940308126
"pont saint martin","Pont-Saint-Martin",2025-10-01,667.490524330825,416.030327523956,658.691766242932,965.346415093593
"pont saint martin","Pont-Saint-Martin",2025-11-01,337.764524153045,253.604370391419,318.479300920863,471.652569289284
"pont saint martin","Pont-Saint-Martin",2025-12-01,470.980985537849,340.947956348573,456.901846473605,599.701828145641
"pont saint martin","Pont-Saint-Martin",2026-01-01,552.124127397515,314.293922867844,570.271329844918,783.908233153197
"pont saint martin","Pont-Saint-Martin",2026-02-01,621.88486370652,345.666249798755,606.428645811387,929.407282924894
"pont saint martin","Pont-Saint-Martin",2026-03-01,583.728280466196,336.59977781558,562.367762703385,1024.36411337607
"pont saint martin","Pont-Saint-Martin",2026-04-01,621.49683844129,354.730792599079,585.983975740269,1015.37284592824
"pont saint martin","Pont-Saint-Martin",2026-05-01,703.135449023061,439.755719829825,601.09934638031,1190.385379316
"pont saint martin","Pont-Saint-Martin",2026-06-01,901.765557548427,669.108300437499,847.182389910899,1278.89933811083
"pont saint martin","Pont-Saint-Martin",2026-07-01,906.68600249436,517.849675589635,846.798095035664,1401.30519786396
"pont saint martin","Pont-Saint-Martin",2026-08-01,1057.22342241357,663.121088844018,977.997949140012,1740.56871786523
"pont saint martin","Pont-Saint-Martin",2026-09-01,1485.62186273117,788.01841756427,1400.06827425967,2308.04030236359
"pontboset","Pontboset",2025-10-01,257.609837412142,160.561837397483,254.214063902513,372.563690380422
"pontboset","Pontboset",2025-11-01,59.1663638856209,44.4239918303664,55.7881626425156,82.6195930793291
"pontboset","Pontboset",2025-12-01,154.041455912262,111.512186688955,149.436660504288,196.141554664473
"pontboset","Pontboset",2026-01-01,154.978640496653,88.2208229370666,160.072474699069,220.039346624581
"pontboset","Pontboset",2026-02-01,147.780650639664,82.141866253139,144.107736133661,220.858266530668
"pontboset","Pontboset",2026-03-01,129.967088819061,74.9439331342576,125.211170008543,228.074647333993
"pontboset","Pontboset",2026-04-01,113.600678176293,64.8396839963589,107.109437936141,185.595544119791
"pontboset","Pontboset",2026-05-01,193.681307841328,121.132369397225,165.575079042399,327.896136400822
"pontboset","Pontboset",2026-06-01,274.684240046437,203.815175103943,258.057816696889,389.56188761512
"pontboset","Pontboset",2026-07-01,478.156049581535,273.096699933404,446.573158515195,739.001766681484
"pontboset","Pontboset",2026-08-01,549.125741561446,344.427537204204,507.975738790434,904.057806205611
"pontboset","Pontboset",2026-09-01,294.614122377043,156.272171493786,277.647964287931,457.708172685083
"pontey","Pontey",2025-10-01,61.5347033088948,38.3530579664091,60.7235622534197,88.9934809226567
"pontey","Pontey",2025-11-01,41.3351415875274,31.0357417897303,38.9750434249149,57.7201699337135
"pontey","Pontey",2025-12-01,130.074271015651,94.1620962164142,126.185931981712,165.624049628493
"pontey","Pontey",2026-01-01,87.1778018371156,49.6255315911158,90.0431597165382,123.775421535075
"pontey","Pontey",2026-02-01,105.399002627523,58.5846031910794,102.779434206399,157.518869443442
"pontey","Pontey",2026-03-01,77.3145256827818,44.5824761924455,74.4853355365524,135.676526566234
"pontey","Pontey",2026-04-01,43.9043662878576,25.0592274787948,41.3956331205798,71.7289269856667
"pontey","Pontey",2026-05-01,67.3029236482492,42.0926660385414,57.5362022646645,113.941654353242
"pontey","Pontey",2026-06-01,88.8507943556162,65.9271176484421,83.472724897935,126.009716317999
"pontey","Pontey",2026-07-01,133.18863889449,76.0700984177442,124.391338772156,205.84627033595
"pontey","Pontey",2026-08-01,370.275062114872,232.247221501068,342.527647126208,609.605478330613
"pontey","Pontey",2026-09-01,60.7795749493351,32.2393104687843,57.2794172893443,94.4262547979062
"pre saint didier","Pré-Saint-Didier",2025-10-01,5972.53583670062,3722.53380343062,5893.80678200567,8637.67476662994
"pre saint didier","Pré-Saint-Didier",2025-11-01,4504.16456435388,3381.87031733601,4246.99185115713,6289.59123106921
"pre saint didier","Pré-Saint-Didier",2025-12-01,6059.09648407422,4386.24196517147,5877.97056896846,7715.06992848255
"pre saint didier","Pré-Saint-Didier",2026-01-01,8737.69311196071,4973.88849481718,9024.88339754639,12405.8146154886
"pre saint didier","Pré-Saint-Didier",2026-02-01,8982.46290244575,4992.77992864953,8759.21433674233,13424.2959225255
"pre saint didier","Pré-Saint-Didier",2026-03-01,7392.685776374,4262.90188955817,7122.16334132082,12973.162795428
"pre saint didier","Pré-Saint-Didier",2026-04-01,5542.65752711886,3163.57409416791,5225.94531945419,9055.33801496225
"pre saint didier","Pré-Saint-Didier",2026-05-01,3557.68066221429,2225.04842091297,3041.40478716889,6023.03731160092
"pre saint didier","Pré-Saint-Didier",2026-06-01,4361.3202890905,3236.09122334462,4097.3329650375,6185.29903290043
"pre saint didier","Pré-Saint-Didier",2026-07-01,5372.21308581847,3068.31559772182,5017.37072667012,8302.88556399884
"pre saint didier","Pré-Saint-Didier",2026-08-01,5537.36305682886,3473.19416286314,5122.40799665507,9116.48447418582
"pre saint didier","Pré-Saint-Didier",2026-09-01,6828.55452981803,3622.07023861781,6435.31358556775,10608.7420070227
"quart","Quart",2025-10-01,1069.39145380337,666.525232284247,1055.29489908043,1546.58855613831
"quart","Quart",2025-11-01,682.166878634573,512.19263536277,643.217434287044,952.574169234719
"quart","Quart",2025-12-01,834.294030892597,603.953988719541,809.354294380746,1062.30967045501
"quart","Quart",2026-01-01,858.260765947702,488.560686968592,886.470060016649,1218.56236167411
"quart","Quart",2026-02-01,938.24034057977,521.508142206799,914.92147886062,1402.20072325203
"quart","Quart",2026-03-01,710.040584723042,409.436224105749,684.057888612823,1246.02510854871
"quart","Quart",2026-04-01,598.428526415858,341.564127698213,564.233806860599,977.684902590079
"quart","Quart",2026-05-01,844.695840636679,528.290570405104,722.11708057436,1430.04250469807
"quart","Quart",2026-06-01,826.587460611804,613.326297842342,776.554764694351,1172.28047513933
"quart","Quart",2026-07-01,1218.33692119531,695.847710965179,1137.86402474679,1882.96924814519
"quart","Quart",2026-08-01,1318.00055266034,826.688042516004,1219.23314423409,2169.90135051347
"quart","Quart",2026-09-01,1258.93288243578,667.775779775387,1186.43379741347,1955.85963260581
"rhemes notre dame","Rhêmes-Notre-Dame",2025-10-01,66.2562599890899,41.2958874156418,65.3828800949902,95.8219491162045
"rhemes notre dame","Rhêmes-Notre-Dame",2025-11-01,191.857957724145,144.053069798321,180.90351082698,267.909422773439
"rhemes notre dame","Rhêmes-Notre-Dame",2025-12-01,1136.00694583357,822.367056150754,1102.04803823548,1446.48183922871
"rhemes notre dame","Rhêmes-Notre-Dame",2026-01-01,1765.02720123304,1004.73298578489,1823.04007253596,2505.99328326356
"rhemes notre dame","Rhêmes-Notre-Dame",2026-02-01,2124.16230081036,1180.68674659289,2071.36874161313,3174.5617681078
"rhemes notre dame","Rhêmes-Notre-Dame",2026-03-01,1609.65811320495,928.189675564653,1550.75548355728,2824.73209051118
"rhemes notre dame","Rhêmes-Notre-Dame",2026-04-01,308.736128240496,176.216844078231,291.094680923488,504.398834849476
"rhemes notre dame","Rhêmes-Notre-Dame",2026-05-01,289.727067871955,181.201410714307,247.683076380927,490.498475174388
"rhemes notre dame","Rhêmes-Notre-Dame",2026-06-01,687.157303455412,509.86939077408,645.564206475941,974.538241354331
"rhemes notre dame","Rhêmes-Notre-Dame",2026-07-01,1055.39373424828,602.783434834381,985.683468384168,1631.1366024473
"rhemes notre dame","Rhêmes-Notre-Dame",2026-08-01,1297.79400706588,814.013913063038,1200.54082269483,2136.63413337449
"rhemes notre dame","Rhêmes-Notre-Dame",2026-09-01,974.685464614838,517.002419469418,918.555542714312,1514.25701983365
"rhemes saint georges","Rhêmes-Saint-Georges",2025-10-01,14.4921470142455,9.03259664233628,14.3011137469488,20.9590123863354
"rhemes saint georges","Rhêmes-Saint-Georges",2025-11-01,63.7278011780673,47.8488643374229,60.0891571407845,88.9891596406162
"rhemes saint georges","Rhêmes-Saint-Georges",2025-12-01,206.978849501395,149.834107770383,200.79158484535,263.546933411164
"rhemes saint georges","Rhêmes-Saint-Georges",2026-01-01,148.318606928635,84.4296318395314,153.193539309037,210.583402049844
"rhemes saint georges","Rhêmes-Saint-Georges",2026-02-01,235.586282523714,130.94743341821,229.731062163327,352.083833379922
"rhemes saint georges","Rhêmes-Saint-Georges",2026-03-01,75.2837054076937,43.4114285042435,72.5288295854584,132.112711894011
"rhemes saint georges","Rhêmes-Saint-Georges",2026-04-01,25.2998569492046,14.4403603576537,23.8542014114453,41.3337384249913
"rhemes saint georges","Rhêmes-Saint-Georges",2026-05-01,193.595019805154,121.078403041933,165.501312768466,327.750053570245
"rhemes saint georges","Rhêmes-Saint-Georges",2026-06-01,707.159905402616,524.711282750536,664.356066489023,1002.90627357361
"rhemes saint georges","Rhêmes-Saint-Georges",2026-07-01,1795.75923053183,1025.63989342472,1677.14676456199,2775.38942581404
"rhemes saint georges","Rhêmes-Saint-Georges",2026-08-01,2218.66697482824,1391.61205563495,2052.40605268948,3652.72112769751
"rhemes saint georges","Rhêmes-Saint-Georges",2026-09-01,108.103017866126,57.3410847065609,101.877610624176,167.947260538733
"roisan","Roisan",2025-10-01,163.471975175092,101.888037199124,161.317112579615,236.418465058735
"roisan","Roisan",2025-11-01,69.0472677928653,51.8428894205686,65.1049000255676,96.4172342805131
"roisan","Roisan",2025-12-01,174.00763229524,125.965906144524,168.805983548153,221.564560784936
"roisan","Roisan",2026-01-01,110.542309229391,62.925661615874,114.175611171918,156.948450568792
"roisan","Roisan",2026-02-01,156.865109620701,87.1913393159015,152.966411556254,234.434995650728
"roisan","Roisan",2026-03-01,85.5850504555633,49.3515732091485,82.4532148881189,150.190177967976
"roisan","Roisan",2026-04-01,113.382512943694,64.7151621627942,106.903738852156,185.239115833427
"roisan","Roisan",2026-05-01,102.727956393717,64.2482276684136,87.8205010557263,173.915079246818
"roisan","Roisan",2026-06-01,193.440586755267,143.532541419446,181.731778533017,274.340748872299
"roisan","Roisan",2026-07-01,214.168867193471,122.321595450271,200.022707151592,331.003176395364
"roisan","Roisan",2026-08-01,330.754825865983,207.458987020878,305.96895084543,544.541003330218
"roisan","Roisan",2026-09-01,284.367619654248,150.837118965452,267.99153438192,441.789356574628
"saint christophe","Saint-Christophe",2025-10-01,825.802867843566,514.702493977135,814.917260636289,1194.30285373113
"saint christophe","Saint-Christophe",2025-11-01,673.682919891773,505.822608727233,635.217881177601,940.727214766013
"saint christophe","Saint-Christophe",2025-12-01,763.102009237264,552.417355528309,740.290431619143,971.66060638009
"saint christophe","Saint-Christophe",2026-01-01,785.984923271032,447.418021766651,811.818656693331,1115.94480645263
"saint christophe","Saint-Christophe",2026-02-01,1025.5027405536,570.011761297341,1000.01507437118,1532.61442970214
"saint christophe","Saint-Christophe",2026-03-01,647.113681198253,373.150194365764,623.433685309148,1135.59691122856
"saint christophe","Saint-Christophe",2026-04-01,815.678841906467,465.563755435119,769.070252885482,1332.61843961618
"saint christophe","Saint-Christophe",2026-05-01,988.169611819547,618.022088864149,844.770532623414,1672.93891927752
"saint christophe","Saint-Christophe",2026-06-01,769.029711714172,570.618559429041,722.480941558376,1090.65109114683
"saint christophe","Saint-Christophe",2026-07-01,972.666332736975,555.534047596523,908.420330082376,1503.2793978311
"saint christophe","Saint-Christophe",2026-08-01,1214.51179151258,761.776900253609,1123.49955186768,1999.52175384013
"saint christophe","Saint-Christophe",2026-09-01,1200.41686844655,636.737129966346,1131.28758775023,1864.95001286412
"saint denis","Saint-Denis",2025-10-01,13.1558294971067,8.19970299955589,12.9824113631089,19.0263867121506
"saint denis","Saint-Denis",2025-11-01,19.1348538493518,14.3670581603113,18.0423177728492,26.7198072493024
"saint denis","Saint-Denis",2025-12-01,52.8842889353447,38.283478078977,51.3034071564675,67.3377603949147
"saint denis","Saint-Denis",2026-01-01,38.8535641762748,22.1171988261383,40.1306021826259,55.1644591021454
"saint denis","Saint-Denis",2026-02-01,87.0322828706408,48.3757116261253,84.8691976977007,130.06979630835
"saint denis","Saint-Denis",2026-03-01,40.8849657879884,23.5758157703847,39.3888518130945,71.7475803919849
"saint denis","Saint-Denis",2026-04-01,31.5979942392176,18.0351384717103,29.7924577318087,51.6233444031098
"saint denis","Saint-Denis",2026-05-01,9.7924840996564,6.12442581319105,8.37143938614022,16.5783561554341
"saint denis","Saint-Denis",2026-06-01,41.214198362019,30.5808555106891,38.7195349992307,58.4506810719749
"saint denis","Saint-Denis",2026-07-01,99.2646828253429,56.6945818697931,92.7081085288318,153.415973804378
"saint denis","Saint-Denis",2026-08-01,88.1469306219381,55.2883027116782,81.5414372625577,145.121444307506
"saint denis","Saint-Denis",2026-09-01,12.8979677889751,6.84146916643908,12.1552031218558,20.0380932876247
"saint marcel","Saint-Marcel",2025-10-01,112.382408144836,70.0451742222101,110.901000414602,162.531078521248
"saint marcel","Saint-Marcel",2025-11-01,56.3241437205306,42.2899623395874,53.1082237308997,78.6507320904134
"saint marcel","Saint-Marcel",2025-12-01,121.907171608643,88.249849358009,118.262973488741,155.224851793709
"saint marcel","Saint-Marcel",2026-01-01,113.880049373421,64.8256536490519,117.623056078165,161.68738851625
"saint marcel","Saint-Marcel",2026-02-01,128.753809020193,71.5660549222154,125.553784315968,192.422640896049
"saint marcel","Saint-Marcel",2026-03-01,81.5471537906047,47.0231694539255,78.5630780051043,143.104215927897
"saint marcel","Saint-Marcel",2026-04-01,86.8309461457432,49.5603653039615,81.8693513669071,141.860391637332
"saint marcel","Saint-Marcel",2026-05-01,122.140569583402,76.3892848414933,104.416036263155,206.780000148509
"saint marcel","Saint-Marcel",2026-06-01,128.767278102934,95.5450714237222,120.973094938489,182.619956326434
"saint marcel","Saint-Marcel",2026-07-01,171.722147988119,98.0783406632068,160.379654468832,265.400742817372
"saint marcel","Saint-Marcel",2026-08-01,291.156454640333,182.621744024826,269.337974812417,479.347890150381
"saint marcel","Saint-Marcel",2026-09-01,121.480856420535,64.4370917272809,114.485049844115,188.730873998302
"saint nicolas","Saint-Nicolas",2025-10-01,463.751274472815,289.044694382738,457.638176041748,670.692113204494
"saint nicolas","Saint-Nicolas",2025-11-01,276.260109234277,207.424895324051,260.486582129589,385.768134291821
"saint nicolas","Saint-Nicolas",2025-12-01,519.077693139285,375.765655294695,503.560788526863,660.943543548289
"saint nicolas","Saint-Nicolas",2026-01-01,546.569100764828,311.131751491179,564.533720731406,776.021182222685
"saint nicolas","Saint-Nicolas",2026-02-01,674.811779133229,375.084956438318,658.040124916851,1008.50658816791
"saint nicolas","Saint-Nicolas",2026-03-01,454.835616946566,262.275398897163,438.191701275413,798.174936998458
"saint nicolas","Saint-Nicolas",2026-04-01,368.420109700377,210.28257818853,347.368268463505,601.907768705416
"saint nicolas","Saint-Nicolas",2026-05-01,202.025555463826,126.351037613666,172.708444027606,342.02267544108
"saint nicolas","Saint-Nicolas",2026-06-01,402.449951082978,298.617085700598,378.089968644308,570.761404396529
"saint nicolas","Saint-Nicolas",2026-07-01,357.795254039603,204.353167162821,334.16236569222,552.981239235434
"saint nicolas","Saint-Nicolas",2026-08-01,426.711786553673,267.645966333271,394.735155574441,702.520556652184
"saint nicolas","Saint-Nicolas",2026-09-01,481.301366513765,255.296688024258,453.584314096543,747.742732766617
"saint oyen","Saint-Oyen",2025-10-01,172.966053325789,107.805461190322,170.686041242985,250.149108376229
"saint oyen","Saint-Oyen",2025-11-01,51.4944366996504,38.6636643697913,48.5542768073159,71.9065551197127
"saint oyen","Saint-Oyen",2025-12-01,232.871504574139,168.578065812361,225.910225037015,296.51614673288
"saint oyen","Saint-Oyen",2026-01-01,373.017599766755,212.338419771743,385.277933201774,529.612007623197
"saint oyen","Saint-Oyen",2026-02-01,252.089033366325,140.120263194335,245.823656515921,376.747203911249
"saint oyen","Saint-Oyen",2026-03-01,372.130152733301,214.584303896445,358.512699196205,653.038043078372
"saint oyen","Saint-Oyen",2026-04-01,266.027555478223,151.840137827025,250.826512660242,434.623540127266
"saint oyen","Saint-Oyen",2026-05-01,236.16361566288,147.701699505749,201.892530395111,399.817297793893
"saint oyen","Saint-Oyen",2026-06-01,325.38494286431,241.434998581878,305.689645417627,461.466491569844
"saint oyen","Saint-Oyen",2026-07-01,827.404352733579,472.56831413056,772.753111652201,1278.77348611439
"saint oyen","Saint-Oyen",2026-08-01,1189.36170045075,746.002036193777,1100.23414083186,1958.11568883474
"saint oyen","Saint-Oyen",2026-09-01,403.930255494247,214.256728933523,380.668829611477,627.540111257398
"saint pierre","Saint-Pierre",2025-10-01,1560.12390323964,972.386625403318,1539.55858836044,2256.30171844623
"saint pierre","Saint-Pierre",2025-11-01,785.916935525923,590.091484929584,741.043710365361,1097.4501920184
"saint pierre","Saint-Pierre",2025-12-01,1151.78127513054,833.786254593401,1117.35082200803,1466.56735097471
"saint pierre","Saint-Pierre",2026-01-01,1233.0015447761,701.880017880082,1273.52780968773,1750.62094641029
"saint pierre","Saint-Pierre",2026-02-01,1000.64888788908,556.197085068703,975.778935024246,1495.47033274265
"saint pierre","Saint-Pierre",2026-03-01,915.040147349504,527.646716112833,881.555849988523,1605.77159032722
"saint pierre","Saint-Pierre",2026-04-01,780.611348043103,445.548336010279,736.006545715485,1275.32678688161
"saint pierre","Saint-Pierre",2026-05-01,839.37916368754,524.965408656937,717.571937752329,1421.04154405017
"saint pierre","Saint-Pierre",2026-06-01,1124.83961152893,834.628817251632,1056.75394495243,1595.26677707243
"saint pierre","Saint-Pierre",2026-07-01,1359.70871782206,776.591583506809,1269.89801197716,2101.46278714262
"saint pierre","Saint-Pierre",2026-08-01,1463.85133026292,918.169865943423,1354.15425773927,2410.02401104989
"saint pierre","Saint-Pierre",2026-09-01,1177.66889335292,624.670921339667,1109.84961687002,1829.60909292321
"saint rhemy en bosses","Saint-Rhémy-en-Bosses",2025-10-01,94.1743433152441,58.6965379517151,92.9329515130941,136.197985438527
"saint rhemy en bosses","Saint-Rhémy-en-Bosses",2025-11-01,81.1313765571014,60.9160234407268,76.4990466463114,113.291418922949
"saint rhemy en bosses","Saint-Rhémy-en-Bosses",2025-12-01,410.75921370141,297.352799291699,398.480297419858,523.021223676567
"saint rhemy en bosses","Saint-Rhémy-en-Bosses",2026-01-01,615.968881776732,350.637232845912,636.214532064815,874.555292605968
"saint rhemy en bosses","Saint-Rhémy-en-Bosses",2026-02-01,686.986700890589,381.852221234533,669.912453293153,1026.70201566696
"saint rhemy en bosses","Saint-Rhémy-en-Bosses",2026-03-01,378.682600262724,218.362692671425,364.825371342927,664.536701492798
"saint rhemy en bosses","Saint-Rhémy-en-Bosses",2026-04-01,189.160770223575,107.967001277674,178.351961480127,309.042134601355
"saint rhemy en bosses","Saint-Rhémy-en-Bosses",2026-05-01,77.5425218566753,48.4967264328381,66.2898724129037,131.276960110214
"saint rhemy en bosses","Saint-Rhémy-en-Bosses",2026-06-01,517.644857345728,384.091483456565,486.312216850985,734.132790828371
"saint rhemy en bosses","Saint-Rhémy-en-Bosses",2026-07-01,1626.24551415732,928.822888650149,1518.82967163958,2513.40186759504
"saint rhemy en bosses","Saint-Rhémy-en-Bosses",2026-08-01,2157.3932916108,1353.17943044786,1995.72405411428,3551.84268140544
"saint rhemy en bosses","Saint-Rhémy-en-Bosses",2026-09-01,1248.10164936345,662.030568722664,1176.22631045053,1939.03238801392
"saint vincent","Saint-Vincent",2025-10-01,9222.08088336919,5747.89482473455,9100.51682245446,13337.272059987
"saint vincent","Saint-Vincent",2025-11-01,7612.25650388555,5715.52481056638,7177.62214923811,10629.7141393092
"saint vincent","Saint-Vincent",2025-12-01,7026.55454304224,5086.59475686946,6816.5081895976,8946.93784764026
"saint vincent","Saint-Vincent",2026-01-01,7499.91393747354,4269.28883490483,7746.42092712996,10648.4103696722
"saint vincent","Saint-Vincent",2026-02-01,8511.04807763961,4730.75040501865,8299.51597373873,12719.7661984183
"saint vincent","Saint-Vincent",2026-03-01,7358.61993622238,4243.25823923344,7089.34408114145,12913.3818574281
"saint vincent","Saint-Vincent",2026-04-01,6400.70543065428,3653.32077360795,6034.96362942712,10457.1770716831
"saint vincent","Saint-Vincent",2026-05-01,8154.37215485344,5099.91609966496,6971.04345860317,13805.0860671664
"saint vincent","Saint-Vincent",2026-06-01,6562.98426553197,4869.72163768,6165.73193384846,9307.7365430093
"saint vincent","Saint-Vincent",2026-07-01,7405.69487672295,4229.72967364262,6916.53813643537,11445.6809700346
"saint vincent","Saint-Vincent",2026-08-01,8472.27875565368,5314.05812085895,7837.38902478695,13948.4077428586
"saint vincent","Saint-Vincent",2026-09-01,10245.7032478839,5434.62846284965,9655.67647104366,15917.5740579772
"sarre","Sarre",2025-10-01,990.5839104008,617.406440484168,977.526184671862,1432.61453443624
"sarre","Sarre",2025-11-01,815.265885229578,612.127611813865,768.716933323929,1138.43290791605
"sarre","Sarre",2025-12-01,1295.55703566203,937.866999317506,1256.82866184049,1649.63755780121
"sarre","Sarre",2026-01-01,1229.36735869117,699.811275464408,1269.77417526258,1745.46111322891
"sarre","Sarre",2026-02-01,1682.74465976545,935.330749880585,1640.92201759952,2514.86285221285
"sarre","Sarre",2026-03-01,864.921215665017,498.746246778232,833.270933146771,1517.81964978164
"sarre","Sarre",2026-04-01,936.066144112143,534.277030368887,882.578521329862,1529.30165679999
"sarre","Sarre",2026-05-01,2048.92167833694,1281.43877368703,1751.59065489299,3468.75756675995
"sarre","Sarre",2026-06-01,3975.38241500301,2949.72606685407,3734.7556102143,5637.9553385324
"sarre","Sarre",2026-07-01,6674.33322148605,3812.01571879916,6233.48396472327,10315.3438012877
"sarre","Sarre",2026-08-01,8600.5474317813,5394.51194204289,7956.0455921049,14159.5839620158
"sarre","Sarre",2026-09-01,4902.58874211887,2600.48018910449,4620.25979273388,7616.58985141895
"torgnon","Torgnon",2025-10-01,370.470870861088,230.905326928708,365.587380455609,535.786972318278
"torgnon","Torgnon",2025-11-01,290.203322222785,217.893904051509,273.633684349119,405.238362098213
"torgnon","Torgnon",2025-12-01,1671.87667141936,1210.28863561516,1621.89889125845,2128.80673970153
"torgnon","Torgnon",2026-01-01,3312.35527699856,1885.54182344282,3421.225690021,4702.89640303682
"torgnon","Torgnon",2026-02-01,3152.45083498867,1752.24695341634,3074.10037198034,4711.33956796835
"torgnon","Torgnon",2026-03-01,2309.5161252322,1331.75424359053,2225.00341295258,4052.88816238571
"torgnon","Torgnon",2026-04-01,404.341643689506,230.785456779669,381.237215173564,660.594712774392
"torgnon","Torgnon",2026-05-01,314.10182743301,196.445898744804,268.520671840926,531.764148020404
"torgnon","Torgnon",2026-06-01,1243.32941817273,922.548024720744,1168.07165578348,1763.31104758284
"torgnon","Torgnon",2026-07-01,2327.44234128612,1329.30833615257,2173.71144529023,3597.11856320756
"torgnon","Torgnon",2026-08-01,2469.75438119768,1549.10133441636,2284.67764569259,4066.10100153614
"torgnon","Torgnon",2026-09-01,729.534517336169,386.967000373088,687.52228162688,1133.39410937434
"valgrisenche","Valgrisenche",2025-10-01,195.661309361338,121.950852709063,193.082131881693,282.971722712984
"valgrisenche","Valgrisenche",2025-11-01,124.412198123236,93.4126437735642,117.308678238697,173.728525939461
"valgrisenche","Valgrisenche",2025-12-01,309.467612585301,224.026772432305,300.216628602386,394.046253921132
"valgrisenche","Valgrisenche",2026-01-01,554.839819880858,315.839817353412,573.076281643033,787.763985131362
"valgrisenche","Valgrisenche",2026-02-01,753.918539939975,419.055374336605,735.180780093175,1126.7316872388
"valgrisenche","Valgrisenche",2026-03-01,713.578213222563,411.476154338325,687.466063770899,1252.23316767935
"valgrisenche","Valgrisenche",2026-04-01,250.671683227695,143.075490289732,236.34808812812,409.535824881869
"valgrisenche","Valgrisenche",2026-05-01,125.90278730073,78.7422550448003,107.63229653558,213.149312022535
"valgrisenche","Valgrisenche",2026-06-01,642.800608340297,476.956808747565,603.892387607261,911.63081763577
"valgrisenche","Valgrisenche",2026-07-01,3510.87034994095,2005.21797706423,3278.97234110624,5426.13524071618
"valgrisenche","Valgrisenche",2026-08-01,4056.45691406928,2544.32702556434,3752.47696809225,6678.38212842312
"valgrisenche","Valgrisenche",2026-09-01,1426.60427687367,756.713718984784,1344.44937711273,2216.35144793538
"valpelline","Valpelline",2025-10-01,196.000259161007,122.162111732271,193.4166136969,283.461922891234
"valpelline","Valpelline",2025-11-01,305.032596677554,229.028195969506,287.616256892405,425.945881382028
"valpelline","Valpelline",2025-12-01,261.910842246975,189.599939597696,254.081483347873,333.492042629506
"valpelline","Valpelline",2026-01-01,155.189618205125,88.3409209518837,160.290386817752,220.338893691039
"valpelline","Valpelline",2026-02-01,387.080650630201,215.153519054207,377.460215677867,578.492252779434
"valpelline","Valpelline",2026-03-01,141.300302967348,81.4790925430206,136.1296649626,247.962903995875
"valpelline","Valpelline",2026-04-01,129.609524238236,73.9770283896018,122.203524795727,211.750057836561
"valpelline","Valpelline",2026-05-01,291.283988069679,182.175141399083,249.014062771271,493.13429028328
"valpelline","Valpelline",2026-06-01,518.553070176795,384.765375621489,487.165456265964,735.420833800064
"valpelline","Valpelline",2026-07-01,1609.19109354301,919.082332208127,1502.90171990281,2487.04384708117
"valpelline","Valpelline",2026-08-01,1818.14783493688,1140.39487436848,1681.90073744511,2993.32305627597
"valpelline","Valpelline",2026-09-01,643.206720101206,341.176146135226,606.165906140325,999.276511733264
"valsavarenche","Valsavarenche",2025-10-01,190.876693568902,118.968720075496,188.360586163462,276.052056388943
"valsavarenche","Valsavarenche",2025-11-01,92.7469035687107,69.6373313457835,87.4513659633293,129.511278520141
"valsavarenche","Valsavarenche",2025-12-01,156.696847641556,113.434451942135,152.012674019653,199.522674759337
"valsavarenche","Valsavarenche",2026-01-01,141.838379130306,80.7407942851677,146.500319540376,201.382746487546
"valsavarenche","Valsavarenche",2026-02-01,225.742719582591,125.476022735796,220.132149418023,337.372622959263
"valsavarenche","Valsavarenche",2026-03-01,494.032197726826,284.877628090562,475.953951583746,866.959630257242
"valsavarenche","Valsavarenche",2026-04-01,1863.57834009103,1063.67173694548,1757.09187446358,3044.62826799595
"valsavarenche","Valsavarenche",2026-05-01,1320.35975850241,825.780803458708,1128.75462178075,2235.32600175721
"valsavarenche","Valsavarenche",2026-06-01,5429.92544171245,4028.99418079787,5101.25627913097,7700.81313847952
"valsavarenche","Valsavarenche",2026-07-01,9113.73450612957,5205.2689072352,8511.75930500739,14085.497625702
"valsavarenche","Valsavarenche",2026-08-01,10472.2785335074,6568.51579012856,9687.51421077274,17241.1242824926
"valsavarenche","Valsavarenche",2026-09-01,3872.5891343726,2054.13748821297,3649.57552274451,6016.39759137326
"valtournenche","Valtournenche",2025-10-01,2953.08546187134,1840.58509765399,2914.15834059433,4270.84784003556
"valtournenche","Valtournenche",2025-11-01,8931.80774040146,6706.28593734536,8421.83142902744,12472.3284060745
"valtournenche","Valtournenche",2025-12-01,23334.8545040193,16892.3400288679,22637.3005226609,29712.3564119943
"valtournenche","Valtournenche",2026-01-01,25803.3632015364,14688.4366057703,26651.4675183127,36635.7271001189
"valtournenche","Valtournenche",2026-02-01,28472.7065708468,15826.1669906307,27765.0508896967,42552.4761831426
"valtournenche","Valtournenche",2026-03-01,29219.0784344794,16848.8244242114,28149.8572492145,51275.52728865
"valtournenche","Valtournenche",2026-04-01,22998.2924300421,13126.6999243229,21684.1502640507,37573.5485553684
"valtournenche","Valtournenche",2026-05-01,3263.79484407179,2041.24604018449,2790.16646112325,5525.49820787458
"valtournenche","Valtournenche",2026-06-01,6346.22423332401,4708.88611281503,5962.0922177538,9000.32375772475
"valtournenche","Valtournenche",2026-07-01,16872.0851081739,9636.41632908405,15757.6597516406,26076.2165687392
"valtournenche","Valtournenche",2026-08-01,20900.4466014,13109.3642212412,19334.2234753133,34409.6269270684
"valtournenche","Valtournenche",2026-09-01,6495.59253195521,3445.45720319671,6121.52611283573,10091.4571383078
"verrayes","Verrayes",2025-10-01,484.143569791756,301.754707470954,477.761663240083,700.184111164173
"verrayes","Verrayes",2025-11-01,436.762684550288,327.935344612014,411.82499788186,609.893069304363
"verrayes","Verrayes",2025-12-01,377.432243123991,273.227064158923,366.149577365831,480.585868968966
"verrayes","Verrayes",2026-01-01,570.117087851335,324.536326422445,588.855682487164,809.454716522859
"verrayes","Verrayes",2026-02-01,438.054932125735,243.486880660292,427.167591275182,654.673345500433
"verrayes","Verrayes",2026-03-01,334.407394699202,192.831936574567,322.170339662597,586.839709228866
"verrayes","Verrayes",2026-04-01,242.586393359536,138.460661853084,228.724798661614,396.326451517755
"verrayes","Verrayes",2026-05-01,364.968737030019,228.259135407002,312.00598630435,617.880166718365
"verrayes","Verrayes",2026-06-01,498.211560958072,369.672015104731,468.055202774843,706.572157491418
"verrayes","Verrayes",2026-07-01,642.296049103365,366.844530240502,599.871476270029,992.68411522834
"verrayes","Verrayes",2026-08-01,750.344177463466,470.637556280608,694.115407539047,1235.33547898859
"verrayes","Verrayes",2026-09-01,482.979473102613,256.18680611677,455.165782338773,750.349814511901
"verres","Verrès",2025-10-01,199.359540252578,124.255868515069,196.731613258476,288.320224006879
"verres","Verrès",2025-11-01,168.481229569188,126.501077206988,158.861515566299,235.266285003096
"verres","Verrès",2025-12-01,135.724940508422,98.2526737019608,131.667684758018,172.819067960692
"verres","Verrès",2026-01-01,119.324046048642,67.9246217727595,123.245985904259,169.416798631109
"verres","Verrès",2026-02-01,224.79427903462,124.948844946935,219.207281245946,335.955178020256
"verres","Verrès",2026-03-01,121.142983933921,69.8556209123667,116.70996784278,212.589537772769
"verres","Verrès",2026-04-01,204.087007353691,116.486426639462,192.425300611319,333.427931819272
"verres","Verrès",2026-05-01,222.857983915372,139.380077156818,190.51775678966,377.291297267532
"verres","Verrès",2026-06-01,239.75914136221,177.900819396296,225.246707064784,340.030515279118
"verres","Verrès",2026-07-01,323.604461259749,184.825248014968,302.229923684636,500.138540098478
"verres","Verrès",2026-08-01,374.448079129354,234.864658390699,346.387949495003,616.475760165596
"verres","Verrès",2026-09-01,450.683049730211,239.055813986567,424.729236626777,700.174565590441
"villeneuve","Villeneuve",2025-10-01,167.345777633524,104.302482418642,165.139851166022,242.020883639548
"villeneuve","Villeneuve",2025-11-01,211.95135105849,159.139829955746,199.849638690162,295.96772941665
"villeneuve","Villeneuve",2025-12-01,358.149685053243,259.268222997031,347.443437080362,456.033316569963
"villeneuve","Villeneuve",2026-01-01,422.840666387018,240.699953492791,436.738583169046,600.351013919954
"villeneuve","Villeneuve",2026-02-01,517.477425457035,287.632794191406,504.616131814984,773.370307009049
"villeneuve","Villeneuve",2026-03-01,217.572799095897,125.46069513011,209.611102198017,381.810809753158
"villeneuve","Villeneuve",2026-04-01,226.587237144066,129.328848118578,213.639847962358,370.187768624863
"villeneuve","Villeneuve",2026-05-01,173.842111502516,108.72451813764,148.614864664728,294.309024142559
"villeneuve","Villeneuve",2026-06-01,386.837911195131,287.032982284496,363.422913384926,548.620142388908
"villeneuve","Villeneuve",2026-07-01,324.111560432075,185.114875450661,302.703528231236,500.922274163037
"villeneuve","Villeneuve",2026-08-01,485.472667284695,304.502489170075,449.092654307684,799.262029330811
"villeneuve","Villeneuve",2026-09-01,245.567249296553,130.256238179295,231.42558921774,381.509671158879
