"comune_key","comune_nome","date","q05","q50","q95","scale_factor"
"allein","Allein",2025-01-01,17.8295549845046,74.3998703905343,291.622663573922,2.09046510739047
"allein","Allein",2025-02-01,31.6150147202373,129.957732610325,507.581221466705,3.01425863985616
"allein","Allein",2025-03-01,43.6055603743295,177.599777544195,692.120474753479,3.57762181342539
"allein","Allein",2025-04-01,33.3034914156837,132.950369733521,515.581668230727,1.78501399459999
"allein","Allein",2025-05-01,24.8744396828895,98.9822478176198,383.546775418059,1.22103135018847
"allein","Allein",2025-06-01,93.2345372299626,362.093235668549,1394.47633318712,1.43827193394973
"allein","Allein",2025-07-01,217.870067331767,840.877601080133,3233.14703927897,1.50863863080624
"allein","Allein",2025-08-01,224.924492265889,867.623753703347,3335.50691370185,1.38823215487078
"allein","Allein",2025-09-01,82.4131678732656,321.246534304641,1238.33618793745,1.6868662838857
"antey saint andre","Antey-Saint-André",2025-01-01,1826.86664851945,7020.87148911043,26965.1873583649,2.09046510739047
"antey saint andre","Antey-Saint-André",2025-02-01,2320.4797380302,8918.90622702363,34256.0220317842,3.01425863985616
"antey saint andre","Antey-Saint-André",2025-03-01,2721.09781358142,10458.8284006134,40170.7265746239,3.57762181342539
"antey saint andre","Antey-Saint-André",2025-04-01,1370.30755227046,5266.87537106824,20229.1986205075,1.78501399459999
"antey saint andre","Antey-Saint-André",2025-05-01,850.136603860514,3267.88366059149,12551.723870859,1.22103135018847
"antey saint andre","Antey-Saint-André",2025-06-01,1701.74942288994,6538.5851613769,25111.4172508261,1.43827193394973
"antey saint andre","Antey-Saint-André",2025-07-01,3804.73680928965,14613.9882311411,56120.1345063269,1.50863863080624
"antey saint andre","Antey-Saint-André",2025-08-01,4236.59849673969,16271.940069396,62486.1160831627,1.38823215487078
"antey saint andre","Antey-Saint-André",2025-09-01,1498.93226249544,5760.49911974514,22124.3721055207,1.6868662838857
"aosta","Aosta",2025-01-01,5850.00213016786,22469.1984147494,86284.7916545742,2.09046510739047
"aosta","Aosta",2025-02-01,5544.82894804012,21299.9957891007,81797.8262099064,3.01425863985616
"aosta","Aosta",2025-03-01,4967.86235131396,19086.117554098,73298.4161423743,3.57762181342539
"aosta","Aosta",2025-04-01,2733.36642513681,10500.847526116,40326.9838777268,1.78501399459999
"aosta","Aosta",2025-05-01,2291.10196305234,8801.00678280744,33798.2106724374,1.22103135018847
"aosta","Aosta",2025-06-01,5354.00654049016,20562.7864905508,78962.5609650544,1.43827193394973
"aosta","Aosta",2025-07-01,9751.66477160238,37449.4328200937,143805.32808522,1.50863863080624
"aosta","Aosta",2025-08-01,8973.10359600572,34459.5153057232,132324.084383529,1.38823215487078
"aosta","Aosta",2025-09-01,3610.07561165265,13867.0202134137,53252.3787699317,1.6868662838857
"arnad","Arnad",2025-01-01,283.004741006711,1092.63875022058,4201.53004197666,2.09046510739047
"arnad","Arnad",2025-02-01,391.017596201368,1510.01778824738,5806.8357491222,3.01425863985616
"arnad","Arnad",2025-03-01,434.338428446103,1677.96413616433,6453.32817587811,3.57762181342539
"arnad","Arnad",2025-04-01,226.815829116529,876.013055686729,3368.84757270016,1.78501399459999
"arnad","Arnad",2025-05-01,204.459281303486,788.565125873558,3031.45704121064,1.22103135018847
"arnad","Arnad",2025-06-01,522.581798594881,2010.73193760841,7725.03859389249,1.43827193394973
"arnad","Arnad",2025-07-01,1068.71204826236,4108.00224638005,15778.4888150239,1.50863863080624
"arnad","Arnad",2025-08-01,1064.31766274422,4090.78642765455,15712.0403287072,1.38823215487078
"arnad","Arnad",2025-09-01,456.149762609951,1756.3473719234,6748.94029558466,1.6868662838857
"arvier","Arvier",2025-01-01,268.101721655108,1035.41305743124,3981.79068326294,2.09046510739047
"arvier","Arvier",2025-02-01,246.483674242754,955.025969441765,3675.73797797499,3.01425863985616
"arvier","Arvier",2025-03-01,174.70914753415,681.020824339036,2625.19306144838,3.57762181342539
"arvier","Arvier",2025-04-01,80.1961355341622,313.012139975741,1206.99589134095,1.78501399459999
"arvier","Arvier",2025-05-01,55.0421535791102,214.822419990248,828.35825616686,1.22103135018847
"arvier","Arvier",2025-06-01,176.259443347399,680.898281763373,2618.64703290175,1.43827193394973
"arvier","Arvier",2025-07-01,389.873553422745,1501.34904123017,5769.27309792832,1.50863863080624
"arvier","Arvier",2025-08-01,386.571585459161,1488.32796652934,5718.93189344638,1.38823215487078
"arvier","Arvier",2025-09-01,150.277618886844,581.837367168469,2238.97173657066,1.6868662838857
"avise","Avise",2025-01-01,59.350731217048,233.83588931242,903.836633315371,2.09046510739047
"avise","Avise",2025-02-01,66.3814160065891,263.456277600776,1020.19860075133,3.01425863985616
"avise","Avise",2025-03-01,50.157318815069,202.757693998176,788.723663962949,3.57762181342539
"avise","Avise",2025-04-01,24.5165003449249,99.2094451802829,386.02082305179,1.78501399459999
"avise","Avise",2025-05-01,18.1030028485949,72.9807943618104,283.704511750978,1.22103135018847
"avise","Avise",2025-06-01,65.9899169310977,257.477369943511,992.764757054233,1.43827193394973
"avise","Avise",2025-07-01,129.96572373493,503.336137646435,1937.03088761861,1.50863863080624
"avise","Avise",2025-08-01,118.092613377999,457.402969772855,1760.31144470572,1.38823215487078
"avise","Avise",2025-09-01,53.5238673314847,210.315306296478,812.374426433328,1.6868662838857
"ayas","Ayas",2025-01-01,1764.4196551484,6781.08300236428,26044.43016459,2.09046510739047
"ayas","Ayas",2025-02-01,981.070500710055,3775.74565494557,14506.9416662471,3.01425863985616
"ayas","Ayas",2025-03-01,588.329428137133,2269.26992680559,8723.86696546588,3.57762181342539
"ayas","Ayas",2025-04-01,202.937391931991,784.322903619332,3016.76908778213,1.78501399459999
"ayas","Ayas",2025-05-01,104.288531653329,403.922228302554,1554.4773922759,1.22103135018847
"ayas","Ayas",2025-06-01,259.329988274022,999.87857506228,3843.49065951973,1.43827193394973
"ayas","Ayas",2025-07-01,533.134551911244,2051.45299632666,7881.60209608963,1.50863863080624
"ayas","Ayas",2025-08-01,475.54712828233,1829.98269831464,7030.84247075268,1.38823215487078
"ayas","Ayas",2025-09-01,259.643649245038,1001.78896940496,3851.53230627763,1.6868662838857
"aymavilles","Aymavilles",2025-01-01,225.322149627438,871.144959218557,3351.02214558427,2.09046510739047
"aymavilles","Aymavilles",2025-02-01,198.210594234685,769.66350151746,2963.96975209744,3.01425863985616
"aymavilles","Aymavilles",2025-03-01,137.599933426663,538.526177041924,2078.03179714577,3.57762181342539
"aymavilles","Aymavilles",2025-04-01,68.3025718225778,267.342372858629,1031.62981275344,1.78501399459999
"aymavilles","Aymavilles",2025-05-01,47.7484054695841,186.815357880807,720.814711171443,1.22103135018847
"aymavilles","Aymavilles",2025-06-01,150.0308616872,580.183874771401,2231.91656050504,1.43827193394973
"aymavilles","Aymavilles",2025-07-01,296.879372956186,1144.26325364425,4398.10923524222,1.50863863080624
"aymavilles","Aymavilles",2025-08-01,280.545341972939,1081.20071974782,4155.61521238865,1.38823215487078
"aymavilles","Aymavilles",2025-09-01,115.388294496156,447.866813141492,1724.54190281081,1.6868662838857
"bard","Bard",2025-01-01,969.205613666562,3727.56254681237,14319.3012230798,2.09046510739047
"bard","Bard",2025-02-01,1704.25848191781,6552.69522906548,25170.0737115644,3.01425863985616
"bard","Bard",2025-03-01,1810.84943899138,6963.59078350068,26749.4600927344,3.57762181342539
"bard","Bard",2025-04-01,930.297713920532,3577.29373397603,13741.4207128487,1.78501399459999
"bard","Bard",2025-05-01,758.837594896231,2917.3071152823,11205.5546679819,1.22103135018847
"bard","Bard",2025-06-01,1381.22842134345,5307.82541167176,20385.4568482765,1.43827193394973
"bard","Bard",2025-07-01,3111.08759112891,11950.4637381825,45892.5403004239,1.50863863080624
"bard","Bard",2025-08-01,3680.28290755149,14135.7591888835,54283.4540637033,1.38823215487078
"bard","Bard",2025-09-01,1844.87753947406,7088.88484315031,27225.2037906884,1.6868662838857
"bionaz","Bionaz",2025-01-01,118.328968385502,460.304794829574,1773.44833465613,2.09046510739047
"bionaz","Bionaz",2025-02-01,88.844998980472,349.713570024737,1351.41559783338,3.01425863985616
"bionaz","Bionaz",2025-03-01,77.7968827898801,308.890093046802,1196.2585345594,3.57762181342539
"bionaz","Bionaz",2025-04-01,49.5616248106847,195.37952754645,755.30166870938,1.78501399459999
"bionaz","Bionaz",2025-05-01,34.7755610501016,137.001290554021,529.535048562447,1.22103135018847
"bionaz","Bionaz",2025-06-01,86.5775538379338,336.531268827583,1296.32164204563,1.43827193394973
"bionaz","Bionaz",2025-07-01,191.379219381542,739.156124997804,2842.54955007025,1.50863863080624
"bionaz","Bionaz",2025-08-01,176.981805670235,683.529954326835,2628.61021317461,1.38823215487078
"bionaz","Bionaz",2025-09-01,99.1117916555242,385.367119001154,1484.55105183485,1.6868662838857
"brissogne","Brissogne",2025-01-01,66.8436114816326,262.607593489417,1014.31630628724,2.09046510739047
"brissogne","Brissogne",2025-02-01,91.9219433872367,361.528643950172,1396.78397418642,3.01425863985616
"brissogne","Brissogne",2025-03-01,84.1490002562182,333.281413631871,1289.9180934445,3.57762181342539
"brissogne","Brissogne",2025-04-01,55.145311030638,216.820170191843,837.631000791956,1.78501399459999
"brissogne","Brissogne",2025-05-01,42.4633778108861,166.521526003896,642.888986114818,1.22103135018847
"brissogne","Brissogne",2025-06-01,120.122117030647,465.338111436438,1790.92348281327,1.43827193394973
"brissogne","Brissogne",2025-07-01,227.884163605534,879.330453042898,3380.80108450157,1.50863863080624
"brissogne","Brissogne",2025-08-01,208.065859211059,802.888753816223,3086.93277386758,1.38823215487078
"brissogne","Brissogne",2025-09-01,90.7424256456093,353.229821395526,1361.14792952318,1.6868662838857
"brusson","Brusson",2025-01-01,810.077646457266,3116.53145634202,11973.0197989584,2.09046510739047
"brusson","Brusson",2025-02-01,621.061295198443,2393.35624043244,9198.7426977173,3.01425863985616
"brusson","Brusson",2025-03-01,462.218777684198,1785.02111990146,6864.41333370786,3.57762181342539
"brusson","Brusson",2025-04-01,202.148644709889,781.294214925078,3005.13930963565,1.78501399459999
"brusson","Brusson",2025-05-01,128.247081019799,495.920000926816,1907.73710088206,1.22103135018847
"brusson","Brusson",2025-06-01,359.358641295045,1383.97583970794,5318.3751476401,1.43827193394973
"brusson","Brusson",2025-07-01,741.138885959999,2850.16309917867,10948.5469812301,1.50863863080624
"brusson","Brusson",2025-08-01,672.136703389217,2584.86158327312,9929.48107173818,1.38823215487078
"brusson","Brusson",2025-09-01,277.542296057341,1070.51748942232,4115.4410538668,1.6868662838857
"challand saint anselme","Challand-Saint-Anselme",2025-01-01,347.205239767281,1339.16047392748,5148.142006567,2.09046510739047
"challand saint anselme","Challand-Saint-Anselme",2025-02-01,381.411659508142,1473.13221699559,5665.1998618557,3.01425863985616
"challand saint anselme","Challand-Saint-Anselme",2025-03-01,356.79431295898,1380.20462677944,5309.96965186664,3.57762181342539
"challand saint anselme","Challand-Saint-Anselme",2025-04-01,187.897636759405,726.572162723952,2795.01361133366,1.78501399459999
"challand saint anselme","Challand-Saint-Anselme",2025-05-01,137.412952593491,531.11577826882,2042.88439514084,1.22103135018847
"challand saint anselme","Challand-Saint-Anselme",2025-06-01,361.643579121643,1392.74970942003,5352.06568785023,1.43827193394973
"challand saint anselme","Challand-Saint-Anselme",2025-07-01,741.856799101309,2852.91979404062,10959.132337765,1.50863863080624
"challand saint anselme","Challand-Saint-Anselme",2025-08-01,710.001115597584,2730.25609491963,10487.7774451401,1.38823215487078
"challand saint anselme","Challand-Saint-Anselme",2025-09-01,292.250462083386,1126.99497030343,4332.30737431954,1.6868662838857
"challand saint victor","Challand-Saint-Victor",2025-01-01,107.313145563593,418.005440735233,1611.02421203498,2.09046510739047
"challand saint victor","Challand-Saint-Victor",2025-02-01,154.301275632471,601.057320606268,2316.54353036545,3.01425863985616
"challand saint victor","Challand-Saint-Victor",2025-03-01,166.925788227761,651.133717704601,2510.43038535749,3.57762181342539
"challand saint victor","Challand-Saint-Victor",2025-04-01,106.494718698747,413.99534381285,1594.75850932639,1.78501399459999
"challand saint victor","Challand-Saint-Victor",2025-05-01,87.1209857685062,338.001042563369,1301.34845011872,1.22103135018847
"challand saint victor","Challand-Saint-Victor",2025-06-01,209.382094235699,808.085034956334,3107.02793702441,1.43827193394973
"challand saint victor","Challand-Saint-Victor",2025-07-01,375.546901968608,1446.3365276266,5558.03206490179,1.50863863080624
"challand saint victor","Challand-Saint-Victor",2025-08-01,342.623538402551,1319.57307329475,5070.93463536719,1.38823215487078
"challand saint victor","Challand-Saint-Victor",2025-09-01,129.202575982878,500.911891445007,1928.22823531609,1.6868662838857
"chambave","Chambave",2025-01-01,162.096288590159,628.365720012149,2418.78084396104,2.09046510739047
"chambave","Chambave",2025-02-01,228.012841805836,884.100329632763,3403.39257072297,3.01425863985616
"chambave","Chambave",2025-03-01,273.110923294784,1058.87108788295,4076.08986241157,3.57762181342539
"chambave","Chambave",2025-04-01,169.731128020039,656.815087083981,2527.15534139012,1.78501399459999
"chambave","Chambave",2025-05-01,142.558390789852,550.873604420994,2118.75192660504,1.22103135018847
"chambave","Chambave",2025-06-01,319.72554204172,1231.78979548087,4734.00015568076,1.43827193394973
"chambave","Chambave",2025-07-01,598.647604662292,2303.01475988431,8847.56717063308,1.50863863080624
"chambave","Chambave",2025-08-01,566.513962555555,2179.28373519332,8372.11388400263,1.38823215487078
"chambave","Chambave",2025-09-01,227.619374538806,878.819840606037,3379.34654168874,1.6868662838857
"chamois","Chamois",2025-01-01,190.738730520879,738.349042451267,2841.10276902614,2.09046510739047
"chamois","Chamois",2025-02-01,170.308524492375,662.523113815535,2552.56433368461,3.01425863985616
"chamois","Chamois",2025-03-01,126.967832524397,497.700266158781,1921.2655084546,3.57762181342539
"chamois","Chamois",2025-04-01,31.4311094053193,125.760661716543,487.974106801886,1.78501399459999
"chamois","Chamois",2025-05-01,18.5832210891047,74.8247711328861,290.785147273396,1.22103135018847
"chamois","Chamois",2025-06-01,57.6239371569325,225.353075051102,869.411563502265,1.43827193394973
"chamois","Chamois",2025-07-01,138.771292913417,537.148399762914,2066.86565993821,1.50863863080624
"chamois","Chamois",2025-08-01,135.798412070712,525.390977617051,2021.37672003413,1.38823215487078
"chamois","Chamois",2025-09-01,69.4013878460675,271.282959212137,1046.48243458425,1.6868662838857
"champdepraz","Champdepraz",2025-01-01,126.503442681213,491.693733119476,1893.97785268082,2.09046510739047
"champdepraz","Champdepraz",2025-02-01,134.530158149553,525.138752127889,2025.02591408573,3.01425863985616
"champdepraz","Champdepraz",2025-03-01,103.726970527257,408.458321460867,1578.58782746129,3.57762181342539
"champdepraz","Champdepraz",2025-04-01,63.3408293265952,248.289914757623,958.470804605705,1.78501399459999
"champdepraz","Champdepraz",2025-05-01,42.1677926078523,165.386516538846,638.530694588281,1.22103135018847
"champdepraz","Champdepraz",2025-06-01,127.907670846766,495.233644708236,1905.71851611646,1.43827193394973
"champdepraz","Champdepraz",2025-07-01,236.179336616481,911.182858998995,3503.11025922923,1.50863863080624
"champdepraz","Champdepraz",2025-08-01,207.279226239135,799.86818357289,3075.33416953678,1.38823215487078
"champdepraz","Champdepraz",2025-09-01,94.3733989134408,367.172295457258,1414.68525095825,1.6868662838857
"champorcher","Champorcher",2025-01-01,199.654718162658,772.585297378163,2972.56561963924,2.09046510739047
"champorcher","Champorcher",2025-02-01,158.554709488005,617.389963903173,2379.25879669475,3.01425863985616
"champorcher","Champorcher",2025-03-01,93.8445559126867,370.511110267761,1432.87537827796,3.57762181342539
"champorcher","Champorcher",2025-04-01,40.6626838442168,161.208729677711,624.090164847742,1.78501399459999
"champorcher","Champorcher",2025-05-01,25.2894163641533,100.575705325557,389.665448934528,1.22103135018847
"champorcher","Champorcher",2025-06-01,90.701279006403,352.365847316075,1357.1244030602,1.43827193394973
"champorcher","Champorcher",2025-07-01,214.127571283563,826.506893771295,3177.96535681456,1.50863863080624
"champorcher","Champorcher",2025-08-01,193.927424400085,748.598968107274,2878.46692374138,1.38823215487078
"champorcher","Champorcher",2025-09-01,86.038315304145,335.166637895813,1291.7876096199,1.6868662838857
"charvensod","Charvensod",2025-01-01,750.390336271303,2887.33980091038,11092.9530853498,2.09046510739047
"charvensod","Charvensod",2025-02-01,609.280913273104,2348.12107693331,9025.04544157048,3.01425863985616
"charvensod","Charvensod",2025-03-01,461.840002791692,1783.56667264325,6858.82844181364,3.57762181342539
"charvensod","Charvensod",2025-04-01,246.764100952405,952.611874276814,3662.97726261368,1.78501399459999
"charvensod","Charvensod",2025-05-01,199.077171802532,767.898512109349,2952.09988127115,1.22103135018847
"charvensod","Charvensod",2025-06-01,515.044263051579,1981.78876285884,7613.90049580038,1.43827193394973
"charvensod","Charvensod",2025-07-01,924.773832062414,3555.29786167985,13656.1744989809,1.50863863080624
"charvensod","Charvensod",2025-08-01,813.994266107002,3129.57652407864,12021.1169426226,1.38823215487078
"charvensod","Charvensod",2025-09-01,358.118417154207,1379.91951348596,5303.50534874139,1.6868662838857
"chatillon","Châtillon",2025-01-01,1372.92666021647,5277.79985358798,20272.0146816828,2.09046510739047
"chatillon","Châtillon",2025-02-01,1281.78301898516,4930.4433563122,18940.8335081611,3.01425863985616
"chatillon","Châtillon",2025-03-01,1165.29189862888,4484.73219712635,17230.9594060392,3.57762181342539
"chatillon","Châtillon",2025-04-01,664.511869568654,2556.71000407576,9822.50940936278,1.78501399459999
"chatillon","Châtillon",2025-05-01,508.191439992798,1954.85786114581,7509.87233387714,1.22103135018847
"chatillon","Châtillon",2025-06-01,1079.45064579945,4149.03725831191,15935.8581926216,1.43827193394973
"chatillon","Châtillon",2025-07-01,1965.8725043126,7552.98392622663,29006.778910117,1.50863863080624
"chatillon","Châtillon",2025-08-01,1850.60591850438,7110.03300490294,27305.5619506384,1.38823215487078
"chatillon","Châtillon",2025-09-01,745.457696817817,2867.25292561684,11014.6758780047,1.6868662838857
"cogne","Cogne",2025-01-01,794.209245792335,3055.5988224854,11739.046259526,2.09046510739047
"cogne","Cogne",2025-02-01,425.595944825789,1642.79423501022,6316.68036334747,3.01425863985616
"cogne","Cogne",2025-03-01,218.025224704022,847.349033843484,3263.87216363166,3.57762181342539
"cogne","Cogne",2025-04-01,83.3626699932487,325.171228271029,1253.68523898041,1.78501399459999
"cogne","Cogne",2025-05-01,59.5158676993948,232.000911397573,894.321471315883,1.22103135018847
"cogne","Cogne",2025-06-01,198.214852961824,765.204253326375,2942.37120685257,1.43827193394973
"cogne","Cogne",2025-07-01,284.649314792775,1097.30139076646,4217.78167379607,1.50863863080624
"cogne","Cogne",2025-08-01,264.285580073165,1018.76530868435,3915.87120022578,1.38823215487078
"cogne","Cogne",2025-09-01,152.218814128437,589.291309213276,2267.59392295196,1.6868662838857
"courmayeur","Courmayeur",2025-01-01,2669.98522774214,10258.3392573039,39396.6505100309,2.09046510739047
"courmayeur","Courmayeur",2025-02-01,1197.08853919882,4605.2273603547,17692.045578966,3.01425863985616
"courmayeur","Courmayeur",2025-03-01,578.738885433692,2232.44346651041,8582.45805673062,3.57762181342539
"courmayeur","Courmayeur",2025-04-01,212.556762309061,821.260058503041,3158.60304961349,1.78501399459999
"courmayeur","Courmayeur",2025-05-01,114.898021588803,444.661315958218,1710.91029085159,1.22103135018847
"courmayeur","Courmayeur",2025-06-01,379.632058078963,1461.8231734123,5617.29897629063,1.43827193394973
"courmayeur","Courmayeur",2025-07-01,766.172768128718,2946.29001255864,11317.6620634887,1.50863863080624
"courmayeur","Courmayeur",2025-08-01,676.904547592858,2603.1694966716,9999.78112322689,1.38823215487078
"courmayeur","Courmayeur",2025-09-01,383.227749578125,1476.33614621897,5673.73291634956,1.6868662838857
"donnas","Donnas",2025-01-01,160.799837778279,623.387514312567,2399.6651692588,2.09046510739047
"donnas","Donnas",2025-02-01,226.790181341289,879.405469451808,3385.36490665936,3.01425863985616
"donnas","Donnas",2025-03-01,233.928719803896,908.416425852486,3498.363157175,3.57762181342539
"donnas","Donnas",2025-04-01,136.720664579275,530.059119375226,2040.4285985616,1.78501399459999
"donnas","Donnas",2025-05-01,115.306564513511,446.230068661883,1716.93410107181,1.22103135018847
"donnas","Donnas",2025-06-01,292.818724785272,1128.47105033741,4337.26935707765,1.43827193394973
"donnas","Donnas",2025-07-01,617.51588729594,2375.46655773689,9125.77283004537,1.50863863080624
"donnas","Donnas",2025-08-01,585.37006782342,2251.68877351505,8650.13999278262,1.38823215487078
"donnas","Donnas",2025-09-01,268.291709502779,1034.99641736281,3979.04466939814,1.6868662838857
"doues","Doues",2025-01-01,127.261324135618,494.603901204032,1905.15252680847,2.09046510739047
"doues","Doues",2025-02-01,138.666565053692,541.022026863251,2086.01566247498,3.01425863985616
"doues","Doues",2025-03-01,127.008852234418,497.857776611433,1921.87032849555,3.57762181342539
"doues","Doues",2025-04-01,73.1435776144918,285.931217421168,1103.00860406731,1.78501399459999
"doues","Doues",2025-05-01,58.5423253340239,228.262632931732,879.966958985184,1.22103135018847
"doues","Doues",2025-06-01,168.581072092862,651.414315852309,2505.43236575067,1.43827193394973
"doues","Doues",2025-07-01,331.299023161267,1276.43031872563,4905.61390156352,1.50863863080624
"doues","Doues",2025-08-01,291.433861499367,1123.01124543053,4316.16229628019,1.38823215487078
"doues","Doues",2025-09-01,136.593334895638,529.291462660965,2037.20216775098,1.6868662838857
"emarese","Emarèse",2025-01-01,102.718419710863,400.362279715566,1543.27672486316,2.09046510739047
"emarese","Emarèse",2025-02-01,152.38993239617,593.718006452876,2288.36150046147,3.01425863985616
"emarese","Emarèse",2025-03-01,174.921941046339,681.837924274882,2628.3306209458,3.57762181342539
"emarese","Emarèse",2025-04-01,89.0507217714336,347.012621343717,1337.55340157085,1.78501399459999
"emarese","Emarèse",2025-05-01,78.2242825977982,303.838837544822,1170.16994170542,1.22103135018847
"emarese","Emarèse",2025-06-01,169.666675533862,655.582894550357,2521.43917606975,1.43827193394973
"emarese","Emarèse",2025-07-01,373.675709294044,1439.15138650734,5530.4420397775,1.50863863080624
"emarese","Emarèse",2025-08-01,434.205041929007,1671.23436167835,6421.26911324447,1.38823215487078
"emarese","Emarèse",2025-09-01,147.084246130832,569.575223237366,2191.88666843885,1.6868662838857
"etroubles","Etroubles",2025-01-01,239.847703925829,926.921234365453,3565.19592548655,2.09046510739047
"etroubles","Etroubles",2025-02-01,176.228482949503,685.254998945697,2639.85187215521,3.01425863985616
"etroubles","Etroubles",2025-03-01,108.817691593511,428.006040814953,1653.648575629,3.57762181342539
"etroubles","Etroubles",2025-04-01,50.8805898259494,200.444184914375,774.749306787426,1.78501399459999
"etroubles","Etroubles",2025-05-01,42.8499088323808,168.005755807786,648.588239184436,1.22103135018847
"etroubles","Etroubles",2025-06-01,137.542243105969,532.229172879678,2047.77662392469,1.43827193394973
"etroubles","Etroubles",2025-07-01,257.185635755728,991.844367437159,3812.84015978862,1.50863863080624
"etroubles","Etroubles",2025-08-01,216.938413353569,836.958229647738,3217.75521403426,1.38823215487078
"etroubles","Etroubles",2025-09-01,116.180204331363,450.907645866542,1736.21831248606,1.6868662838857
"fenis","Fénis",2025-01-01,288.441309796197,1113.51448070413,4281.6901834366,2.09046510739047
"fenis","Fénis",2025-02-01,244.870370023179,948.831087084906,3651.95042014823,3.01425863985616
"fenis","Fénis",2025-03-01,179.435846328186,699.170744614496,2694.88643950352,3.57762181342539
"fenis","Fénis",2025-04-01,99.6985972466806,387.899104574382,1494.5522803479,1.78501399459999
"fenis","Fénis",2025-05-01,77.7598142814812,302.055338473066,1163.32153283187,1.22103135018847
"fenis","Fénis",2025-06-01,215.327354129092,830.914074373471,3194.68853556079,1.43827193394973
"fenis","Fénis",2025-07-01,395.188590939636,1521.75810713349,5847.64130694332,1.50863863080624
"fenis","Fénis",2025-08-01,336.748633936376,1297.01418974127,4984.31140087728,1.38823215487078
"fenis","Fénis",2025-09-01,145.766853070369,564.516601975309,2172.46220823717,1.6868662838857
"fontainemore","Fontainemore",2025-01-01,108.448073889066,422.363420696148,1627.7582990372,2.09046510739047
"fontainemore","Fontainemore",2025-02-01,125.567714162088,490.724110761059,1892.87808230414,3.01425863985616
"fontainemore","Fontainemore",2025-03-01,109.270785558368,429.745863828392,1660.32927401138,3.57762181342539
"fontainemore","Fontainemore",2025-04-01,58.5791722681711,230.005759207343,888.261980222729,1.78501399459999
"fontainemore","Fontainemore",2025-05-01,45.8600700384686,179.564390763691,692.971922614299,1.22103135018847
"fontainemore","Fontainemore",2025-06-01,142.169791481167,549.998368197699,2116.0080667211,1.43827193394973
"fontainemore","Fontainemore",2025-07-01,348.306313826358,1341.73614486849,5156.37994138638,1.50863863080624
"fontainemore","Fontainemore",2025-08-01,368.843374728427,1420.25389931876,5457.53616113165,1.38823215487078
"fontainemore","Fontainemore",2025-09-01,154.042453942716,596.29385341645,2294.48279921658,1.6868662838857
"gaby","Gaby",2025-01-01,336.875115672669,1299.4941154556,4995.82825118433,2.09046510739047
"gaby","Gaby",2025-02-01,317.404966713692,1227.3546834703,4721.44549260932,3.01425863985616
"gaby","Gaby",2025-03-01,263.47719132475,1021.87878631469,3934.04414434789,3.57762181342539
"gaby","Gaby",2025-04-01,127.47932937354,494.573571314807,1904.16862171682,1.78501399459999
"gaby","Gaby",2025-05-01,79.5662340664981,308.991759961027,1189.95650630687,1.22103135018847
"gaby","Gaby",2025-06-01,226.171786215346,872.555309911157,3354.58556689569,1.43827193394973
"gaby","Gaby",2025-07-01,487.414030362062,1875.89202719591,7207.47037497679,1.50863863080624
"gaby","Gaby",2025-08-01,460.342019384331,1771.59702021165,6806.64891644053,1.38823215487078
"gaby","Gaby",2025-09-01,194.017982959909,749.794784245139,2883.9067879558,1.6868662838857
"gignod","Gignod",2025-01-01,318.509453631197,1228.97231654611,4725.03354145916,2.09046510739047
"gignod","Gignod",2025-02-01,289.550574916389,1120.39737299384,4310.74306738287,3.01425863985616
"gignod","Gignod",2025-03-01,236.807660200424,919.471189642538,3540.81203961842,3.57762181342539
"gignod","Gignod",2025-04-01,116.416292271329,452.092920408314,1741.04834246921,1.78501399459999
"gignod","Gignod",2025-05-01,103.010090923505,399.013179020106,1535.62726939158,1.22103135018847
"gignod","Gignod",2025-06-01,286.043063500487,1102.45337553073,4237.36480549294,1.43827193394973
"gignod","Gignod",2025-07-01,581.919121170397,2238.77951771268,8600.91203666072,1.50863863080624
"gignod","Gignod",2025-08-01,558.687219958439,2149.2300422579,8256.71153777119,1.38823215487078
"gignod","Gignod",2025-09-01,221.438781720559,855.087152784297,3288.21604857789,1.6868662838857
"gressan","Gressan",2025-01-01,1510.33659480652,5805.4364698692,22298.0719654685,2.09046510739047
"gressan","Gressan",2025-02-01,1121.44797942919,4314.77726204462,16576.7542608522,3.01425863985616
"gressan","Gressan",2025-03-01,783.600926841239,3019.0875665547,11603.0710306268,3.57762181342539
"gressan","Gressan",2025-04-01,305.602973848122,1178.54563876856,4530.53409069713,1.78501399459999
"gressan","Gressan",2025-05-01,173.101208041152,668.154125616568,2569.09416382351,1.22103135018847
"gressan","Gressan",2025-06-01,461.234392787753,1775.16572680806,6820.49440101665,1.43827193394973
"gressan","Gressan",2025-07-01,1026.60960765098,3946.33424640872,15157.7043228377,1.50863863080624
"gressan","Gressan",2025-08-01,951.619009479424,3658.03797867604,14050.3415002988,1.38823215487078
"gressan","Gressan",2025-09-01,302.998898966717,1168.26759651021,4490.78899285573,1.6868662838857
"gressoney la trinite","Gressoney-La-Trinité",2025-01-01,1024.46214636368,3939.74058202299,15134.0378058584,2.09046510739047
"gressoney la trinite","Gressoney-La-Trinité",2025-02-01,698.134461868579,2689.30736644987,10335.1572603348,3.01425863985616
"gressoney la trinite","Gressoney-La-Trinité",2025-03-01,463.478163931134,1789.85700240083,6882.98250548076,3.57762181342539
"gressoney la trinite","Gressoney-La-Trinité",2025-04-01,184.894773709897,715.041551758122,2750.73753645002,1.78501399459999
"gressoney la trinite","Gressoney-La-Trinité",2025-05-01,68.1460069918937,265.139545135481,1021.56959661204,1.22103135018847
"gressoney la trinite","Gressoney-La-Trinité",2025-06-01,199.585804386313,770.468531872618,2962.5853647851,1.43827193394973
"gressoney la trinite","Gressoney-La-Trinité",2025-07-01,479.820748431117,1846.73479343064,7095.51031757681,1.50863863080624
"gressoney la trinite","Gressoney-La-Trinité",2025-08-01,453.705868134512,1746.11504613874,6708.80138732184,1.38823215487078
"gressoney la trinite","Gressoney-La-Trinité",2025-09-01,275.095711104593,1061.12291537086,4079.36708819101,1.6868662838857
"gressoney saint jean","Gressoney-Saint-Jean",2025-01-01,1007.82854882204,3875.86968979359,14888.7817291757,2.09046510739047
"gressoney saint jean","Gressoney-Saint-Jean",2025-02-01,697.713819757153,2687.69215441298,10328.9550522028,3.01425863985616
"gressoney saint jean","Gressoney-Saint-Jean",2025-03-01,481.370793393341,1858.56241656159,7146.80252952875,3.57762181342539
"gressoney saint jean","Gressoney-Saint-Jean",2025-04-01,197.93500964233,765.114393895954,2943.01086131558,1.78501399459999
"gressoney saint jean","Gressoney-Saint-Jean",2025-05-01,119.680223789974,463.024362235229,1781.42204555931,1.22103135018847
"gressoney saint jean","Gressoney-Saint-Jean",2025-06-01,300.538744622694,1158.11494149269,4451.09811676116,1.43827193394973
"gressoney saint jean","Gressoney-Saint-Jean",2025-07-01,595.940480895055,2292.61975002814,8807.65165911578,1.50863863080624
"gressoney saint jean","Gressoney-Saint-Jean",2025-08-01,526.92411285807,2027.26376374233,7788.37659031374,1.38823215487078
"gressoney saint jean","Gressoney-Saint-Jean",2025-09-01,243.675912184699,940.474896464599,3616.09408943261,1.6868662838857
"hone","Hône",2025-01-01,163.458801904252,633.597597291116,2438.8705851614,2.09046510739047
"hone","Hône",2025-02-01,258.50484518217,1001.18573203196,3852.98557665916,3.01425863985616
"hone","Hône",2025-03-01,295.685288546655,1145.55377011934,4408.94030209658,3.57762181342539
"hone","Hône",2025-04-01,167.139437586957,646.863326502483,2488.94185053207,1.78501399459999
"hone","Hône",2025-05-01,125.828002558763,486.631048293893,1872.06870797689,1.22103135018847
"hone","Hône",2025-06-01,298.480158698031,1150.21023420312,4420.74504935446,1.43827193394973
"hone","Hône",2025-07-01,651.679922225904,2506.65209277654,9629.50854624277,1.50863863080624
"hone","Hône",2025-08-01,748.70324095544,2878.86731817385,11058.4255806858,1.38823215487078
"hone","Hône",2025-09-01,324.069726226383,1249.17688469744,4801.47033603659,1.6868662838857
"introd","Introd",2025-01-01,238.57700564832,922.041915112013,3546.45996212028,2.09046510739047
"introd","Introd",2025-02-01,275.647507512645,1067.01136809742,4105.74762026069,3.01425863985616
"introd","Introd",2025-03-01,225.80345361568,877.216440416756,3378.55919400127,3.57762181342539
"introd","Introd",2025-04-01,106.903621544084,415.565478565806,1600.78762643955,1.78501399459999
"introd","Introd",2025-05-01,81.5391487721717,316.567500700724,1219.04638413588,1.22103135018847
"introd","Introd",2025-06-01,236.651617981419,912.796526739791,3509.10670502042,1.43827193394973
"introd","Introd",2025-07-01,486.113303972426,1870.89740382328,7188.29165850483,1.50863863080624
"introd","Introd",2025-08-01,466.540358088035,1795.3978499693,6898.04106589084,1.38823215487078
"introd","Introd",2025-09-01,184.071264876874,711.6006559378,2737.2462085587,1.6868662838857
"issime","Issime",2025-01-01,65.3674361934455,256.9392687324,992.550662458803,2.09046510739047
"issime","Issime",2025-02-01,83.6571832336345,329.793019485811,1274.92322548653,3.01425863985616
"issime","Issime",2025-03-01,85.6992852414397,339.234310169623,1312.77645660159,3.57762181342539
"issime","Issime",2025-04-01,48.7578181489118,192.293012525339,743.449844845996,1.78501399459999
"issime","Issime",2025-05-01,34.1628701498377,134.648635672072,520.501153998038,1.22103135018847
"issime","Issime",2025-06-01,99.0059919802347,384.254885512417,1479.57424091638,1.43827193394973
"issime","Issime",2025-07-01,178.301087805885,688.937768425209,2649.71746834182,1.50863863080624
"issime","Issime",2025-08-01,150.545446642149,582.017708753115,2238.8161424226,1.38823215487078
"issime","Issime",2025-09-01,69.6761117118529,272.337863803913,1050.53313361823,1.6868662838857
"issogne","Issogne",2025-01-01,31.6128780354409,127.32607225071,494.85252570458,2.09046510739047
"issogne","Issogne",2025-02-01,79.1657966059679,312.546667905027,1208.69943592991,3.01425863985616
"issogne","Issogne",2025-03-01,124.485976722476,488.170256546811,1884.67148750707,3.57762181342539
"issogne","Issogne",2025-04-01,84.2021578526061,328.394754538194,1266.06316854696,1.78501399459999
"issogne","Issogne",2025-05-01,84.5727919375536,328.216303384185,1263.77630013479,1.22103135018847
"issogne","Issogne",2025-06-01,178.863444756479,690.897314921912,2657.04204442398,1.43827193394973
"issogne","Issogne",2025-07-01,379.006170292841,1459.61967661326,5609.03766217386,1.50863863080624
"issogne","Issogne",2025-08-01,398.00837125273,1532.24376472293,5887.56295516172,1.38823215487078
"issogne","Issogne",2025-09-01,172.199154893316,666.013268398967,2562.19645704073,1.6868662838857
"jovencan","Jovençan",2025-01-01,674.949624074462,2597.65709178065,9980.60844377505,2.09046510739047
"jovencan","Jovençan",2025-02-01,1078.41638389078,4149.54142570713,15942.2697322509,3.01425863985616
"jovencan","Jovençan",2025-03-01,1223.89181881814,4709.74841371403,18094.9929672437,3.57762181342539
"jovencan","Jovençan",2025-04-01,659.981873584062,2539.31539749067,9755.71633950591,1.78501399459999
"jovencan","Jovençan",2025-05-01,589.199490798188,2265.91844017898,8704.30526821472,1.22103135018847
"jovencan","Jovençan",2025-06-01,1430.69627277366,5497.77564941262,21114.8415248824,1.43827193394973
"jovencan","Jovençan",2025-07-01,2668.61662958836,10251.4317020604,39368.4740662949,1.50863863080624
"jovencan","Jovençan",2025-08-01,2474.56925712837,9505.97261187017,36505.664336291,1.38823215487078
"jovencan","Jovençan",2025-09-01,978.664186909029,3762.73609205341,14453.2169797452,1.6868662838857
"la magdeleine","La Magdeleine",2025-01-01,48.3322868128931,191.526468676747,741.373856459931,2.09046510739047
"la magdeleine","La Magdeleine",2025-02-01,57.6692968611627,230.002851687682,891.741713667736,3.01425863985616
"la magdeleine","La Magdeleine",2025-03-01,48.9054635364475,197.950729456229,770.265533456858,3.57762181342539
"la magdeleine","La Magdeleine",2025-04-01,15.2272682584526,63.5399792091388,249.054624896461,1.78501399459999
"la magdeleine","La Magdeleine",2025-05-01,13.5256553317292,55.4043639345085,216.213261539475,1.22103135018847
"la magdeleine","La Magdeleine",2025-06-01,46.6816662271723,183.336150837903,708.071935588631,1.43827193394973
"la magdeleine","La Magdeleine",2025-07-01,93.4650107535167,363.178057032965,1398.84174125166,1.50863863080624
"la magdeleine","La Magdeleine",2025-08-01,81.4507265343657,316.702799541254,1220.04074337198,1.38823215487078
"la magdeleine","La Magdeleine",2025-09-01,38.0621777215255,150.944390997464,584.397686997799,1.6868662838857
"la salle","La Salle",2025-01-01,707.105458874375,2721.13139455316,10454.7340119658,2.09046510739047
"la salle","La Salle",2025-02-01,440.513087088761,1700.07415797723,6536.62795902407,3.01425863985616
"la salle","La Salle",2025-03-01,256.616364975852,995.534088528283,3832.88386624688,3.57762181342539
"la salle","La Salle",2025-04-01,110.56718554354,429.633096878627,1654.80548583129,1.78501399459999
"la salle","La Salle",2025-05-01,78.1258639885408,303.460922642798,1168.71879670095,1.22103135018847
"la salle","La Salle",2025-06-01,227.039414731065,875.8868927082,3367.37841974972,1.43827193394973
"la salle","La Salle",2025-07-01,410.98680442597,1582.4212311797,6080.57996309128,1.50863863080624
"la salle","La Salle",2025-08-01,354.648153786975,1365.74606211429,5248.23302108446,1.38823215487078
"la salle","La Salle",2025-09-01,148.143740371278,573.643545936636,2207.50850851458,1.6868662838857
"la thuile","La Thuile",2025-01-01,1245.01572629706,4786.63818787616,18386.0165541357,2.09046510739047
"la thuile","La Thuile",2025-02-01,645.293673451743,2486.40548104349,9556.03990923276,3.01425863985616
"la thuile","La Thuile",2025-03-01,343.945142378131,1330.86545121309,5120.51351302487,3.57762181342539
"la thuile","La Thuile",2025-04-01,119.397499001525,463.540373871184,1785.0051031518,1.78501399459999
"la thuile","La Thuile",2025-05-01,37.2390385338138,146.460729769015,565.858088189876,1.22103135018847
"la thuile","La Thuile",2025-06-01,168.686591532296,651.819497036194,2506.98820979851,1.43827193394973
"la thuile","La Thuile",2025-07-01,391.396487749877,1507.19691473061,5791.72818602235,1.50863863080624
"la thuile","La Thuile",2025-08-01,380.612146572369,1465.4444815867,5631.06223103892,1.38823215487078
"la thuile","La Thuile",2025-09-01,183.151277883401,708.068023266758,2723.68134984107,1.6868662838857
"lillianes","Lillianes",2025-01-01,98.9728134694462,385.979629661629,1488.04918378138,2.09046510739047
"lillianes","Lillianes",2025-02-01,150.845273809846,587.786714569002,2265.58609641867,3.01425863985616
"lillianes","Lillianes",2025-03-01,168.736790625294,658.087735839914,2537.13292771311,3.57762181342539
"lillianes","Lillianes",2025-04-01,105.884579965172,411.652488925347,1585.76224549025,1.78501399459999
"lillianes","Lillianes",2025-05-01,96.4562809802741,373.847385058316,1438.99383155724,1.22103135018847
"lillianes","Lillianes",2025-06-01,268.769213748599,1036.12399650564,3982.66845320049,1.43827193394973
"lillianes","Lillianes",2025-07-01,637.002668688654,2450.29331190818,9413.09801869373,1.50863863080624
"lillianes","Lillianes",2025-08-01,637.823149191766,2453.10191332394,9423.54075074374,1.38823215487078
"lillianes","Lillianes",2025-09-01,259.472464060865,1001.13164013977,3849.00824576988,1.6868662838857
"montjovet","Montjovet",2025-01-01,813.134549384096,3128.26957354166,12018.0926713035,2.09046510739047
"montjovet","Montjovet",2025-02-01,1559.62641515962,5997.32654675209,23037.5288326325,3.01425863985616
"montjovet","Montjovet",2025-03-01,2099.92804826123,8073.61575869239,31011.8143660634,3.57762181342539
"montjovet","Montjovet",2025-04-01,1275.60579652008,4903.23271226706,18832.8572089657,1.78501399459999
"montjovet","Montjovet",2025-05-01,1037.11223443497,3985.84622521739,15308.6085120312,1.22103135018847
"montjovet","Montjovet",2025-06-01,1852.60447782021,7117.84932426141,27335.7177262553,1.43827193394973
"montjovet","Montjovet",2025-07-01,3565.90773889769,13696.9150737515,52598.6905940583,1.50863863080624
"montjovet","Montjovet",2025-08-01,4269.99828906444,16400.1910103437,62978.5833324804,1.38823215487078
"montjovet","Montjovet",2025-09-01,1468.14803777651,5642.29162467577,21670.4704069022,1.6868662838857
"morgex","Morgex",2025-01-01,421.315693749175,1623.73516124344,6240.87249612464,2.09046510739047
"morgex","Morgex",2025-02-01,312.991842480614,1210.40884949901,4656.37565232919,3.01425863985616
"morgex","Morgex",2025-03-01,212.152416459944,824.798199515395,3177.2798371402,3.57762181342539
"morgex","Morgex",2025-04-01,97.2107057902551,378.345918819221,1457.86926596763,1.78501399459999
"morgex","Morgex",2025-05-01,69.2090964395608,269.22167297176,1037.24444665245,1.22103135018847
"morgex","Morgex",2025-06-01,207.406978008068,800.500840653221,3077.9055985905,1.43827193394973
"morgex","Morgex",2025-07-01,392.388692045757,1511.00685262848,5806.35786142878,1.50863863080624
"morgex","Morgex",2025-08-01,371.374976524307,1429.9749272003,5494.8636678617,1.38823215487078
"morgex","Morgex",2025-09-01,161.566289156956,625.18442065049,2405.4188911614,1.6868662838857
"nus","Nus",2025-01-01,502.528165370725,1935.580690128,7438.31953773747,2.09046510739047
"nus","Nus",2025-02-01,408.805297012602,1578.32028977656,6069.10864007377,3.01425863985616
"nus","Nus",2025-03-01,326.783250988676,1264.96597801464,4867.46794425375,3.57762181342539
"nus","Nus",2025-04-01,176.151641772534,681.469040681009,2621.82337753102,1.78501399459999
"nus","Nus",2025-05-01,140.896619264833,544.492613795322,2094.24973677214,1.22103135018847
"nus","Nus",2025-06-01,324.306741494461,1249.38101685045,4801.54820122341,1.43827193394973
"nus","Nus",2025-07-01,595.961456088722,2292.70029209553,8807.96093037796,1.50863863080624
"nus","Nus",2025-08-01,522.658450857617,2010.88416592917,7725.48102463307,1.38823215487078
"nus","Nus",2025-09-01,213.662123770388,825.225778502692,3173.5521814386,1.6868662838857
"ollomont","Ollomont",2025-01-01,34.8595486796765,139.792873272156,542.723450950494,2.09046510739047
"ollomont","Ollomont",2025-02-01,27.0510214618029,112.432580831489,440.286874722516,3.01425863985616
"ollomont","Ollomont",2025-03-01,18.6300084193007,81.6968447422695,323.865449336166,3.57762181342539
"ollomont","Ollomont",2025-04-01,11.0960671551657,47.676694084824,188.141634063095,1.78501399459999
"ollomont","Ollomont",2025-05-01,6.9939160598153,30.3233185345118,119.905247369097,1.22103135018847
"ollomont","Ollomont",2025-06-01,23.7659121539296,95.3425790862634,370.187847425377,1.43827193394973
"ollomont","Ollomont",2025-07-01,69.956592408516,272.908730097582,1052.21904355324,1.50863863080624
"ollomont","Ollomont",2025-08-01,76.4756027636441,297.598959052608,1146.68443341173,1.38823215487078
"ollomont","Ollomont",2025-09-01,43.5945774438119,172.188100035613,665.970819155908,1.6868662838857
"oyace","Oyace",2025-01-01,10.4855411126146,46.1997941671756,183.337969008307,2.09046510739047
"oyace","Oyace",2025-02-01,15.4896870888886,68.0385319847357,269.819391520474,3.01425863985616
"oyace","Oyace",2025-03-01,13.5764141390549,62.2916875093372,249.352121523765,3.57762181342539
"oyace","Oyace",2025-04-01,6.15478975452232,28.7028193387183,115.284375971486,1.78501399459999
"oyace","Oyace",2025-05-01,4.41388620856018,20.4163330994188,81.8636873602474,1.22103135018847
"oyace","Oyace",2025-06-01,17.7478266239517,72.2338985166835,281.453462543872,1.43827193394973
"oyace","Oyace",2025-07-01,34.7831232579867,137.847096447696,533.599603255536,1.50863863080624
"oyace","Oyace",2025-08-01,22.8664000374939,91.746460742733,356.237105237859,1.38823215487078
"oyace","Oyace",2025-09-01,13.3564236851556,56.0774477788654,220.120729395452,1.6868662838857
"perloz","Perloz",2025-01-01,107.582986411399,419.041595161004,1615.0029128239,2.09046510739047
"perloz","Perloz",2025-02-01,161.085306169833,627.10713227499,2416.57148339995,3.01425863985616
"perloz","Perloz",2025-03-01,170.630282010302,665.358501162114,2565.05173885167,3.57762181342539
"perloz","Perloz",2025-04-01,101.185865678735,393.610025588442,1516.4814883684,1.78501399459999
"perloz","Perloz",2025-05-01,79.8539339182611,310.096490683312,1194.19853132455,1.22103135018847
"perloz","Perloz",2025-06-01,207.62442853097,801.335822916,3081.11182394168,1.43827193394973
"perloz","Perloz",2025-07-01,429.234142040228,1652.48867938606,6349.6300240884,1.50863863080624
"perloz","Perloz",2025-08-01,411.183360320803,1582.83404170807,6081.82316381987,1.38823215487078
"perloz","Perloz",2025-09-01,189.131864901496,731.032714335255,2811.86283341047,1.6868662838857
"pollein","Pollein",2025-01-01,1397.34617523342,5371.56767549411,20632.0711536855,2.09046510739047
"pollein","Pollein",2025-02-01,1279.91780522713,4923.28117346958,18913.3316398897,3.01425863985616
"pollein","Pollein",2025-03-01,1060.57032262502,4082.61470701071,15686.8795513686,3.57762181342539
"pollein","Pollein",2025-04-01,591.869930976254,2277.7742284832,8751.43162133733,1.78501399459999
"pollein","Pollein",2025-05-01,482.217755605321,1855.12222715799,7126.9002249318,1.22103135018847
"pollein","Pollein",2025-06-01,1192.44343589465,4582.91515518939,17601.8939568523,1.43827193394973
"pollein","Pollein",2025-07-01,2059.81290290531,7913.70307068618,30391.894399607,1.50863863080624
"pollein","Pollein",2025-08-01,1772.2278427244,6809.07119440096,26149.9069989286,1.38823215487078
"pollein","Pollein",2025-09-01,789.6565807316,3036.97100037795,11666.3716302506,1.6868662838857
"pont saint martin","Pont-Saint-Martin",2025-01-01,540.801695720465,2082.54616323677,8002.64820271081,2.09046510739047
"pont saint martin","Pont-Saint-Martin",2025-02-01,808.47132547987,3112.98684450674,11962.0323975412,3.01425863985616
"pont saint martin","Pont-Saint-Martin",2025-03-01,933.851906437428,3596.03215723212,13818.4646447419,3.57762181342539
"pont saint martin","Pont-Saint-Martin",2025-04-01,510.759931980995,1966.3221814088,7555.49549967002,1.78501399459999
"pont saint martin","Pont-Saint-Martin",2025-05-01,385.695507898435,1484.48911152586,5703.71635109238,1.22103135018847
"pont saint martin","Pont-Saint-Martin",2025-06-01,858.399915072994,3300.23065684632,12676.5491447671,1.43827193394973
"pont saint martin","Pont-Saint-Martin",2025-07-01,1727.24628920801,6636.68970725761,25488.3260219963,1.50863863080624
"pont saint martin","Pont-Saint-Martin",2025-08-01,1712.97825364579,6581.56033217142,25276.2943167586,1.38823215487078
"pont saint martin","Pont-Saint-Martin",2025-09-01,845.154652802698,3250.07651596594,12484.6696193382,1.6868662838857
"pontboset","Pontboset",2025-01-01,102.900030348267,401.05964139095,1545.95450471817,2.09046510739047
"pontboset","Pontboset",2025-02-01,112.941865303048,442.242462112171,1706.71473741099,3.01425863985616
"pontboset","Pontboset",2025-03-01,96.9591976852688,382.470937268015,1478.79958796883,3.57762181342539
"pontboset","Pontboset",2025-04-01,48.4455681621203,191.094012416969,738.845837413869,1.78501399459999
"pontboset","Pontboset",2025-05-01,40.3782539374945,158.514916377264,612.144626735827,1.22103135018847
"pontboset","Pontboset",2025-06-01,128.360686129401,496.973165591977,1912.39805435935,1.43827193394973
"pontboset","Pontboset",2025-07-01,268.279225363317,1034.44233606602,3976.4109241212,1.50863863080624
"pontboset","Pontboset",2025-08-01,254.638005798064,981.719854430824,3773.62138263257,1.38823215487078
"pontboset","Pontboset",2025-09-01,104.474850645039,405.960581232151,1563.62731922043,1.6868662838857
"pontey","Pontey",2025-01-01,170.591058101915,660.984551064238,2544.03299326683,2.09046510739047
"pontey","Pontey",2025-02-01,256.89263241302,994.995040705476,3829.21411185428,3.01425863985616
"pontey","Pontey",2025-03-01,293.76855964804,1138.19377570983,4380.67886264777,3.57762181342539
"pontey","Pontey",2025-04-01,191.181521124916,739.181859686887,2843.43323876237,1.78501399459999
"pontey","Pontey",2025-05-01,166.22413535223,641.747043957384,2467.69433961079,1.22103135018847
"pontey","Pontey",2025-06-01,359.334683635517,1383.88384535219,5318.02190105184,1.43827193394973
"pontey","Pontey",2025-07-01,762.354356855696,2931.62780047275,11261.3610398744,1.50863863080624
"pontey","Pontey",2025-08-01,851.693305635578,3274.33602573514,12576.9749586857,1.38823215487078
"pontey","Pontey",2025-09-01,292.44667472052,1127.74840179466,4335.20045511331,1.6868662838857
"pre saint didier","Pré-Saint-Didier",2025-01-01,1273.33370615385,4895.37561735048,18803.5544091831,2.09046510739047
"pre saint didier","Pré-Saint-Didier",2025-02-01,739.868980216475,2849.56259187375,10950.5168785189,3.01425863985616
"pre saint didier","Pré-Saint-Didier",2025-03-01,428.397685950954,1655.15244298006,6365.7341846627,3.57762181342539
"pre saint didier","Pré-Saint-Didier",2025-04-01,185.819204281966,718.591247204007,2764.36791404595,1.78501399459999
"pre saint didier","Pré-Saint-Didier",2025-05-01,125.671100596871,486.02856477982,1869.75524815552,1.22103135018847
"pre saint didier","Pré-Saint-Didier",2025-06-01,329.476926921234,1269.23386920984,4877.78062119862,1.43827193394973
"pre saint didier","Pré-Saint-Didier",2025-07-01,564.747064015532,2172.84100927214,8347.71657754059,1.50863863080624
"pre saint didier","Pré-Saint-Didier",2025-08-01,497.518595293611,1914.35032823276,7354.80340491997,1.38823215487078
"pre saint didier","Pré-Saint-Didier",2025-09-01,226.346323652378,873.931487634525,3360.57588999772,1.6868662838857
"quart","Quart",2025-01-01,477.161556149732,1838.17614732094,7064.29852149536,2.09046510739047
"quart","Quart",2025-02-01,476.688437734843,1838.98288873698,7070.01976136102,3.01425863985616
"quart","Quart",2025-03-01,416.632030451486,1609.97382707729,6192.25406407079,3.57762181342539
"quart","Quart",2025-04-01,234.002555847498,903.609169357689,3474.81312812594,1.78501399459999
"quart","Quart",2025-05-01,197.111193937641,760.349407953163,2923.11228452417,1.22103135018847
"quart","Quart",2025-06-01,459.928787822906,1770.15237032909,6801.24375180656,1.43827193394973
"quart","Quart",2025-07-01,860.014764762781,3306.63130605237,12701.3266534811,1.50863863080624
"quart","Quart",2025-08-01,774.217246681168,2976.83784475233,11434.6199023946,1.38823215487078
"quart","Quart",2025-09-01,327.144273781905,1260.98275501993,4846.80337172863,1.6868662838857
"rhemes notre dame","Rhêmes-Notre-Dame",2025-01-01,321.982277753829,1242.307518069,4776.2390138288,2.09046510739047
"rhemes notre dame","Rhêmes-Notre-Dame",2025-02-01,202.946487521665,787.848727472673,3033.79869945808,3.01425863985616
"rhemes notre dame","Rhêmes-Notre-Dame",2025-03-01,123.031754534857,482.586228894913,1863.22953380658,3.57762181342539
"rhemes notre dame","Rhêmes-Notre-Dame",2025-04-01,50.8604993913684,200.367040208982,774.453080961844,1.78501399459999
"rhemes notre dame","Rhêmes-Notre-Dame",2025-05-01,29.2139440944858,115.645391067801,447.53111939846,1.22103135018847
"rhemes notre dame","Rhêmes-Notre-Dame",2025-06-01,101.619123300061,394.28897636331,1518.10386950414,1.43827193394973
"rhemes notre dame","Rhêmes-Notre-Dame",2025-07-01,203.465781610234,785.56698179535,3020.76131847277,1.50863863080624
"rhemes notre dame","Rhêmes-Notre-Dame",2025-08-01,176.302531262511,680.921627271827,2618.59457008763,1.38823215487078
"rhemes notre dame","Rhêmes-Notre-Dame",2025-09-01,95.6634821881933,372.126050626723,1433.70703874456,1.6868662838857
"rhemes saint georges","Rhêmes-Saint-Georges",2025-01-01,89.563691896072,349.84980335784,1349.31526068745,2.09046510739047
"rhemes saint georges","Rhêmes-Saint-Georges",2025-02-01,78.4510358239937,309.802077700712,1198.16055973582,3.01425863985616
"rhemes saint georges","Rhêmes-Saint-Georges",2025-03-01,41.8361785257678,170.805577006441,666.031611580874,3.57762181342539
"rhemes saint georges","Rhêmes-Saint-Georges",2025-04-01,18.5671769641975,76.3648024902567,298.300309938387,1.78501399459999
"rhemes saint georges","Rhêmes-Saint-Georges",2025-05-01,14.9520431365989,60.8815111081214,237.244807840556,1.22103135018847
"rhemes saint georges","Rhêmes-Saint-Georges",2025-06-01,62.7415015566624,245.003869380714,944.868106424344,1.43827193394973
"rhemes saint georges","Rhêmes-Saint-Georges",2025-07-01,161.148337264056,623.073394915338,2396.80667789636,1.50863863080624
"rhemes saint georges","Rhêmes-Saint-Georges",2025-08-01,167.338863066198,646.502285099226,2486.42868781167,1.38823215487078
"rhemes saint georges","Rhêmes-Saint-Georges",2025-09-01,65.9447835741727,258.01003984654,995.516117751841,1.6868662838857
"roisan","Roisan",2025-01-01,226.769337975768,876.701977825055,3372.36038799659,2.09046510739047
"roisan","Roisan",2025-02-01,311.232729631472,1203.65408060878,4630.43820165187,3.01425863985616
"roisan","Roisan",2025-03-01,339.667785313517,1314.44094584576,5057.44550806607,3.57762181342539
"roisan","Roisan",2025-04-01,188.56053140821,729.117593594653,2804.78774109801,1.78501399459999
"roisan","Roisan",2025-05-01,155.892219158548,602.07380405374,2315.35416040816,1.22103135018847
"roisan","Roisan",2025-06-01,388.871533821775,1497.30158137235,5753.53153606103,1.43827193394973
"roisan","Roisan",2025-07-01,804.898554256766,3094.99209015145,11888.6590681022,1.50863863080624
"roisan","Roisan",2025-08-01,813.503335089604,3127.69141161119,12013.8783512747,1.38823215487078
"roisan","Roisan",2025-09-01,312.103576054603,1203.2283948347,4625.03399766895,1.6868662838857
"saint christophe","Saint-Christophe",2025-01-01,658.573913052625,2534.77645088275,9739.15480585619,2.09046510739047
"saint christophe","Saint-Christophe",2025-02-01,833.876990618713,3210.54135705508,12336.6292784547,3.01425863985616
"saint christophe","Saint-Christophe",2025-03-01,829.234496080997,3194.31464991177,12275.9206729702,3.57762181342539
"saint christophe","Saint-Christophe",2025-04-01,474.621114827101,1827.55373459764,7022.64236979639,1.78501399459999
"saint christophe","Saint-Christophe",2025-05-01,422.639347088934,1626.34874024242,6248.43922506959,1.22103135018847
"saint christophe","Saint-Christophe",2025-06-01,965.154793517626,3710.15576889942,14250.6092714797,1.43827193394973
"saint christophe","Saint-Christophe",2025-07-01,1819.62072335976,6991.39574806994,26850.3519607109,1.50863863080624
"saint christophe","Saint-Christophe",2025-08-01,1720.85769052528,6611.81636442772,25392.4736201651,1.38823215487078
"saint christophe","Saint-Christophe",2025-09-01,699.765027276478,2691.79890464249,10340.9548241666,1.6868662838857
"saint denis","Saint-Denis",2025-01-01,101.451967050004,395.499263088348,1524.60336150148,2.09046510739047
"saint denis","Saint-Denis",2025-02-01,228.684956413915,886.681163970674,3413.30264528418,3.01425863985616
"saint denis","Saint-Denis",2025-03-01,287.303802180158,1113.36993189091,4285.3584697316,3.57762181342539
"saint denis","Saint-Denis",2025-04-01,178.234276901834,689.466093847871,2652.53104132383,1.78501399459999
"saint denis","Saint-Denis",2025-05-01,201.337938408526,776.579567418391,2985.43402601605,1.22103135018847
"saint denis","Saint-Denis",2025-06-01,423.70701933405,1631.06540097568,6267.16753601193,1.43827193394973
"saint denis","Saint-Denis",2025-07-01,1096.04273120063,4212.94858165944,16181.4693520799,1.50863863080624
"saint denis","Saint-Denis",2025-08-01,1263.48157186011,4855.55042674064,18648.6365066714,1.38823215487078
"saint denis","Saint-Denis",2025-09-01,425.954953498883,1640.40315758291,6303.72930618634,1.6868662838857
"saint marcel","Saint-Marcel",2025-01-01,70.8256184294711,277.897992092939,1073.02948597706,2.09046510739047
"saint marcel","Saint-Marcel",2025-02-01,76.370135079606,301.811684350614,1167.47846878963,3.01425863985616
"saint marcel","Saint-Marcel",2025-03-01,62.0145220768747,248.287841627476,963.553621531727,3.57762181342539
"saint marcel","Saint-Marcel",2025-04-01,33.7965181617544,134.843529531675,522.851160301716,1.78501399459999
"saint marcel","Saint-Marcel",2025-05-01,29.8202679354212,117.97359725432,456.471134091902,1.22103135018847
"saint marcel","Saint-Marcel",2025-06-01,83.7791332339406,325.785690767105,1255.05999335384,1.43827193394973
"saint marcel","Saint-Marcel",2025-07-01,160.682842855642,621.285955780855,2389.94313968465,1.50863863080624
"saint marcel","Saint-Marcel",2025-08-01,152.409662885643,589.176061267204,2266.30330272109,1.38823215487078
"saint marcel","Saint-Marcel",2025-09-01,58.600919716149,229.810539657287,887.233635083695,1.6868662838857
"saint nicolas","Saint-Nicolas",2025-01-01,245.280815343708,947.78368898317,3645.30508931559,2.09046510739047
"saint nicolas","Saint-Nicolas",2025-02-01,223.940664546989,868.463688540067,3343.34986405284,3.01425863985616
"saint nicolas","Saint-Nicolas",2025-03-01,172.134953079406,671.13624608199,2587.23754214423,3.57762181342539
"saint nicolas","Saint-Nicolas",2025-04-01,84.7592041198847,330.533741129344,1274.27660413728,1.78501399459999
"saint nicolas","Saint-Nicolas",2025-05-01,69.094226325277,268.780586389531,1035.55073045625,1.22103135018847
"saint nicolas","Saint-Nicolas",2025-06-01,199.536183095437,770.277992446983,2961.85371770215,1.43827193394973
"saint nicolas","Saint-Nicolas",2025-07-01,385.906695571469,1486.11681322453,5710.7832859122,1.50863863080624
"saint nicolas","Saint-Nicolas",2025-08-01,365.325810098119,1406.74689995497,5405.67100697314,1.38823215487078
"saint nicolas","Saint-Nicolas",2025-09-01,142.856053658742,553.339503632264,2129.54357671929,1.6868662838857
"saint oyen","Saint-Oyen",2025-01-01,121.295150994116,471.694557582541,1817.18357037363,2.09046510739047
"saint oyen","Saint-Oyen",2025-02-01,101.527306417756,398.412012410364,1538.41140301424,3.01425863985616
"saint oyen","Saint-Oyen",2025-03-01,74.8781252573043,297.682436534716,1153.22256357141,3.57762181342539
"saint oyen","Saint-Oyen",2025-04-01,39.0576478473396,155.045596241047,600.424518823583,1.78501399459999
"saint oyen","Saint-Oyen",2025-05-01,29.6938661942911,117.488230696357,454.607388438694,1.22103135018847
"saint oyen","Saint-Oyen",2025-06-01,99.0285203721525,384.341391662917,1479.90641349672,1.43827193394973
"saint oyen","Saint-Oyen",2025-07-01,189.860785258777,733.32553170794,2820.16081578001,1.50863863080624
"saint oyen","Saint-Oyen",2025-08-01,164.180077394295,634.37295115803,2439.85359309548,1.38823215487078
"saint oyen","Saint-Oyen",2025-09-01,65.2988136691317,255.529597832415,985.991536904618,1.6868662838857
"saint pierre","Saint-Pierre",2025-01-01,561.137324932306,2160.63238472648,8302.48932997671,2.09046510739047
"saint pierre","Saint-Pierre",2025-02-01,540.222736029841,2082.9464876586,8006.80885317465,3.01425863985616
"saint pierre","Saint-Pierre",2025-03-01,450.996526652867,1741.92910782172,6698.94550556041,3.57762181342539
"saint pierre","Saint-Pierre",2025-04-01,236.766455025613,914.222189547484,3515.56577150777,1.78501399459999
"saint pierre","Saint-Pierre",2025-05-01,186.733530536394,720.500504609492,2770.09758012526,1.22103135018847
"saint pierre","Saint-Pierre",2025-06-01,524.602379364569,2018.49070995207,7754.83128972716,1.43827193394973
"saint pierre","Saint-Pierre",2025-07-01,963.566490043772,3704.25671865699,14228.157503667,1.50863863080624
"saint pierre","Saint-Pierre",2025-08-01,885.502758969019,3404.16001268627,13075.4825039472,1.38823215487078
"saint pierre","Saint-Pierre",2025-09-01,352.542782420714,1358.50978752126,5221.29473276792,1.6868662838857
"saint rhemy en bosses","Saint-Rhémy-en-Bosses",2025-01-01,163.728450802032,634.63301465328,2442.84645572011,2.09046510739047
"saint rhemy en bosses","Saint-Rhémy-en-Bosses",2025-02-01,123.74956073452,483.742633582834,1866.07010072732,3.01425863985616
"saint rhemy en bosses","Saint-Rhémy-en-Bosses",2025-03-01,79.17685351739,314.189004565847,1216.60567868856,3.57762181342539
"saint rhemy en bosses","Saint-Rhémy-en-Bosses",2025-04-01,31.5788392843095,126.327925602568,490.152327745326,1.78501399459999
"saint rhemy en bosses","Saint-Rhémy-en-Bosses",2025-05-01,20.3102015462942,81.4561557378915,316.248818038418,1.22103135018847
"saint rhemy en bosses","Saint-Rhémy-en-Bosses",2025-06-01,72.9242201540079,284.104209550995,1095.00842374885,1.43827193394973
"saint rhemy en bosses","Saint-Rhémy-en-Bosses",2025-07-01,153.146781244987,592.348440744581,2278.82677416946,1.50863863080624
"saint rhemy en bosses","Saint-Rhémy-en-Bosses",2025-08-01,139.052983641745,537.888117189295,2069.36414144412,1.38823215487078
"saint rhemy en bosses","Saint-Rhémy-en-Bosses",2025-09-01,68.6144936883084,268.261386048522,1034.87997916752,1.6868662838857
"saint vincent","Saint-Vincent",2025-01-01,3039.46864771719,11677.1084465133,44844.5431715898,2.09046510739047
"saint vincent","Saint-Vincent",2025-02-01,2553.4617324517,9813.52735873259,37691.2530301603,3.01425863985616
"saint vincent","Saint-Vincent",2025-03-01,2353.18221769416,9046.0794558578,34745.9508836265,3.57762181342539
"saint vincent","Saint-Vincent",2025-04-01,1215.31219141276,4671.71296169641,17943.8509070719,1.78501399459999
"saint vincent","Saint-Vincent",2025-05-01,910.062145313023,3497.99009369003,13435.3032139893,1.22103135018847
"saint vincent","Saint-Vincent",2025-06-01,1892.6002934925,7271.42815325723,27925.440834017,1.43827193394973
"saint vincent","Saint-Vincent",2025-07-01,3424.3817534479,13153.4733473481,50511.9437040249,1.50863863080624
"saint vincent","Saint-Vincent",2025-08-01,3288.06176915028,12629.6800620912,48500.3023819619,1.38823215487078
"saint vincent","Saint-Vincent",2025-09-01,1286.74834116986,4945.73993503617,18995.8007937999,1.6868662838857
"sarre","Sarre",2025-01-01,519.475825716792,2000.65754345421,7688.20635115975,2.09046510739047
"sarre","Sarre",2025-02-01,427.412862663991,1649.77096768293,6343.4701266285,3.01425863985616
"sarre","Sarre",2025-03-01,300.382327899975,1163.58980192678,4478.19636296593,3.57762181342539
"sarre","Sarre",2025-04-01,150.883027628092,584.440786464415,2249.24726146451,1.78501399459999
"sarre","Sarre",2025-05-01,139.72842609811,540.006901088367,2077.02517232294,1.22103135018847
"sarre","Sarre",2025-06-01,427.263990693095,1644.7237171498,6319.61372741514,1.43827193394973
"sarre","Sarre",2025-07-01,810.916627508645,3118.1007235747,11977.3932719478,1.50863863080624
"sarre","Sarre",2025-08-01,683.777140048064,2629.55937480496,10101.1148880955,1.38823215487078
"sarre","Sarre",2025-09-01,288.485732184496,1112.53888784484,4276.79786217337,1.6868662838857
"torgnon","Torgnon",2025-01-01,607.730434514973,2339.54398056969,8989.48703014893,2.09046510739047
"torgnon","Torgnon",2025-02-01,448.978563650546,1732.58050783901,6661.44819491087,3.01425863985616
"torgnon","Torgnon",2025-03-01,315.381859089246,1221.18608785853,4699.35875206142,3.57762181342539
"torgnon","Torgnon",2025-04-01,112.800792618058,438.209863052169,1687.73917360243,1.78501399459999
"torgnon","Torgnon",2025-05-01,68.2264822342631,265.448559798103,1022.7561734884,1.22103135018847
"torgnon","Torgnon",2025-06-01,180.68069957505,697.875341556244,2683.83677635253,1.43827193394973
"torgnon","Torgnon",2025-07-01,388.901006244678,1497.6145841566,5754.93325925635,1.50863863080624
"torgnon","Torgnon",2025-08-01,347.256652175385,1337.36363902958,5139.24813783746,1.38823215487078
"torgnon","Torgnon",2025-09-01,144.024356065543,557.825635807183,2146.76975187195,1.6868662838857
"valgrisenche","Valgrisenche",2025-01-01,137.312162923646,533.19783973347,2053.34832644544,2.09046510739047
"valgrisenche","Valgrisenche",2025-02-01,114.870617105797,449.648622939517,1735.15345001378,3.01425863985616
"valgrisenche","Valgrisenche",2025-03-01,76.6827968134848,304.612145047007,1179.83176007636,3.57762181342539
"valgrisenche","Valgrisenche",2025-04-01,38.4692379052242,152.786177140309,591.748637762789,1.78501399459999
"valgrisenche","Valgrisenche",2025-05-01,25.5248774424507,101.479845823036,393.137233082855,1.22103135018847
"valgrisenche","Valgrisenche",2025-06-01,91.7246046234255,356.295287116264,1372.21295052395,1.43827193394973
"valgrisenche","Valgrisenche",2025-07-01,225.612252659865,870.606604891445,3347.30262070188,1.50863863080624
"valgrisenche","Valgrisenche",2025-08-01,218.266832238948,842.059188670653,3237.34224583564,1.38823215487078
"valgrisenche","Valgrisenche",2025-09-01,102.57178110306,398.653037009287,1535.56728179606,1.6868662838857
"valpelline","Valpelline",2025-01-01,137.790529623123,535.034706823225,2060.40166169874,2.09046510739047
"valpelline","Valpelline",2025-02-01,133.544761314436,521.35495401077,2010.49661210211,3.01425863985616
"valpelline","Valpelline",2025-03-01,107.8360195835,424.236545550982,1639.17419477652,3.57762181342539
"valpelline","Valpelline",2025-04-01,55.9994386493152,220.099911266865,850.224788048068,1.78501399459999
"valpelline","Valpelline",2025-05-01,48.3251026153451,189.029801338016,729.317891499658,1.22103135018847
"valpelline","Valpelline",2025-06-01,136.314629031001,527.515291466755,2029.6759207573,1.43827193394973
"valpelline","Valpelline",2025-07-01,255.907608882014,986.93690730937,3793.99613905544,1.50863863080624
"valpelline","Valpelline",2025-08-01,268.323601855911,1034.27079710682,3975.4102973764,1.38823215487078
"valpelline","Valpelline",2025-09-01,112.322055273126,436.092845755694,1679.33137032507,1.6868662838857
"valsavarenche","Valsavarenche",2025-01-01,78.6059804830842,307.773589659144,1187.74796871443,2.09046510739047
"valsavarenche","Valsavarenche",2025-02-01,73.7643666030207,291.805865878321,1129.05740252833,3.01425863985616
"valsavarenche","Valsavarenche",2025-03-01,54.0439250905614,217.681766192346,846.030196981546,3.57762181342539
"valsavarenche","Valsavarenche",2025-04-01,45.624246329035,180.260496558814,697.246518799247,1.78501399459999
"valsavarenche","Valsavarenche",2025-05-01,36.5735376095625,143.905291133143,556.04552988419,1.22103135018847
"valsavarenche","Valsavarenche",2025-06-01,147.211548441495,569.358071632506,2190.34685774829,1.43827193394973
"valsavarenche","Valsavarenche",2025-07-01,323.385036549309,1246.04161990493,4788.92517547703,1.50863863080624
"valsavarenche","Valsavarenche",2025-08-01,284.900288834222,1097.92316003445,4219.82724942312,1.38823215487078
"valsavarenche","Valsavarenche",2025-09-01,145.534836577492,563.625688246339,2169.04121319227,1.6868662838857
"valtournenche","Valtournenche",2025-01-01,3435.28430891396,13196.9900822046,50680.6947264001,2.09046510739047
"valtournenche","Valtournenche",2025-02-01,1552.43553656507,5969.71449045474,22931.5020595555,3.01425863985616
"valtournenche","Valtournenche",2025-03-01,825.656296293134,3180.57481927959,12223.1614764487,3.57762181342539
"valtournenche","Valtournenche",2025-04-01,314.460158533727,1212.5560978466,4661.12991406058,1.78501399459999
"valtournenche","Valtournenche",2025-05-01,156.193536363045,603.230823673044,2319.79696811869,1.22103135018847
"valtournenche","Valtournenche",2025-06-01,278.823199250354,1074.7300180143,4130.91064993595,1.43827193394973
"valtournenche","Valtournenche",2025-07-01,526.167529889917,2024.70052070794,7778.87600314216,1.50863863080624
"valtournenche","Valtournenche",2025-08-01,458.441960695062,1764.30103727903,6778.63327289556,1.38823215487078
"valtournenche","Valtournenche",2025-09-01,242.063299857723,934.282670887042,3592.31673329937,1.6868662838857
"verrayes","Verrayes",2025-01-01,304.65588402365,1175.77637687152,4520.76792053779,2.09046510739047
"verrayes","Verrayes",2025-02-01,336.529510280108,1300.79049060762,5003.42962212231,3.01425863985616
"verrayes","Verrayes",2025-03-01,352.23789911241,1362.70857897508,5242.78706067099,3.57762181342539
"verrayes","Verrayes",2025-04-01,207.131708485908,800.428544020977,3078.61269195761,1.78501399459999
"verrayes","Verrayes",2025-05-01,157.183743378512,607.033092268964,2334.3971943842,1.22103135018847
"verrayes","Verrayes",2025-06-01,366.818908617571,1412.62231434862,5428.3739551709,1.43827193394973
"verrayes","Verrayes",2025-07-01,747.176091531893,2873.34519826963,11037.563283866,1.50863863080624
"verrayes","Verrayes",2025-08-01,729.542861926474,2805.2939074327,10775.9130708913,1.38823215487078
"verrayes","Verrayes",2025-09-01,243.938487929872,941.483153823238,3619.96566904321,1.6868662838857
"verres","Verrès",2025-01-01,400.084678291084,1542.21077081314,5927.82923881315,2.09046510739047
"verres","Verrès",2025-02-01,892.69080314808,3436.37889293758,13203.8166009567,3.01425863985616
"verres","Verrès",2025-03-01,1299.24568311134,4999.09763797495,19206.0570694726,3.57762181342539
"verres","Verrès",2025-04-01,826.816543501589,3179.93924303937,12215.6301673001,1.78501399459999
"verres","Verrès",2025-05-01,653.454793719347,2512.65060486991,9651.72529933295,1.22103135018847
"verres","Verrès",2025-06-01,1314.46391698444,5051.45823361598,19401.0395951975,1.43827193394973
"verres","Verrès",2025-07-01,2813.97721593119,10809.5978066249,41511.7606897394,1.50863863080624
"verres","Verrès",2025-08-01,3258.52475239485,12516.2616864667,48064.7902909536,1.38823215487078
"verres","Verrès",2025-09-01,1434.69390749211,5513.83203289622,21177.2019650123,1.6868662838857
"villeneuve","Villeneuve",2025-01-01,588.910343303059,2267.27723162768,8711.99193494227,2.09046510739047
"villeneuve","Villeneuve",2025-02-01,1275.53210387694,4906.4406398696,18848.6661395998,3.01425863985616
"villeneuve","Villeneuve",2025-03-01,1696.10481936096,6522.98608472912,25057.5942675231,3.57762181342539
"villeneuve","Villeneuve",2025-04-01,833.483576529831,3205.53979920113,12313.9330365097,1.78501399459999
"villeneuve","Villeneuve",2025-05-01,633.345218761262,2435.43240287169,9355.21725616118,1.22103135018847
"villeneuve","Villeneuve",2025-06-01,1222.63626789771,4698.85177768741,18047.0757945442,1.43827193394973
"villeneuve","Villeneuve",2025-07-01,2369.2302677693,9101.82627227673,34954.1358975212,1.50863863080624
"villeneuve","Villeneuve",2025-08-01,2547.44126817684,9785.79183633839,37580.1344552771,1.38823215487078
"villeneuve","Villeneuve",2025-09-01,1131.60181904112,4349.99708567065,16708.2242648485,1.6868662838857
