"date","comune_key","comune_nome","share"
2025-01-01,"allein","Allein",0.000101917732083308
2025-02-01,"allein","Allein",5.96971089625405e-05
2025-03-01,"allein","Allein",1.4105518101281e-05
2025-04-01,"allein","Allein",0.000107220532618756
2025-05-01,"allein","Allein",0.000123034548720424
2025-06-01,"allein","Allein",1.0191514455735e-09
2025-07-01,"allein","Allein",0.000148897966145042
2025-08-01,"allein","Allein",0.000464040604267995
2025-09-01,"allein","Allein",0.000164656678696311
2025-10-01,"allein","Allein",0.000136186941526204
2025-11-01,"allein","Allein",0.000171746190693805
2025-12-01,"allein","Allein",4.2317563150783e-05
2026-01-01,"allein","Allein",0.000103883671502419
2026-02-01,"allein","Allein",6.49247910622135e-05
2026-03-01,"allein","Allein",1.48542270908605e-05
2026-04-01,"allein","Allein",0.000103845923445076
2026-05-01,"allein","Allein",0.000123464739785827
2026-06-01,"allein","Allein",1.03272128529657e-09
2026-07-01,"allein","Allein",0.000152394633289391
2026-08-01,"allein","Allein",0.000470595970068046
2026-09-01,"allein","Allein",0.000171442756511074
2025-01-01,"antey saint andre","Antey-Saint-André",0.0134829634099685
2025-02-01,"antey saint andre","Antey-Saint-André",0.0146071276763589
2025-03-01,"antey saint andre","Antey-Saint-André",0.013589247836497
2025-04-01,"antey saint andre","Antey-Saint-André",0.0170386078368645
2025-05-01,"antey saint andre","Antey-Saint-André",0.00841799816631769
2025-06-01,"antey saint andre","Antey-Saint-André",0.0125669250472647
2025-07-01,"antey saint andre","Antey-Saint-André",0.0107863422939002
2025-08-01,"antey saint andre","Antey-Saint-André",0.0118742642792975
2025-09-01,"antey saint andre","Antey-Saint-André",0.00927690835441596
2025-10-01,"antey saint andre","Antey-Saint-André",0.0109617272037687
2025-11-01,"antey saint andre","Antey-Saint-André",0.012577846095559
2025-12-01,"antey saint andre","Antey-Saint-André",0.0150747918746214
2026-01-01,"antey saint andre","Antey-Saint-André",0.0134362128565201
2026-02-01,"antey saint andre","Antey-Saint-André",0.0150151784393608
2026-03-01,"antey saint andre","Antey-Saint-André",0.0136627687593884
2026-04-01,"antey saint andre","Antey-Saint-André",0.0172204067596166
2026-05-01,"antey saint andre","Antey-Saint-André",0.00834706211985188
2026-06-01,"antey saint andre","Antey-Saint-André",0.0129982748237641
2026-07-01,"antey saint andre","Antey-Saint-André",0.0106174789054856
2026-08-01,"antey saint andre","Antey-Saint-André",0.0116223860434378
2026-09-01,"antey saint andre","Antey-Saint-André",0.00954527654833672
2025-01-01,"aosta","Aosta",0.0829764782355842
2025-02-01,"aosta","Aosta",0.0760394329383517
2025-03-01,"aosta","Aosta",0.0768187562540411
2025-04-01,"aosta","Aosta",0.14236435683012
2025-05-01,"aosta","Aosta",0.180476991993276
2025-06-01,"aosta","Aosta",0.0921744065472961
2025-07-01,"aosta","Aosta",0.0701464763391979
2025-08-01,"aosta","Aosta",0.0750665366325086
2025-09-01,"aosta","Aosta",0.115899762456943
2025-10-01,"aosta","Aosta",0.208524754119789
2025-11-01,"aosta","Aosta",0.17746427904709
2025-12-01,"aosta","Aosta",0.0976480050229964
2026-01-01,"aosta","Aosta",0.0786618421731697
2026-02-01,"aosta","Aosta",0.0755953007979976
2026-03-01,"aosta","Aosta",0.0774978724091929
2026-04-01,"aosta","Aosta",0.133563410921402
2026-05-01,"aosta","Aosta",0.182455302231323
2026-06-01,"aosta","Aosta",0.0953796853719235
2026-07-01,"aosta","Aosta",0.0703935517098198
2026-08-01,"aosta","Aosta",0.0721804925782013
2026-09-01,"aosta","Aosta",0.11856308626109
2025-01-01,"arnad","Arnad",0.00147304020498027
2025-02-01,"arnad","Arnad",0.00164974589052966
2025-03-01,"arnad","Arnad",0.00135401098495149
2025-04-01,"arnad","Arnad",0.00322718488037097
2025-05-01,"arnad","Arnad",0.00732626274581128
2025-06-01,"arnad","Arnad",0.00317933754811854
2025-07-01,"arnad","Arnad",0.00210765104734554
2025-08-01,"arnad","Arnad",0.00286753310862233
2025-09-01,"arnad","Arnad",0.00333989933871422
2025-10-01,"arnad","Arnad",0.00504860106285668
2025-11-01,"arnad","Arnad",0.00192542338456913
2025-12-01,"arnad","Arnad",0.00189305477359041
2026-01-01,"arnad","Arnad",0.00139944311288491
2026-02-01,"arnad","Arnad",0.00162634771007725
2026-03-01,"arnad","Arnad",0.00132874083352179
2026-04-01,"arnad","Arnad",0.00314885892872993
2026-05-01,"arnad","Arnad",0.00733312889993164
2026-06-01,"arnad","Arnad",0.00325824421713678
2026-07-01,"arnad","Arnad",0.00210739190990644
2026-08-01,"arnad","Arnad",0.002774627941957
2026-09-01,"arnad","Arnad",0.00332581432459013
2025-01-01,"arvier","Arvier",0.00464132327188659
2025-02-01,"arvier","Arvier",0.00556730426188799
2025-03-01,"arvier","Arvier",0.00334050287107394
2025-04-01,"arvier","Arvier",0.00386794137612389
2025-05-01,"arvier","Arvier",0.00575720467253441
2025-06-01,"arvier","Arvier",0.00607352412939205
2025-07-01,"arvier","Arvier",0.0101638053079445
2025-08-01,"arvier","Arvier",0.00859156752195287
2025-09-01,"arvier","Arvier",0.00420154314326218
2025-10-01,"arvier","Arvier",0.00250312455136584
2025-11-01,"arvier","Arvier",0.00665003612547022
2025-12-01,"arvier","Arvier",0.00434716864995481
2026-01-01,"arvier","Arvier",0.00476553621770311
2026-02-01,"arvier","Arvier",0.00558320875419339
2026-03-01,"arvier","Arvier",0.00349265606172244
2026-04-01,"arvier","Arvier",0.00381826734354028
2026-05-01,"arvier","Arvier",0.00582460007642642
2026-06-01,"arvier","Arvier",0.00593105646556381
2026-07-01,"arvier","Arvier",0.0102848097710373
2026-08-01,"arvier","Arvier",0.00877376390134617
2026-09-01,"arvier","Arvier",0.00416620846261189
2025-01-01,"avise","Avise",0.000633654088993949
2025-02-01,"avise","Avise",0.000676774542860473
2025-03-01,"avise","Avise",0.000625419178118255
2025-04-01,"avise","Avise",0.000392184278167198
2025-05-01,"avise","Avise",0.000628960308158282
2025-06-01,"avise","Avise",0.000710649794861196
2025-07-01,"avise","Avise",0.000674113935434356
2025-08-01,"avise","Avise",0.000647798894426326
2025-09-01,"avise","Avise",0.00102848923193403
2025-10-01,"avise","Avise",0.000518000562121952
2025-11-01,"avise","Avise",0.0012719782919457
2025-12-01,"avise","Avise",0.000711068310892248
2026-01-01,"avise","Avise",0.000634466025035669
2026-02-01,"avise","Avise",0.000666924370460195
2026-03-01,"avise","Avise",0.000623032541031433
2026-04-01,"avise","Avise",0.000394559102685272
2026-05-01,"avise","Avise",0.000635947690562851
2026-06-01,"avise","Avise",0.000714138420115737
2026-07-01,"avise","Avise",0.000671594108572926
2026-08-01,"avise","Avise",0.000663645549215444
2026-09-01,"avise","Avise",0.00103617684691376
2025-01-01,"ayas","Ayas",0.0659221211510813
2025-02-01,"ayas","Ayas",0.0630547347995484
2025-03-01,"ayas","Ayas",0.0662231575832034
2025-04-01,"ayas","Ayas",0.026122439642932
2025-05-01,"ayas","Ayas",0.0299115802537657
2025-06-01,"ayas","Ayas",0.0487876643161365
2025-07-01,"ayas","Ayas",0.0459646035682538
2025-08-01,"ayas","Ayas",0.0442317255603229
2025-09-01,"ayas","Ayas",0.0394910842286759
2025-10-01,"ayas","Ayas",0.0240702432232241
2025-11-01,"ayas","Ayas",0.0253247043263485
2025-12-01,"ayas","Ayas",0.0586487157627048
2026-01-01,"ayas","Ayas",0.0662151059294029
2026-02-01,"ayas","Ayas",0.0612758602946634
2026-03-01,"ayas","Ayas",0.0656090956316553
2026-04-01,"ayas","Ayas",0.0274129581426311
2026-05-01,"ayas","Ayas",0.0288667320743271
2026-06-01,"ayas","Ayas",0.0476605358501683
2026-07-01,"ayas","Ayas",0.0456035175389568
2026-08-01,"ayas","Ayas",0.0451442014959274
2026-09-01,"ayas","Ayas",0.0383835483712802
2025-01-01,"aymavilles","Aymavilles",0.00388118867992133
2025-02-01,"aymavilles","Aymavilles",0.00355657464865254
2025-03-01,"aymavilles","Aymavilles",0.00333887352991533
2025-04-01,"aymavilles","Aymavilles",0.00380425867987107
2025-05-01,"aymavilles","Aymavilles",0.0058942465331203
2025-06-01,"aymavilles","Aymavilles",0.00354340501732393
2025-07-01,"aymavilles","Aymavilles",0.00414273469070814
2025-08-01,"aymavilles","Aymavilles",0.00568904229921398
2025-09-01,"aymavilles","Aymavilles",0.003221209310973
2025-10-01,"aymavilles","Aymavilles",0.0050863155380867
2025-11-01,"aymavilles","Aymavilles",0.00185562993488216
2025-12-01,"aymavilles","Aymavilles",0.00403945186743296
2026-01-01,"aymavilles","Aymavilles",0.00386195763376019
2026-02-01,"aymavilles","Aymavilles",0.00356624082835191
2026-03-01,"aymavilles","Aymavilles",0.00340347009714416
2026-04-01,"aymavilles","Aymavilles",0.00376153076157948
2026-05-01,"aymavilles","Aymavilles",0.00597530017820292
2026-06-01,"aymavilles","Aymavilles",0.00356191180677455
2026-07-01,"aymavilles","Aymavilles",0.0041633437026133
2026-08-01,"aymavilles","Aymavilles",0.00575844774608061
2026-09-01,"aymavilles","Aymavilles",0.00327278895668654
2025-01-01,"bard","Bard",0.00392845670089499
2025-02-01,"bard","Bard",0.00391111132618414
2025-03-01,"bard","Bard",0.00351493812566382
2025-04-01,"bard","Bard",0.00733201105181708
2025-05-01,"bard","Bard",0.011310016519121
2025-06-01,"bard","Bard",0.00520067172371347
2025-07-01,"bard","Bard",0.00434720649140654
2025-08-01,"bard","Bard",0.00557289745664183
2025-09-01,"bard","Bard",0.00522979208173864
2025-10-01,"bard","Bard",0.0113722589875415
2025-11-01,"bard","Bard",0.010885678270763
2025-12-01,"bard","Bard",0.00462222078380179
2026-01-01,"bard","Bard",0.00372639013739777
2026-02-01,"bard","Bard",0.00387362036657562
2026-03-01,"bard","Bard",0.00349738889471317
2026-04-01,"bard","Bard",0.00730932674136243
2026-05-01,"bard","Bard",0.0112600008602428
2026-06-01,"bard","Bard",0.00533999541965007
2026-07-01,"bard","Bard",0.00435356679692887
2026-08-01,"bard","Bard",0.00541288938736958
2026-09-01,"bard","Bard",0.0052593460255865
2025-01-01,"bionaz","Bionaz",0.000895925646183824
2025-02-01,"bionaz","Bionaz",0.000912748215024058
2025-03-01,"bionaz","Bionaz",0.00308685404529078
2025-04-01,"bionaz","Bionaz",0.00844873094181995
2025-05-01,"bionaz","Bionaz",0.00476272881271845
2025-06-01,"bionaz","Bionaz",0.00737319188127911
2025-07-01,"bionaz","Bionaz",0.0116683507274007
2025-08-01,"bionaz","Bionaz",0.0109819271639255
2025-09-01,"bionaz","Bionaz",0.00611880968724957
2025-10-01,"bionaz","Bionaz",0.00454124014250957
2025-11-01,"bionaz","Bionaz",0.00159145581291317
2025-12-01,"bionaz","Bionaz",0.00162033020415453
2026-01-01,"bionaz","Bionaz",0.00085932932541049
2026-02-01,"bionaz","Bionaz",0.000924625820007838
2026-03-01,"bionaz","Bionaz",0.003097331404484
2026-04-01,"bionaz","Bionaz",0.0080022985041618
2026-05-01,"bionaz","Bionaz",0.00465976823861254
2026-06-01,"bionaz","Bionaz",0.00734148333144658
2026-07-01,"bionaz","Bionaz",0.0117966767564492
2026-08-01,"bionaz","Bionaz",0.0106449765410955
2026-09-01,"bionaz","Bionaz",0.00604750538059599
2025-01-01,"brissogne","Brissogne",0.000295554958133508
2025-02-01,"brissogne","Brissogne",0.000262270514453465
2025-03-01,"brissogne","Brissogne",0.000227519271101575
2025-04-01,"brissogne","Brissogne",0.000316581488081515
2025-05-01,"brissogne","Brissogne",0.000328849340706602
2025-06-01,"brissogne","Brissogne",0.000270532263749017
2025-07-01,"brissogne","Brissogne",0.000255998787096663
2025-08-01,"brissogne","Brissogne",0.000220602944287214
2025-09-01,"brissogne","Brissogne",0.000323217786303234
2025-10-01,"brissogne","Brissogne",0.000394694223557951
2025-11-01,"brissogne","Brissogne",0.0011680323884579
2025-12-01,"brissogne","Brissogne",0.000480069690345701
2026-01-01,"brissogne","Brissogne",0.000290076485840087
2026-02-01,"brissogne","Brissogne",0.000265917329121794
2026-03-01,"brissogne","Brissogne",0.000231207947872567
2026-04-01,"brissogne","Brissogne",0.000313919981498977
2026-05-01,"brissogne","Brissogne",0.000332401939609143
2026-06-01,"brissogne","Brissogne",0.000277860793390493
2026-07-01,"brissogne","Brissogne",0.00025473349007489
2026-08-01,"brissogne","Brissogne",0.000218639295090236
2026-09-01,"brissogne","Brissogne",0.000328030725245246
2025-01-01,"brusson","Brusson",0.0178748455991289
2025-02-01,"brusson","Brusson",0.022142949705257
2025-03-01,"brusson","Brusson",0.0148887210897398
2025-04-01,"brusson","Brusson",0.0107825736778483
2025-05-01,"brusson","Brusson",0.0162264983472362
2025-06-01,"brusson","Brusson",0.0196982089034994
2025-07-01,"brusson","Brusson",0.018207829474105
2025-08-01,"brusson","Brusson",0.0178786225886434
2025-09-01,"brusson","Brusson",0.0161571281367491
2025-10-01,"brusson","Brusson",0.0132532069585282
2025-11-01,"brusson","Brusson",0.0120184013541506
2025-12-01,"brusson","Brusson",0.0171872136031834
2026-01-01,"brusson","Brusson",0.0176057179984953
2026-02-01,"brusson","Brusson",0.0219056045873727
2026-03-01,"brusson","Brusson",0.0148677214298415
2026-04-01,"brusson","Brusson",0.0109238410687846
2026-05-01,"brusson","Brusson",0.0160517370241503
2026-06-01,"brusson","Brusson",0.0199300353855444
2026-07-01,"brusson","Brusson",0.018179361239743
2026-08-01,"brusson","Brusson",0.0182141810269113
2026-09-01,"brusson","Brusson",0.0161021741215864
2025-01-01,"challand saint anselme","Challand-Saint-Anselme",0.00374505159319574
2025-02-01,"challand saint anselme","Challand-Saint-Anselme",0.0029719130286538
2025-03-01,"challand saint anselme","Challand-Saint-Anselme",0.00234012365988605
2025-04-01,"challand saint anselme","Challand-Saint-Anselme",0.0035323935081683
2025-05-01,"challand saint anselme","Challand-Saint-Anselme",0.00593536401019419
2025-06-01,"challand saint anselme","Challand-Saint-Anselme",0.00498982958594064
2025-07-01,"challand saint anselme","Challand-Saint-Anselme",0.00340803875875761
2025-08-01,"challand saint anselme","Challand-Saint-Anselme",0.00335994773506536
2025-09-01,"challand saint anselme","Challand-Saint-Anselme",0.00432556705797409
2025-10-01,"challand saint anselme","Challand-Saint-Anselme",0.0024778006498995
2025-11-01,"challand saint anselme","Challand-Saint-Anselme",0.00217550782374729
2025-12-01,"challand saint anselme","Challand-Saint-Anselme",0.00354225686418461
2026-01-01,"challand saint anselme","Challand-Saint-Anselme",0.00361011200473515
2026-02-01,"challand saint anselme","Challand-Saint-Anselme",0.00291700755169772
2026-03-01,"challand saint anselme","Challand-Saint-Anselme",0.00228675067590273
2026-04-01,"challand saint anselme","Challand-Saint-Anselme",0.00341234036368682
2026-05-01,"challand saint anselme","Challand-Saint-Anselme",0.00594775982411956
2026-06-01,"challand saint anselme","Challand-Saint-Anselme",0.00513940135658214
2026-07-01,"challand saint anselme","Challand-Saint-Anselme",0.00341018942922639
2026-08-01,"challand saint anselme","Challand-Saint-Anselme",0.00330164170880889
2026-09-01,"challand saint anselme","Challand-Saint-Anselme",0.00417919995186707
2025-01-01,"challand saint victor","Challand-Saint-Victor",0.00023466013798097
2025-02-01,"challand saint victor","Challand-Saint-Victor",0.00037654907678714
2025-03-01,"challand saint victor","Challand-Saint-Victor",0.00034324622871789
2025-04-01,"challand saint victor","Challand-Saint-Victor",0.000226375296104246
2025-05-01,"challand saint victor","Challand-Saint-Victor",0.000393600591498026
2025-06-01,"challand saint victor","Challand-Saint-Victor",0.000177831250231251
2025-07-01,"challand saint victor","Challand-Saint-Victor",0.000230823359174737
2025-08-01,"challand saint victor","Challand-Saint-Victor",0.000259259497532615
2025-09-01,"challand saint victor","Challand-Saint-Victor",4.27049398045889e-05
2025-10-01,"challand saint victor","Challand-Saint-Victor",0.00131752385849891
2025-11-01,"challand saint victor","Challand-Saint-Victor",0.000841837218583862
2025-12-01,"challand saint victor","Challand-Saint-Victor",0.000672106968419222
2026-01-01,"challand saint victor","Challand-Saint-Victor",0.000226740511659922
2026-02-01,"challand saint victor","Challand-Saint-Victor",0.00040641544546764
2026-03-01,"challand saint victor","Challand-Saint-Victor",0.000348305389428638
2026-04-01,"challand saint victor","Challand-Saint-Victor",0.000201435285758886
2026-05-01,"challand saint victor","Challand-Saint-Victor",0.000409413327274599
2026-06-01,"challand saint victor","Challand-Saint-Victor",0.000191146540191517
2026-07-01,"challand saint victor","Challand-Saint-Victor",0.000228435610288075
2026-08-01,"challand saint victor","Challand-Saint-Victor",0.000237160340598876
2026-09-01,"challand saint victor","Challand-Saint-Victor",4.33240903066469e-05
2025-01-01,"chambave","Chambave",0.00091635580752115
2025-02-01,"chambave","Chambave",0.000902665548349962
2025-03-01,"chambave","Chambave",0.00113648382215116
2025-04-01,"chambave","Chambave",0.00149988694924227
2025-05-01,"chambave","Chambave",0.00202703889718488
2025-06-01,"chambave","Chambave",0.000833081847427154
2025-07-01,"chambave","Chambave",0.000833217553975694
2025-08-01,"chambave","Chambave",0.00087325060244938
2025-09-01,"chambave","Chambave",0.000885188258877092
2025-10-01,"chambave","Chambave",0.00098955236026326
2025-11-01,"chambave","Chambave",0.00222374346323894
2025-12-01,"chambave","Chambave",0.0011444728461808
2026-01-01,"chambave","Chambave",0.000878715132000688
2026-02-01,"chambave","Chambave",0.000881012293040865
2026-03-01,"chambave","Chambave",0.00111986132200949
2026-04-01,"chambave","Chambave",0.00145699380099887
2026-05-01,"chambave","Chambave",0.00202635133344788
2026-06-01,"chambave","Chambave",0.000863055709890848
2026-07-01,"chambave","Chambave",0.00082651535963624
2026-08-01,"chambave","Chambave",0.000840562861520373
2026-09-01,"chambave","Chambave",0.000880955029995949
2025-01-01,"chamois","Chamois",0.00316863395878614
2025-02-01,"chamois","Chamois",0.0045909049668894
2025-03-01,"chamois","Chamois",0.00334563170070996
2025-04-01,"chamois","Chamois",4.45200040020348e-05
2025-05-01,"chamois","Chamois",0.000103371092624515
2025-06-01,"chamois","Chamois",0.00123878546052212
2025-07-01,"chamois","Chamois",0.00236963947426189
2025-08-01,"chamois","Chamois",0.00231995877717734
2025-09-01,"chamois","Chamois",0.00131373766174501
2025-10-01,"chamois","Chamois",0.000116451823760813
2025-11-01,"chamois","Chamois",0.000277559284419032
2025-12-01,"chamois","Chamois",0.00265906582508094
2026-01-01,"chamois","Chamois",0.00332750003755255
2026-02-01,"chamois","Chamois",0.00420171466858638
2026-03-01,"chamois","Chamois",0.00324713369219255
2026-04-01,"chamois","Chamois",4.96073954985384e-05
2026-05-01,"chamois","Chamois",9.78999699462802e-05
2026-06-01,"chamois","Chamois",0.00116111744879635
2026-07-01,"chamois","Chamois",0.00235742453963389
2026-08-01,"chamois","Chamois",0.00250826772392564
2026-09-01,"chamois","Chamois",0.00119489380744136
2025-01-01,"champdepraz","Champdepraz",0.0016411901972385
2025-02-01,"champdepraz","Champdepraz",0.00189715925091155
2025-03-01,"champdepraz","Champdepraz",0.00220809805532754
2025-04-01,"champdepraz","Champdepraz",0.00382685868703707
2025-05-01,"champdepraz","Champdepraz",0.00134748221298171
2025-06-01,"champdepraz","Champdepraz",0.00273071509812222
2025-07-01,"champdepraz","Champdepraz",0.00162047670634917
2025-08-01,"champdepraz","Champdepraz",0.0018140559852127
2025-09-01,"champdepraz","Champdepraz",0.00384570336834944
2025-10-01,"champdepraz","Champdepraz",0.00182969252400976
2025-11-01,"champdepraz","Champdepraz",0.000981073185013056
2025-12-01,"champdepraz","Champdepraz",0.00147698550368535
2026-01-01,"champdepraz","Champdepraz",0.00161782124871615
2026-02-01,"champdepraz","Champdepraz",0.0018731687322219
2026-03-01,"champdepraz","Champdepraz",0.00221361300091197
2026-04-01,"champdepraz","Champdepraz",0.00378479345572032
2026-05-01,"champdepraz","Champdepraz",0.00136249157403476
2026-06-01,"champdepraz","Champdepraz",0.00275217637414512
2026-07-01,"champdepraz","Champdepraz",0.00163130150369209
2026-08-01,"champdepraz","Champdepraz",0.00187011009030928
2026-09-01,"champdepraz","Champdepraz",0.00380515603698641
2025-01-01,"champorcher","Champorcher",0.0023668553686042
2025-02-01,"champorcher","Champorcher",0.00248633351962821
2025-03-01,"champorcher","Champorcher",0.00233611461201606
2025-04-01,"champorcher","Champorcher",0.00103898669044996
2025-05-01,"champorcher","Champorcher",0.00170558678118237
2025-06-01,"champorcher","Champorcher",0.00430873490975586
2025-07-01,"champorcher","Champorcher",0.00623327548433205
2025-08-01,"champorcher","Champorcher",0.00455884090997966
2025-09-01,"champorcher","Champorcher",0.00301537318926371
2025-10-01,"champorcher","Champorcher",0.00245595627854218
2025-11-01,"champorcher","Champorcher",0.00421793036916035
2025-12-01,"champorcher","Champorcher",0.0040453631699526
2026-01-01,"champorcher","Champorcher",0.00235126123579489
2026-02-01,"champorcher","Champorcher",0.00250874280872883
2026-03-01,"champorcher","Champorcher",0.00238410956830878
2026-04-01,"champorcher","Champorcher",0.00105446205200141
2026-05-01,"champorcher","Champorcher",0.00171729489667235
2026-06-01,"champorcher","Champorcher",0.00427845693536755
2026-07-01,"champorcher","Champorcher",0.00626167126742306
2026-08-01,"champorcher","Champorcher",0.00470753881422357
2026-09-01,"champorcher","Champorcher",0.00301641797155514
2025-01-01,"charvensod","Charvensod",0.0131771214300201
2025-02-01,"charvensod","Charvensod",0.011617001249394
2025-03-01,"charvensod","Charvensod",0.011807405080541
2025-04-01,"charvensod","Charvensod",0.0217477061994306
2025-05-01,"charvensod","Charvensod",0.0307197433976499
2025-06-01,"charvensod","Charvensod",0.0127705655732554
2025-07-01,"charvensod","Charvensod",0.0104508450192089
2025-08-01,"charvensod","Charvensod",0.0133232691962294
2025-09-01,"charvensod","Charvensod",0.0210187867021772
2025-10-01,"charvensod","Charvensod",0.0279078496089885
2025-11-01,"charvensod","Charvensod",0.0246714286057632
2025-12-01,"charvensod","Charvensod",0.0153315539942818
2026-01-01,"charvensod","Charvensod",0.0126336310423064
2026-02-01,"charvensod","Charvensod",0.0118131492979618
2026-03-01,"charvensod","Charvensod",0.0120111046104458
2026-04-01,"charvensod","Charvensod",0.0200345891262734
2026-05-01,"charvensod","Charvensod",0.0314241401674164
2026-06-01,"charvensod","Charvensod",0.0132534077955349
2026-07-01,"charvensod","Charvensod",0.0105429675013617
2026-08-01,"charvensod","Charvensod",0.013147440589152
2026-09-01,"charvensod","Charvensod",0.0213749406727548
2025-01-01,"chatillon","Châtillon",0.0196126097425223
2025-02-01,"chatillon","Châtillon",0.0193581077398303
2025-03-01,"chatillon","Châtillon",0.0178535178998959
2025-04-01,"chatillon","Châtillon",0.0301230569515912
2025-05-01,"chatillon","Châtillon",0.04362919434043
2025-06-01,"chatillon","Châtillon",0.0183556668322609
2025-07-01,"chatillon","Châtillon",0.0138466626786247
2025-08-01,"chatillon","Châtillon",0.0143691163757517
2025-09-01,"chatillon","Châtillon",0.0215331079324971
2025-10-01,"chatillon","Châtillon",0.037664046369346
2025-11-01,"chatillon","Châtillon",0.0319400240879594
2025-12-01,"chatillon","Châtillon",0.0196795648216768
2026-01-01,"chatillon","Châtillon",0.0188140970981285
2026-02-01,"chatillon","Châtillon",0.0192851167190992
2026-03-01,"chatillon","Châtillon",0.0177163381714242
2026-04-01,"chatillon","Châtillon",0.0292311574420729
2026-05-01,"chatillon","Châtillon",0.0435722891751636
2026-06-01,"chatillon","Châtillon",0.0189754576671565
2026-07-01,"chatillon","Châtillon",0.013766226792141
2026-08-01,"chatillon","Châtillon",0.0138442655680311
2026-09-01,"chatillon","Châtillon",0.0216912030796396
2025-01-01,"cogne","Cogne",0.047865784766708
2025-02-01,"cogne","Cogne",0.045170945665055
2025-03-01,"cogne","Cogne",0.0375257770297635
2025-04-01,"cogne","Cogne",0.0191935323216977
2025-05-01,"cogne","Cogne",0.0568453150049916
2025-06-01,"cogne","Cogne",0.0563925958487803
2025-07-01,"cogne","Cogne",0.0460224091756315
2025-08-01,"cogne","Cogne",0.0485295059327649
2025-09-01,"cogne","Cogne",0.0566486060449795
2025-10-01,"cogne","Cogne",0.0693740438823595
2025-11-01,"cogne","Cogne",0.0172041385884381
2025-12-01,"cogne","Cogne",0.0322522397145565
2026-01-01,"cogne","Cogne",0.0462126066982949
2026-02-01,"cogne","Cogne",0.0460167076214091
2026-03-01,"cogne","Cogne",0.0375459195681629
2026-04-01,"cogne","Cogne",0.0188818028374881
2026-05-01,"cogne","Cogne",0.0559773268400068
2026-06-01,"cogne","Cogne",0.0567275325283211
2026-07-01,"cogne","Cogne",0.0457496286876361
2026-08-01,"cogne","Cogne",0.0468515549600998
2026-09-01,"cogne","Cogne",0.0583878953858964
2025-01-01,"courmayeur","Courmayeur",0.127261919421263
2025-02-01,"courmayeur","Courmayeur",0.129966494378049
2025-03-01,"courmayeur","Courmayeur",0.128798719013905
2025-04-01,"courmayeur","Courmayeur",0.0576228502691046
2025-05-01,"courmayeur","Courmayeur",0.0589277013504988
2025-06-01,"courmayeur","Courmayeur",0.222999070538707
2025-07-01,"courmayeur","Courmayeur",0.224486880858129
2025-08-01,"courmayeur","Courmayeur",0.20640535780766
2025-09-01,"courmayeur","Courmayeur",0.241906825309173
2025-10-01,"courmayeur","Courmayeur",0.111404108408105
2025-11-01,"courmayeur","Courmayeur",0.0495467361078069
2025-12-01,"courmayeur","Courmayeur",0.128467889658526
2026-01-01,"courmayeur","Courmayeur",0.130588931101681
2026-02-01,"courmayeur","Courmayeur",0.131469473796277
2026-03-01,"courmayeur","Courmayeur",0.126917275597232
2026-04-01,"courmayeur","Courmayeur",0.0605739105564273
2026-05-01,"courmayeur","Courmayeur",0.0573608660774936
2026-06-01,"courmayeur","Courmayeur",0.216825724539834
2026-07-01,"courmayeur","Courmayeur",0.223525969149725
2026-08-01,"courmayeur","Courmayeur",0.204468567261954
2026-09-01,"courmayeur","Courmayeur",0.240220357220682
2025-01-01,"donnas","Donnas",0.0010539859252294
2025-02-01,"donnas","Donnas",0.00111991714009674
2025-03-01,"donnas","Donnas",0.00113951559663816
2025-04-01,"donnas","Donnas",0.00201958710094674
2025-05-01,"donnas","Donnas",0.00397320795516079
2025-06-01,"donnas","Donnas",0.00201609831995411
2025-07-01,"donnas","Donnas",0.00180520056050406
2025-08-01,"donnas","Donnas",0.00225913928488262
2025-09-01,"donnas","Donnas",0.00147218365569244
2025-10-01,"donnas","Donnas",0.00240996339679461
2025-11-01,"donnas","Donnas",0.00210055580926906
2025-12-01,"donnas","Donnas",0.00115711237106621
2026-01-01,"donnas","Donnas",0.00100586298433875
2026-02-01,"donnas","Donnas",0.00111494469899986
2026-03-01,"donnas","Donnas",0.00111634817220839
2026-04-01,"donnas","Donnas",0.00191778846916049
2026-05-01,"donnas","Donnas",0.00401242372157028
2026-06-01,"donnas","Donnas",0.00206336919057926
2026-07-01,"donnas","Donnas",0.00179191895567587
2026-08-01,"donnas","Donnas",0.00218373552947563
2026-09-01,"donnas","Donnas",0.00141693704506836
2025-01-01,"doues","Doues",0.00106788789019699
2025-02-01,"doues","Doues",0.000706036618064353
2025-03-01,"doues","Doues",0.00056506806721554
2025-04-01,"doues","Doues",0.000968732549743806
2025-05-01,"doues","Doues",0.00147652132855142
2025-06-01,"doues","Doues",0.00138139424702232
2025-07-01,"doues","Doues",0.00173433380642879
2025-08-01,"doues","Doues",0.00297615229625909
2025-09-01,"doues","Doues",0.00350529669644636
2025-10-01,"doues","Doues",0.00265046620819315
2025-11-01,"doues","Doues",0.00122901867553128
2025-12-01,"doues","Doues",0.00117667658058549
2026-01-01,"doues","Doues",0.00108117340329096
2026-02-01,"doues","Doues",0.000730628232103209
2026-03-01,"doues","Doues",0.000577845089984626
2026-04-01,"doues","Doues",0.000979874855173899
2026-05-01,"doues","Doues",0.0014612800620727
2026-06-01,"doues","Doues",0.00136717589717906
2026-07-01,"doues","Doues",0.00174365392631534
2026-08-01,"doues","Doues",0.00295803122421726
2026-09-01,"doues","Doues",0.00358903549254152
2025-01-01,"emarese","Emarèse",0.000315281878814664
2025-02-01,"emarese","Emarèse",0.000415354852057549
2025-03-01,"emarese","Emarèse",0.000160319561531904
2025-04-01,"emarese","Emarèse",0.000340583987666933
2025-05-01,"emarese","Emarèse",0.000974488493934669
2025-06-01,"emarese","Emarèse",8.40636037917176e-05
2025-07-01,"emarese","Emarèse",0.000208447281897527
2025-08-01,"emarese","Emarèse",0.00045691530486136
2025-09-01,"emarese","Emarèse",1.85487781417776e-05
2025-10-01,"emarese","Emarèse",0.00112152588372498
2025-11-01,"emarese","Emarèse",0.000642405454271254
2025-12-01,"emarese","Emarèse",0.000620364746327078
2026-01-01,"emarese","Emarèse",0.000299475471231493
2026-02-01,"emarese","Emarèse",0.000391176971521852
2026-03-01,"emarese","Emarèse",0.000154083158135677
2026-04-01,"emarese","Emarèse",0.000334914508537657
2026-05-01,"emarese","Emarèse",0.000962052629877516
2026-06-01,"emarese","Emarèse",8.62718298544189e-05
2026-07-01,"emarese","Emarèse",0.00020708724724966
2026-08-01,"emarese","Emarèse",0.000444551658575516
2026-09-01,"emarese","Emarèse",1.79116212348768e-05
2025-01-01,"etroubles","Etroubles",0.00472848865287812
2025-02-01,"etroubles","Etroubles",0.00470385072221676
2025-03-01,"etroubles","Etroubles",0.00456109954545513
2025-04-01,"etroubles","Etroubles",0.00758122440802732
2025-05-01,"etroubles","Etroubles",0.00917075533557294
2025-06-01,"etroubles","Etroubles",0.0157968064490083
2025-07-01,"etroubles","Etroubles",0.0131400847831577
2025-08-01,"etroubles","Etroubles",0.0130558591411365
2025-09-01,"etroubles","Etroubles",0.0173142820671896
2025-10-01,"etroubles","Etroubles",0.0109023821216748
2025-11-01,"etroubles","Etroubles",0.00357925547294374
2025-12-01,"etroubles","Etroubles",0.00447535851618608
2026-01-01,"etroubles","Etroubles",0.00462233606959327
2026-02-01,"etroubles","Etroubles",0.00483064076676336
2026-03-01,"etroubles","Etroubles",0.00463242738182032
2026-04-01,"etroubles","Etroubles",0.00731244286465639
2026-05-01,"etroubles","Etroubles",0.00911339524795852
2026-06-01,"etroubles","Etroubles",0.015560256801411
2026-07-01,"etroubles","Etroubles",0.0134420451688478
2026-08-01,"etroubles","Etroubles",0.012958211215828
2026-09-01,"etroubles","Etroubles",0.017385905660255
2025-01-01,"fenis","Fénis",0.00512341711678795
2025-02-01,"fenis","Fénis",0.00356536568380197
2025-03-01,"fenis","Fénis",0.00232066654024147
2025-04-01,"fenis","Fénis",0.00978358967753296
2025-05-01,"fenis","Fénis",0.00977645218887713
2025-06-01,"fenis","Fénis",0.00599441141123487
2025-07-01,"fenis","Fénis",0.00433162922824003
2025-08-01,"fenis","Fénis",0.00512463935854463
2025-09-01,"fenis","Fénis",0.00607235978838148
2025-10-01,"fenis","Fénis",0.00685405322541931
2025-11-01,"fenis","Fénis",0.00839586472539164
2025-12-01,"fenis","Fénis",0.00540608981004872
2026-01-01,"fenis","Fénis",0.00495857062635041
2026-02-01,"fenis","Fénis",0.00356268438363409
2026-03-01,"fenis","Fénis",0.00233070758094062
2026-04-01,"fenis","Fénis",0.00928380985172221
2026-05-01,"fenis","Fénis",0.00998799590552889
2026-06-01,"fenis","Fénis",0.00614396297417607
2026-07-01,"fenis","Fénis",0.00436549375381791
2026-08-01,"fenis","Fénis",0.00516395920350678
2026-09-01,"fenis","Fénis",0.00604657711731562
2025-01-01,"fontainemore","Fontainemore",0.000411105290285371
2025-02-01,"fontainemore","Fontainemore",0.000459858258362976
2025-03-01,"fontainemore","Fontainemore",0.000204580538877217
2025-04-01,"fontainemore","Fontainemore",0.000143550309558173
2025-05-01,"fontainemore","Fontainemore",0.000586489055928494
2025-06-01,"fontainemore","Fontainemore",0.00230964352490291
2025-07-01,"fontainemore","Fontainemore",0.00230281836761141
2025-08-01,"fontainemore","Fontainemore",0.00257285610611002
2025-09-01,"fontainemore","Fontainemore",0.00195157617484627
2025-10-01,"fontainemore","Fontainemore",0.00113204653181181
2025-11-01,"fontainemore","Fontainemore",0.000246174774688805
2025-12-01,"fontainemore","Fontainemore",0.00102123992907354
2026-01-01,"fontainemore","Fontainemore",0.000406468330802883
2026-02-01,"fontainemore","Fontainemore",0.000477505821711489
2026-03-01,"fontainemore","Fontainemore",0.000206549497423048
2026-04-01,"fontainemore","Fontainemore",0.000139793860060539
2026-05-01,"fontainemore","Fontainemore",0.000583622106111358
2026-06-01,"fontainemore","Fontainemore",0.00229516785056364
2026-07-01,"fontainemore","Fontainemore",0.00231022704822589
2026-08-01,"fontainemore","Fontainemore",0.00255722191286993
2026-09-01,"fontainemore","Fontainemore",0.00197655478860407
2025-01-01,"gaby","Gaby",0.00446480681209079
2025-02-01,"gaby","Gaby",0.0042625694503788
2025-03-01,"gaby","Gaby",0.00319047752461975
2025-04-01,"gaby","Gaby",0.00238045873207223
2025-05-01,"gaby","Gaby",0.00185353040710266
2025-06-01,"gaby","Gaby",0.00394697366602402
2025-07-01,"gaby","Gaby",0.00477638703742275
2025-08-01,"gaby","Gaby",0.00442019967455244
2025-09-01,"gaby","Gaby",0.00334651951395693
2025-10-01,"gaby","Gaby",0.0031092284251472
2025-11-01,"gaby","Gaby",0.00231701253227438
2025-12-01,"gaby","Gaby",0.00435606510397234
2026-01-01,"gaby","Gaby",0.00438987379024513
2026-02-01,"gaby","Gaby",0.00427791692819424
2026-03-01,"gaby","Gaby",0.00320400758402718
2026-04-01,"gaby","Gaby",0.00241194789521773
2026-05-01,"gaby","Gaby",0.00184276154433524
2026-06-01,"gaby","Gaby",0.00400877054139516
2026-07-01,"gaby","Gaby",0.00478117455727585
2026-08-01,"gaby","Gaby",0.00450054678790621
2026-09-01,"gaby","Gaby",0.00332221239823175
2025-01-01,"gignod","Gignod",0.00381150340298152
2025-02-01,"gignod","Gignod",0.00355952621596258
2025-03-01,"gignod","Gignod",0.00211424872018324
2025-04-01,"gignod","Gignod",0.00310869784718388
2025-05-01,"gignod","Gignod",0.00721465044042384
2025-06-01,"gignod","Gignod",0.0053951682990815
2025-07-01,"gignod","Gignod",0.00707212698137659
2025-08-01,"gignod","Gignod",0.00700925230637073
2025-09-01,"gignod","Gignod",0.00548847711452639
2025-10-01,"gignod","Gignod",0.007097730182966
2025-11-01,"gignod","Gignod",0.00527501004109177
2025-12-01,"gignod","Gignod",0.00441323624293158
2026-01-01,"gignod","Gignod",0.00372307138717295
2026-02-01,"gignod","Gignod",0.00364601133397778
2026-03-01,"gignod","Gignod",0.00216709961223314
2026-04-01,"gignod","Gignod",0.00294340924273789
2026-05-01,"gignod","Gignod",0.00732100521079057
2026-06-01,"gignod","Gignod",0.00551240724588737
2026-07-01,"gignod","Gignod",0.00718379434787918
2026-08-01,"gignod","Gignod",0.00699050073824695
2026-09-01,"gignod","Gignod",0.00563189051282837
2025-01-01,"gressan","Gressan",0.0497337780692401
2025-02-01,"gressan","Gressan",0.0521818879771959
2025-03-01,"gressan","Gressan",0.0487753045730052
2025-04-01,"gressan","Gressan",0.0111820378927501
2025-05-01,"gressan","Gressan",0.00520887876986942
2025-06-01,"gressan","Gressan",0.0101065340495869
2025-07-01,"gressan","Gressan",0.0224492675590158
2025-08-01,"gressan","Gressan",0.02083037642062
2025-09-01,"gressan","Gressan",0.00488493320926995
2025-10-01,"gressan","Gressan",0.00487584347328864
2025-11-01,"gressan","Gressan",0.00792733619286064
2025-12-01,"gressan","Gressan",0.0374580746872719
2026-01-01,"gressan","Gressan",0.0533814505891306
2026-02-01,"gressan","Gressan",0.0546467996433334
2026-03-01,"gressan","Gressan",0.0522689421872346
2026-04-01,"gressan","Gressan",0.0118859923500272
2026-05-01,"gressan","Gressan",0.00517361437428051
2026-06-01,"gressan","Gressan",0.0100647443286666
2026-07-01,"gressan","Gressan",0.0220008110772995
2026-08-01,"gressan","Gressan",0.0210330907083743
2026-09-01,"gressan","Gressan",0.00503678458405122
2025-01-01,"gressoney la trinite","Gressoney-La-Trinité",0.024134728576604
2025-02-01,"gressoney la trinite","Gressoney-La-Trinité",0.0255001625809481
2025-03-01,"gressoney la trinite","Gressoney-La-Trinité",0.0253640360461035
2025-04-01,"gressoney la trinite","Gressoney-La-Trinité",0.0356225872099268
2025-05-01,"gressoney la trinite","Gressoney-La-Trinité",0.0125981587093302
2025-06-01,"gressoney la trinite","Gressoney-La-Trinité",0.065204979186556
2025-07-01,"gressoney la trinite","Gressoney-La-Trinité",0.0720018370621048
2025-08-01,"gressoney la trinite","Gressoney-La-Trinité",0.0599692201207382
2025-09-01,"gressoney la trinite","Gressoney-La-Trinité",0.0355640690103788
2025-10-01,"gressoney la trinite","Gressoney-La-Trinité",0.00164430111435651
2025-11-01,"gressoney la trinite","Gressoney-La-Trinité",0.00114911437377087
2025-12-01,"gressoney la trinite","Gressoney-La-Trinité",0.0221135264510228
2026-01-01,"gressoney la trinite","Gressoney-La-Trinité",0.0241998647291973
2026-02-01,"gressoney la trinite","Gressoney-La-Trinité",0.0254607483317156
2026-03-01,"gressoney la trinite","Gressoney-La-Trinité",0.0254183971164011
2026-04-01,"gressoney la trinite","Gressoney-La-Trinité",0.037365199238894
2026-05-01,"gressoney la trinite","Gressoney-La-Trinité",0.0121563074644131
2026-06-01,"gressoney la trinite","Gressoney-La-Trinité",0.0636701412454113
2026-07-01,"gressoney la trinite","Gressoney-La-Trinité",0.0727320117369676
2026-08-01,"gressoney la trinite","Gressoney-La-Trinité",0.0627841908813655
2026-09-01,"gressoney la trinite","Gressoney-La-Trinité",0.0339896003233079
2025-01-01,"gressoney saint jean","Gressoney-Saint-Jean",0.0267072989169531
2025-02-01,"gressoney saint jean","Gressoney-Saint-Jean",0.0289708307582288
2025-03-01,"gressoney saint jean","Gressoney-Saint-Jean",0.0209099497529142
2025-04-01,"gressoney saint jean","Gressoney-Saint-Jean",0.0178569063503399
2025-05-01,"gressoney saint jean","Gressoney-Saint-Jean",0.0205825138529452
2025-06-01,"gressoney saint jean","Gressoney-Saint-Jean",0.0225076149410791
2025-07-01,"gressoney saint jean","Gressoney-Saint-Jean",0.0185660435517826
2025-08-01,"gressoney saint jean","Gressoney-Saint-Jean",0.0182205509423208
2025-09-01,"gressoney saint jean","Gressoney-Saint-Jean",0.0200269422064039
2025-10-01,"gressoney saint jean","Gressoney-Saint-Jean",0.00914481802912933
2025-11-01,"gressoney saint jean","Gressoney-Saint-Jean",0.0171496478381096
2025-12-01,"gressoney saint jean","Gressoney-Saint-Jean",0.02443198958817
2026-01-01,"gressoney saint jean","Gressoney-Saint-Jean",0.0264202162876319
2026-02-01,"gressoney saint jean","Gressoney-Saint-Jean",0.0288781403757136
2026-03-01,"gressoney saint jean","Gressoney-Saint-Jean",0.0209963586007692
2026-04-01,"gressoney saint jean","Gressoney-Saint-Jean",0.0184357985243922
2026-05-01,"gressoney saint jean","Gressoney-Saint-Jean",0.0202396714011308
2026-06-01,"gressoney saint jean","Gressoney-Saint-Jean",0.0226168616213493
2026-07-01,"gressoney saint jean","Gressoney-Saint-Jean",0.0185060545205665
2026-08-01,"gressoney saint jean","Gressoney-Saint-Jean",0.018672018362471
2026-09-01,"gressoney saint jean","Gressoney-Saint-Jean",0.0200116822041275
2025-01-01,"hone","Hône",0.000544639574292439
2025-02-01,"hone","Hône",0.000440270924989558
2025-03-01,"hone","Hône",0.000296642770493725
2025-04-01,"hone","Hône",0.000673126075468634
2025-05-01,"hone","Hône",0.00168526949172283
2025-06-01,"hone","Hône",0.000700517889034556
2025-07-01,"hone","Hône",0.000719730761841575
2025-08-01,"hone","Hône",0.00126338073862474
2025-09-01,"hone","Hône",0.000621522937222288
2025-10-01,"hone","Hône",0.00130109808657341
2025-11-01,"hone","Hône",0.00106139372121045
2025-12-01,"hone","Hône",0.000879263380618577
2026-01-01,"hone","Hône",0.000543277153940373
2026-02-01,"hone","Hône",0.000459158891370428
2026-03-01,"hone","Hône",0.000301968220575853
2026-04-01,"hone","Hône",0.000674404559913868
2026-05-01,"hone","Hône",0.00166612359191811
2026-06-01,"hone","Hône",0.000706376986967406
2026-07-01,"hone","Hône",0.000703924206687824
2026-08-01,"hone","Hône",0.00122740297509278
2026-09-01,"hone","Hône",0.000637588626910064
2025-01-01,"introd","Introd",0.0027832364992236
2025-02-01,"introd","Introd",0.00347293427107452
2025-03-01,"introd","Introd",0.00221310895410006
2025-04-01,"introd","Introd",0.00287376593397811
2025-05-01,"introd","Introd",0.0047064382445828
2025-06-01,"introd","Introd",0.00470232986981384
2025-07-01,"introd","Introd",0.00426769367157445
2025-08-01,"introd","Introd",0.00310705555199379
2025-09-01,"introd","Introd",0.00309325822653248
2025-10-01,"introd","Introd",0.0034320130996286
2025-11-01,"introd","Introd",0.00476729669833213
2025-12-01,"introd","Introd",0.00308995327473549
2026-01-01,"introd","Introd",0.00277065560733464
2026-02-01,"introd","Introd",0.00337962696031965
2026-03-01,"introd","Introd",0.00224082600262326
2026-04-01,"introd","Introd",0.00275270554515233
2026-05-01,"introd","Introd",0.00472504085073943
2026-06-01,"introd","Introd",0.00476268759507767
2026-07-01,"introd","Introd",0.0042528198605438
2026-08-01,"introd","Introd",0.00304639874555316
2026-09-01,"introd","Introd",0.00313798744428305
2025-01-01,"issime","Issime",0.000766952078449965
2025-02-01,"issime","Issime",0.000784517721877487
2025-03-01,"issime","Issime",0.000817851710515699
2025-04-01,"issime","Issime",0.000699680693133986
2025-05-01,"issime","Issime",0.00121017455128697
2025-06-01,"issime","Issime",0.000637514031834258
2025-07-01,"issime","Issime",0.000309597522707967
2025-08-01,"issime","Issime",0.000353519436866774
2025-09-01,"issime","Issime",0.0010065377089574
2025-10-01,"issime","Issime",0.00103433389976292
2025-11-01,"issime","Issime",0.000933582534437286
2025-12-01,"issime","Issime",0.000519580648483638
2026-01-01,"issime","Issime",0.000736879114573011
2026-02-01,"issime","Issime",0.000778612272842634
2026-03-01,"issime","Issime",0.000814907008104705
2026-04-01,"issime","Issime",0.00068733515369451
2026-05-01,"issime","Issime",0.00120758766746492
2026-06-01,"issime","Issime",0.000654599352511658
2026-07-01,"issime","Issime",0.000308180676848763
2026-08-01,"issime","Issime",0.000350087343196432
2026-09-01,"issime","Issime",0.00100877350199312
2025-01-01,"issogne","Issogne",0.000308797671319803
2025-02-01,"issogne","Issogne",0.000225685561621663
2025-03-01,"issogne","Issogne",0.000249480327219405
2025-04-01,"issogne","Issogne",0.000180752041477559
2025-05-01,"issogne","Issogne",0.000841944854728313
2025-06-01,"issogne","Issogne",0.000461770517436269
2025-07-01,"issogne","Issogne",0.000342562202008341
2025-08-01,"issogne","Issogne",0.000541758161519573
2025-09-01,"issogne","Issogne",0.000756633310362736
2025-10-01,"issogne","Issogne",0.00033901284189441
2025-11-01,"issogne","Issogne",9.80329354047668e-05
2025-12-01,"issogne","Issogne",9.29724461281257e-05
2026-01-01,"issogne","Issogne",0.000298905474257278
2026-02-01,"issogne","Issogne",0.000236104701212173
2026-03-01,"issogne","Issogne",0.000250665169942477
2026-04-01,"issogne","Issogne",0.000169951050760449
2026-05-01,"issogne","Issogne",0.000849762577996349
2026-06-01,"issogne","Issogne",0.000475770065818421
2026-07-01,"issogne","Issogne",0.000340123795579086
2026-08-01,"issogne","Issogne",0.000514914739456815
2026-09-01,"issogne","Issogne",0.000780294917741991
2025-01-01,"jovencan","Jovençan",0.00420507583896206
2025-02-01,"jovencan","Jovençan",0.00436437900028596
2025-03-01,"jovencan","Jovençan",0.00502352460524874
2025-04-01,"jovencan","Jovençan",0.00838354458104488
2025-05-01,"jovencan","Jovençan",0.00754811918450528
2025-06-01,"jovencan","Jovençan",0.00332370133137516
2025-07-01,"jovencan","Jovençan",0.00256387962621806
2025-08-01,"jovencan","Jovençan",0.00299433598817077
2025-09-01,"jovencan","Jovençan",0.00447460153583196
2025-10-01,"jovencan","Jovençan",0.0109641517816681
2025-11-01,"jovencan","Jovençan",0.00744204339435769
2025-12-01,"jovencan","Jovençan",0.00454390890442869
2026-01-01,"jovencan","Jovençan",0.00398902897631709
2026-02-01,"jovencan","Jovençan",0.00443325732482792
2026-03-01,"jovencan","Jovençan",0.00506856696914047
2026-04-01,"jovencan","Jovençan",0.00790556047779505
2026-05-01,"jovencan","Jovençan",0.00763287921738913
2026-06-01,"jovencan","Jovençan",0.00345484859950729
2026-07-01,"jovencan","Jovençan",0.00256410690593969
2026-08-01,"jovencan","Jovençan",0.00287078339818891
2026-09-01,"jovencan","Jovençan",0.00464192312503422
2025-01-01,"la magdeleine","La Magdeleine",0.000707425842492617
2025-02-01,"la magdeleine","La Magdeleine",0.000863012117787116
2025-03-01,"la magdeleine","La Magdeleine",0.000538669708519787
2025-04-01,"la magdeleine","La Magdeleine",0.000441478688120932
2025-05-01,"la magdeleine","La Magdeleine",0.000274190810418101
2025-06-01,"la magdeleine","La Magdeleine",0.000806210912953877
2025-07-01,"la magdeleine","La Magdeleine",0.00109844796054176
2025-08-01,"la magdeleine","La Magdeleine",0.000689335308258768
2025-09-01,"la magdeleine","La Magdeleine",0.000462653494605523
2025-10-01,"la magdeleine","La Magdeleine",0.000721465416346914
2025-11-01,"la magdeleine","La Magdeleine",0.000157830527314508
2025-12-01,"la magdeleine","La Magdeleine",0.000436973876693943
2026-01-01,"la magdeleine","La Magdeleine",0.000696090540599298
2026-02-01,"la magdeleine","La Magdeleine",0.000831812894796956
2026-03-01,"la magdeleine","La Magdeleine",0.000530542788807584
2026-04-01,"la magdeleine","La Magdeleine",0.000439111530613054
2026-05-01,"la magdeleine","La Magdeleine",0.000268243428260856
2026-06-01,"la magdeleine","La Magdeleine",0.000794944912308956
2026-07-01,"la magdeleine","La Magdeleine",0.00109574715949867
2026-08-01,"la magdeleine","La Magdeleine",0.000697749018475568
2026-09-01,"la magdeleine","La Magdeleine",0.000447021674396119
2025-01-01,"la salle","La Salle",0.0168987259584096
2025-02-01,"la salle","La Salle",0.0173272770612706
2025-03-01,"la salle","La Salle",0.0147394875553478
2025-04-01,"la salle","La Salle",0.0160423338383065
2025-05-01,"la salle","La Salle",0.0187539432988404
2025-06-01,"la salle","La Salle",0.0159626084633347
2025-07-01,"la salle","La Salle",0.0115061867087033
2025-08-01,"la salle","La Salle",0.0142766220568639
2025-09-01,"la salle","La Salle",0.0129379207539602
2025-10-01,"la salle","La Salle",0.0197212273565211
2025-11-01,"la salle","La Salle",0.0272817117841363
2025-12-01,"la salle","La Salle",0.0222793855184451
2026-01-01,"la salle","La Salle",0.016770642678475
2026-02-01,"la salle","La Salle",0.0176513776232385
2026-03-01,"la salle","La Salle",0.0150191964871848
2026-04-01,"la salle","La Salle",0.0161035045652405
2026-05-01,"la salle","La Salle",0.0190004217440761
2026-06-01,"la salle","La Salle",0.0162603239125801
2026-07-01,"la salle","La Salle",0.0115119756519446
2026-08-01,"la salle","La Salle",0.014277135255641
2026-09-01,"la salle","La Salle",0.0132167127524789
2025-01-01,"la thuile","La Thuile",0.0610775687805446
2025-02-01,"la thuile","La Thuile",0.0655813169284182
2025-03-01,"la thuile","La Thuile",0.0679096908055677
2025-04-01,"la thuile","La Thuile",0.0270422038780752
2025-05-01,"la thuile","La Thuile",0.00146836592955786
2025-06-01,"la thuile","La Thuile",0.0335544590864005
2025-07-01,"la thuile","La Thuile",0.0505813128632512
2025-08-01,"la thuile","La Thuile",0.0441976780514671
2025-09-01,"la thuile","La Thuile",0.0328251717665187
2025-10-01,"la thuile","La Thuile",0.0032285588543666
2025-11-01,"la thuile","La Thuile",0.00830596779358425
2025-12-01,"la thuile","La Thuile",0.0510188371924328
2026-01-01,"la thuile","La Thuile",0.0671093317351119
2026-02-01,"la thuile","La Thuile",0.0662040200949126
2026-03-01,"la thuile","La Thuile",0.0656746869003396
2026-04-01,"la thuile","La Thuile",0.0326447920681038
2026-05-01,"la thuile","La Thuile",0.00143244232485649
2026-06-01,"la thuile","La Thuile",0.0322483454413598
2026-07-01,"la thuile","La Thuile",0.0494924741508215
2026-08-01,"la thuile","La Thuile",0.0472257287158877
2026-09-01,"la thuile","La Thuile",0.0328072304825302
2025-01-01,"lillianes","Lillianes",0.000436125829643069
2025-02-01,"lillianes","Lillianes",0.000393619176150123
2025-03-01,"lillianes","Lillianes",0.000257156275297447
2025-04-01,"lillianes","Lillianes",0.000583467073305966
2025-05-01,"lillianes","Lillianes",0.00164165126806722
2025-06-01,"lillianes","Lillianes",0.00182399841998767
2025-07-01,"lillianes","Lillianes",0.00213949012359407
2025-08-01,"lillianes","Lillianes",0.00221100107651547
2025-09-01,"lillianes","Lillianes",0.00147448351317933
2025-10-01,"lillianes","Lillianes",0.000553077691168823
2025-11-01,"lillianes","Lillianes",0.000939114365242494
2025-12-01,"lillianes","Lillianes",0.000527789699315018
2026-01-01,"lillianes","Lillianes",0.000435172704211539
2026-02-01,"lillianes","Lillianes",0.000411251395046519
2026-03-01,"lillianes","Lillianes",0.000260517305401303
2026-04-01,"lillianes","Lillianes",0.000578015638811959
2026-05-01,"lillianes","Lillianes",0.00162949164031839
2026-06-01,"lillianes","Lillianes",0.00182289156861445
2026-07-01,"lillianes","Lillianes",0.00211597108714969
2026-08-01,"lillianes","Lillianes",0.00216289692098811
2026-09-01,"lillianes","Lillianes",0.0014948595131442
2025-01-01,"montjovet","Montjovet",0.00357041556414281
2025-02-01,"montjovet","Montjovet",0.00303842265561695
2025-03-01,"montjovet","Montjovet",0.00228941202094627
2025-04-01,"montjovet","Montjovet",0.00275533982032632
2025-05-01,"montjovet","Montjovet",0.0110899018158634
2025-06-01,"montjovet","Montjovet",0.00311664969571277
2025-07-01,"montjovet","Montjovet",0.0021226548430027
2025-08-01,"montjovet","Montjovet",0.00410273439531979
2025-09-01,"montjovet","Montjovet",0.00346122275147657
2025-10-01,"montjovet","Montjovet",0.00324419494397122
2025-11-01,"montjovet","Montjovet",0.00623425136743392
2025-12-01,"montjovet","Montjovet",0.00333125580363364
2026-01-01,"montjovet","Montjovet",0.00347211967149435
2026-02-01,"montjovet","Montjovet",0.00304447296418604
2026-03-01,"montjovet","Montjovet",0.0022827555256114
2026-04-01,"montjovet","Montjovet",0.00278599597581312
2026-05-01,"montjovet","Montjovet",0.0109897983679001
2026-06-01,"montjovet","Montjovet",0.0032196717587684
2026-07-01,"montjovet","Montjovet",0.00209010582170299
2026-08-01,"montjovet","Montjovet",0.0039529030159988
2026-09-01,"montjovet","Montjovet",0.0035194865378426
2025-01-01,"morgex","Morgex",0.00917242680455018
2025-02-01,"morgex","Morgex",0.00931287238804053
2025-03-01,"morgex","Morgex",0.0093615971474076
2025-04-01,"morgex","Morgex",0.00930330918361186
2025-05-01,"morgex","Morgex",0.0112226061399468
2025-06-01,"morgex","Morgex",0.00919340947506993
2025-07-01,"morgex","Morgex",0.00970994640933693
2025-08-01,"morgex","Morgex",0.0109981383737187
2025-09-01,"morgex","Morgex",0.0105774494716366
2025-10-01,"morgex","Morgex",0.0160947588653442
2025-11-01,"morgex","Morgex",0.0148771309116703
2025-12-01,"morgex","Morgex",0.00912102650739277
2026-01-01,"morgex","Morgex",0.00895829936691879
2026-02-01,"morgex","Morgex",0.00945938785633956
2026-03-01,"morgex","Morgex",0.00949886306927416
2026-04-01,"morgex","Morgex",0.0090841533448489
2026-05-01,"morgex","Morgex",0.0113628748669004
2026-06-01,"morgex","Morgex",0.00935352225801539
2026-07-01,"morgex","Morgex",0.00974265489042601
2026-08-01,"morgex","Morgex",0.0109151332148257
2026-09-01,"morgex","Morgex",0.0107686918026786
2025-01-01,"nus","Nus",0.0104813084823027
2025-02-01,"nus","Nus",0.00941210525134796
2025-03-01,"nus","Nus",0.0120258693181725
2025-04-01,"nus","Nus",0.0140803467860884
2025-05-01,"nus","Nus",0.0221578075694509
2025-06-01,"nus","Nus",0.00789396142128639
2025-07-01,"nus","Nus",0.00841882274772316
2025-08-01,"nus","Nus",0.00948700195732332
2025-09-01,"nus","Nus",0.00919168126180433
2025-10-01,"nus","Nus",0.0083673630710171
2025-11-01,"nus","Nus",0.0140269328221628
2025-12-01,"nus","Nus",0.00857138808325939
2026-01-01,"nus","Nus",0.0100541284284177
2026-02-01,"nus","Nus",0.00948342165057205
2026-03-01,"nus","Nus",0.012053013090776
2026-04-01,"nus","Nus",0.0132898165241718
2026-05-01,"nus","Nus",0.0224370953173559
2026-06-01,"nus","Nus",0.00820965450709094
2026-07-01,"nus","Nus",0.00845485615982348
2026-08-01,"nus","Nus",0.00931411834573815
2026-09-01,"nus","Nus",0.00927504950187102
2025-01-01,"ollomont","Ollomont",0.000246921949628613
2025-02-01,"ollomont","Ollomont",9.16366245246878e-05
2025-03-01,"ollomont","Ollomont",2.81283781943178e-05
2025-04-01,"ollomont","Ollomont",2.29398472858076e-05
2025-05-01,"ollomont","Ollomont",0.000257210692370383
2025-06-01,"ollomont","Ollomont",0.000412056683636718
2025-07-01,"ollomont","Ollomont",0.00133962396151625
2025-08-01,"ollomont","Ollomont",0.00158815085125591
2025-09-01,"ollomont","Ollomont",0.000613915343465939
2025-10-01,"ollomont","Ollomont",0.000223538326740134
2025-11-01,"ollomont","Ollomont",7.57359498519451e-05
2025-12-01,"ollomont","Ollomont",0.000347181098755442
2026-01-01,"ollomont","Ollomont",0.000251454229804976
2026-02-01,"ollomont","Ollomont",9.14877415475094e-05
2026-03-01,"ollomont","Ollomont",2.7946947134381e-05
2026-04-01,"ollomont","Ollomont",2.35749590483386e-05
2026-05-01,"ollomont","Ollomont",0.000244189788146255
2026-06-01,"ollomont","Ollomont",0.000383532084899537
2026-07-01,"ollomont","Ollomont",0.00135253581008531
2026-08-01,"ollomont","Ollomont",0.00153355222146964
2026-09-01,"ollomont","Ollomont",0.000593234136810434
2025-01-01,"oyace","Oyace",1.03034532012999e-09
2025-02-01,"oyace","Oyace",4.69203299318998e-05
2025-03-01,"oyace","Oyace",1.00666073120496e-09
2025-04-01,"oyace","Oyace",1.02792121189771e-09
2025-05-01,"oyace","Oyace",4.47291916939125e-05
2025-06-01,"oyace","Oyace",6.6167896215236e-05
2025-07-01,"oyace","Oyace",6.44543964836413e-05
2025-08-01,"oyace","Oyace",7.06229969829305e-05
2025-09-01,"oyace","Oyace",5.96385994524111e-05
2025-10-01,"oyace","Oyace",9.70379351000821e-10
2025-11-01,"oyace","Oyace",1.00970731317055e-09
2025-12-01,"oyace","Oyace",6.81936895183019e-05
2026-01-01,"oyace","Oyace",1.01170788801692e-09
2026-02-01,"oyace","Oyace",4.85290972554384e-05
2026-03-01,"oyace","Oyace",1.03091934915132e-09
2026-04-01,"oyace","Oyace",1.02556259565472e-09
2026-05-01,"oyace","Oyace",4.53612962607018e-05
2026-06-01,"oyace","Oyace",6.85189729752565e-05
2026-07-01,"oyace","Oyace",6.4519762795597e-05
2026-08-01,"oyace","Oyace",7.04482810922631e-05
2026-09-01,"oyace","Oyace",6.14414370350319e-05
2025-01-01,"perloz","Perloz",0.00040186007973529
2025-02-01,"perloz","Perloz",0.000336312141927889
2025-03-01,"perloz","Perloz",0.000610691218561423
2025-04-01,"perloz","Perloz",0.00100604624497129
2025-05-01,"perloz","Perloz",0.00149675522726071
2025-06-01,"perloz","Perloz",0.000538022939051065
2025-07-01,"perloz","Perloz",0.000707957579757948
2025-08-01,"perloz","Perloz",0.000664361362966304
2025-09-01,"perloz","Perloz",0.000787028508786756
2025-10-01,"perloz","Perloz",0.000828037246662508
2025-11-01,"perloz","Perloz",0.000453477013713646
2025-12-01,"perloz","Perloz",0.000654229075935634
2026-01-01,"perloz","Perloz",0.000394336831348222
2026-02-01,"perloz","Perloz",0.00035305992027205
2026-03-01,"perloz","Perloz",0.000619177527413439
2026-04-01,"perloz","Perloz",0.000957943635642097
2026-05-01,"perloz","Perloz",0.0015169382959568
2026-06-01,"perloz","Perloz",0.000555357017284137
2026-07-01,"perloz","Perloz",0.000697028870183739
2026-08-01,"perloz","Perloz",0.000634432529576154
2026-09-01,"perloz","Perloz",0.000794934730156609
2025-01-01,"pollein","Pollein",0.015607789930112
2025-02-01,"pollein","Pollein",0.0172266263662656
2025-03-01,"pollein","Pollein",0.0209997831711633
2025-04-01,"pollein","Pollein",0.0371703560208461
2025-05-01,"pollein","Pollein",0.0535219373704064
2025-06-01,"pollein","Pollein",0.0245568773131181
2025-07-01,"pollein","Pollein",0.0147423189138895
2025-08-01,"pollein","Pollein",0.0142028414452298
2025-09-01,"pollein","Pollein",0.029993226742819
2025-10-01,"pollein","Pollein",0.0508336419009065
2025-11-01,"pollein","Pollein",0.0351323610298882
2025-12-01,"pollein","Pollein",0.0228353969751883
2026-01-01,"pollein","Pollein",0.0148782924951479
2026-02-01,"pollein","Pollein",0.0176646759372852
2026-03-01,"pollein","Pollein",0.0212692734134223
2026-04-01,"pollein","Pollein",0.0349048796567282
2026-05-01,"pollein","Pollein",0.0542874593373233
2026-06-01,"pollein","Pollein",0.0255303916201035
2026-07-01,"pollein","Pollein",0.0147612452186925
2026-08-01,"pollein","Pollein",0.0137650363549546
2026-09-01,"pollein","Pollein",0.0307992509543214
2025-01-01,"pont saint martin","Pont-Saint-Martin",0.00336741968087745
2025-02-01,"pont saint martin","Pont-Saint-Martin",0.00314861766870495
2025-03-01,"pont saint martin","Pont-Saint-Martin",0.0037244773419177
2025-04-01,"pont saint martin","Pont-Saint-Martin",0.00632206993653636
2025-05-01,"pont saint martin","Pont-Saint-Martin",0.00895612170648744
2025-06-01,"pont saint martin","Pont-Saint-Martin",0.0055666594283457
2025-07-01,"pont saint martin","Pont-Saint-Martin",0.00356963761492238
2025-08-01,"pont saint martin","Pont-Saint-Martin",0.00386013201023034
2025-09-01,"pont saint martin","Pont-Saint-Martin",0.00713715067420802
2025-10-01,"pont saint martin","Pont-Saint-Martin",0.00721364871536558
2025-11-01,"pont saint martin","Pont-Saint-Martin",0.00554373810274206
2025-12-01,"pont saint martin","Pont-Saint-Martin",0.00347636577760339
2026-01-01,"pont saint martin","Pont-Saint-Martin",0.00328064583666222
2026-02-01,"pont saint martin","Pont-Saint-Martin",0.00329179451759869
2026-03-01,"pont saint martin","Pont-Saint-Martin",0.00377589166298822
2026-04-01,"pont saint martin","Pont-Saint-Martin",0.00612522099595108
2026-05-01,"pont saint martin","Pont-Saint-Martin",0.00899513547534229
2026-06-01,"pont saint martin","Pont-Saint-Martin",0.00571081343918155
2026-07-01,"pont saint martin","Pont-Saint-Martin",0.00352886017242552
2026-08-01,"pont saint martin","Pont-Saint-Martin",0.00371184975633177
2026-09-01,"pont saint martin","Pont-Saint-Martin",0.00740888877041115
2025-01-01,"pontboset","Pontboset",0.000925712470053206
2025-02-01,"pontboset","Pontboset",0.000740484589394683
2025-03-01,"pontboset","Pontboset",0.000819181652065186
2025-04-01,"pontboset","Pontboset",0.00119285938101946
2025-05-01,"pontboset","Pontboset",0.00246455907217904
2025-06-01,"pontboset","Pontboset",0.001722163786434
2025-07-01,"pontboset","Pontboset",0.00188805575495212
2025-08-01,"pontboset","Pontboset",0.00196935754831254
2025-09-01,"pontboset","Pontboset",0.00145035996525871
2025-10-01,"pontboset","Pontboset",0.00278401985492848
2025-11-01,"pontboset","Pontboset",0.000971099101351439
2025-12-01,"pontboset","Pontboset",0.0011369980150134
2026-01-01,"pontboset","Pontboset",0.000920861825244708
2026-02-01,"pontboset","Pontboset",0.000782240514238313
2026-03-01,"pontboset","Pontboset",0.00084070219579358
2026-04-01,"pontboset","Pontboset",0.00111960225069664
2026-05-01,"pontboset","Pontboset",0.00247774394747816
2026-06-01,"pontboset","Pontboset",0.00173955462864784
2026-07-01,"pontboset","Pontboset",0.00186100351712786
2026-08-01,"pontboset","Pontboset",0.00192794844192642
2026-09-01,"pontboset","Pontboset",0.00146925898012231
2025-01-01,"pontey","Pontey",0.00053899391607539
2025-02-01,"pontey","Pontey",0.000566087786711535
2025-03-01,"pontey","Pontey",0.000510183554613121
2025-04-01,"pontey","Pontey",0.000447555273797049
2025-05-01,"pontey","Pontey",0.000860599726945274
2025-06-01,"pontey","Pontey",0.000541734511095854
2025-07-01,"pontey","Pontey",0.000521965146568321
2025-08-01,"pontey","Pontey",0.00136515991819082
2025-09-01,"pontey","Pontey",0.00030494957324151
2025-10-01,"pontey","Pontey",0.000665012786390669
2025-11-01,"pontey","Pontey",0.000678434776344904
2025-12-01,"pontey","Pontey",0.000960093418185726
2026-01-01,"pontey","Pontey",0.000517998541368552
2026-02-01,"pontey","Pontey",0.000557903688058539
2026-03-01,"pontey","Pontey",0.000500115006797945
2026-04-01,"pontey","Pontey",0.0004327036431509
2026-05-01,"pontey","Pontey",0.000860998996628265
2026-06-01,"pontey","Pontey",0.000562685396709399
2026-07-01,"pontey","Pontey",0.000518375801458626
2026-08-01,"pontey","Pontey",0.00130001414076615
2026-09-01,"pontey","Pontey",0.000303111526296902
2025-01-01,"pre saint didier","Pré-Saint-Didier",0.0531129845845131
2025-02-01,"pre saint didier","Pré-Saint-Didier",0.0470539450123765
2025-03-01,"pre saint didier","Pré-Saint-Didier",0.0472766819556915
2025-04-01,"pre saint didier","Pré-Saint-Didier",0.0552991125132346
2025-05-01,"pre saint didier","Pré-Saint-Didier",0.044870407711562
2025-06-01,"pre saint didier","Pré-Saint-Didier",0.0268274297564926
2025-07-01,"pre saint didier","Pré-Saint-Didier",0.0210215876803769
2025-08-01,"pre saint didier","Pré-Saint-Didier",0.0196016737598686
2025-09-01,"pre saint didier","Pré-Saint-Didier",0.0333635868481373
2025-10-01,"pre saint didier","Pré-Saint-Didier",0.0645458982493913
2025-11-01,"pre saint didier","Pré-Saint-Didier",0.0739269725825766
2025-12-01,"pre saint didier","Pré-Saint-Didier",0.0447229003021819
2026-01-01,"pre saint didier","Pré-Saint-Didier",0.0519181740252909
2026-02-01,"pre saint didier","Pré-Saint-Didier",0.0475464573306586
2026-03-01,"pre saint didier","Pré-Saint-Didier",0.0478201614076477
2026-04-01,"pre saint didier","Pré-Saint-Didier",0.0546261865846673
2026-05-01,"pre saint didier","Pré-Saint-Didier",0.0455130225322681
2026-06-01,"pre saint didier","Pré-Saint-Didier",0.0276199133034371
2026-07-01,"pre saint didier","Pré-Saint-Didier",0.0209088799696629
2026-08-01,"pre saint didier","Pré-Saint-Didier",0.0194413586357061
2026-09-01,"pre saint didier","Pré-Saint-Didier",0.0340544267981494
2025-01-01,"quart","Quart",0.00529152777848886
2025-02-01,"quart","Quart",0.00498070746771738
2025-03-01,"quart","Quart",0.00458403571506539
2025-04-01,"quart","Quart",0.006093391293871
2025-05-01,"quart","Quart",0.0107836192403187
2025-06-01,"quart","Quart",0.00508376552528604
2025-07-01,"quart","Quart",0.00476535272056027
2025-08-01,"quart","Quart",0.00476426499075777
2025-09-01,"quart","Quart",0.00619873605505618
2025-10-01,"quart","Quart",0.0115570393972039
2025-11-01,"quart","Quart",0.0111964230909032
2025-12-01,"quart","Quart",0.00615802188732039
2026-01-01,"quart","Quart",0.00509966775378694
2026-02-01,"quart","Quart",0.00496634439838679
2026-03-01,"quart","Quart",0.00459295260133327
2026-04-01,"quart","Quart",0.00589786906039868
2026-05-01,"quart","Quart",0.0108061021991452
2026-06-01,"quart","Quart",0.00523471620667585
2026-07-01,"quart","Quart",0.00474181869574899
2026-08-01,"quart","Quart",0.00462742304655796
2026-09-01,"quart","Quart",0.00627837670497961
2025-01-01,"rhemes notre dame","Rhêmes-Notre-Dame",0.0103524957304511
2025-02-01,"rhemes notre dame","Rhêmes-Notre-Dame",0.0111381119974562
2025-03-01,"rhemes notre dame","Rhêmes-Notre-Dame",0.0102881499640887
2025-04-01,"rhemes notre dame","Rhêmes-Notre-Dame",0.0028016637036189
2025-05-01,"rhemes notre dame","Rhêmes-Notre-Dame",0.00366169568577465
2025-06-01,"rhemes notre dame","Rhêmes-Notre-Dame",0.00441237732964838
2025-07-01,"rhemes notre dame","Rhêmes-Notre-Dame",0.00413041996146277
2025-08-01,"rhemes notre dame","Rhêmes-Notre-Dame",0.00443556741188757
2025-09-01,"rhemes notre dame","Rhêmes-Notre-Dame",0.0049102161439706
2025-10-01,"rhemes notre dame","Rhêmes-Notre-Dame",0.000716039205551841
2025-11-01,"rhemes notre dame","Rhêmes-Notre-Dame",0.00314896975405174
2025-12-01,"rhemes notre dame","Rhêmes-Notre-Dame",0.0083850002248089
2026-01-01,"rhemes notre dame","Rhêmes-Notre-Dame",0.0104875495418294
2026-02-01,"rhemes notre dame","Rhêmes-Notre-Dame",0.0112437305108573
2026-03-01,"rhemes notre dame","Rhêmes-Notre-Dame",0.0104121983691758
2026-04-01,"rhemes notre dame","Rhêmes-Notre-Dame",0.00304277817349826
2026-05-01,"rhemes notre dame","Rhêmes-Notre-Dame",0.0037064469299662
2026-06-01,"rhemes notre dame","Rhêmes-Notre-Dame",0.00435171551026352
2026-07-01,"rhemes notre dame","Rhêmes-Notre-Dame",0.00410763693800308
2026-08-01,"rhemes notre dame","Rhêmes-Notre-Dame",0.00455647904385142
2026-09-01,"rhemes notre dame","Rhêmes-Notre-Dame",0.00486081712623165
2025-01-01,"rhemes saint georges","Rhêmes-Saint-Georges",0.000852994829232423
2025-02-01,"rhemes saint georges","Rhêmes-Saint-Georges",0.00123300516403862
2025-03-01,"rhemes saint georges","Rhêmes-Saint-Georges",0.000473914881941283
2025-04-01,"rhemes saint georges","Rhêmes-Saint-Georges",0.000234119684123378
2025-05-01,"rhemes saint georges","Rhêmes-Saint-Georges",0.00249275069242241
2025-06-01,"rhemes saint georges","Rhêmes-Saint-Georges",0.00472854555864317
2025-07-01,"rhemes saint georges","Rhêmes-Saint-Georges",0.00689008977006091
2025-08-01,"rhemes saint georges","Rhêmes-Saint-Georges",0.00756403546305632
2025-09-01,"rhemes saint georges","Rhêmes-Saint-Georges",0.000536378138040593
2025-10-01,"rhemes saint georges","Rhêmes-Saint-Georges",0.000156618339709026
2025-11-01,"rhemes saint georges","Rhêmes-Saint-Georges",0.00104596609274082
2025-12-01,"rhemes saint georges","Rhêmes-Saint-Georges",0.00152773511285743
2026-01-01,"rhemes saint georges","Rhêmes-Saint-Georges",0.000881288819261548
2026-02-01,"rhemes saint georges","Rhêmes-Saint-Georges",0.00124701802293582
2026-03-01,"rhemes saint georges","Rhêmes-Saint-Georges",0.000486978488314364
2026-04-01,"rhemes saint georges","Rhêmes-Saint-Georges",0.000249345138051682
2026-05-01,"rhemes saint georges","Rhêmes-Saint-Georges",0.00247664007399777
2026-06-01,"rhemes saint georges","Rhêmes-Saint-Georges",0.00447839048366708
2026-07-01,"rhemes saint georges","Rhêmes-Saint-Georges",0.00698917068362781
2026-08-01,"rhemes saint georges","Rhêmes-Saint-Georges",0.00778961030876215
2026-09-01,"rhemes saint georges","Rhêmes-Saint-Georges",0.000539116483950687
2025-01-01,"roisan","Roisan",0.000698812340863569
2025-02-01,"roisan","Roisan",0.000827798871842415
2025-03-01,"roisan","Roisan",0.00055823952149463
2025-04-01,"roisan","Roisan",0.00120585039893266
2025-05-01,"roisan","Roisan",0.00131900188465183
2025-06-01,"roisan","Roisan",0.00120363982400575
2025-07-01,"roisan","Roisan",0.000822625914618375
2025-08-01,"roisan","Roisan",0.00122429656047188
2025-09-01,"roisan","Roisan",0.00137833206430845
2025-10-01,"roisan","Roisan",0.00176666088990894
2025-11-01,"roisan","Roisan",0.00113327463952401
2025-12-01,"roisan","Roisan",0.00128437069972616
2026-01-01,"roisan","Roisan",0.000656827239660425
2026-02-01,"roisan","Roisan",0.000830326862715901
2026-03-01,"roisan","Roisan",0.000553613537849314
2026-04-01,"roisan","Roisan",0.00111745210256933
2026-05-01,"roisan","Roisan",0.00131418759522141
2026-06-01,"roisan","Roisan",0.00122504468404008
2026-07-01,"roisan","Roisan",0.000833554266342863
2026-08-01,"roisan","Roisan",0.00116126089695726
2026-09-01,"roisan","Roisan",0.00141815903277815
2025-01-01,"saint christophe","Saint-Christophe",0.00490759983100429
2025-02-01,"saint christophe","Saint-Christophe",0.00532079327803747
2025-03-01,"saint christophe","Saint-Christophe",0.00415540855474901
2025-04-01,"saint christophe","Saint-Christophe",0.00854370776542632
2025-05-01,"saint christophe","Saint-Christophe",0.0125401508201492
2025-06-01,"saint christophe","Saint-Christophe",0.00465986569177972
2025-07-01,"saint christophe","Saint-Christophe",0.0037906606710379
2025-08-01,"saint christophe","Saint-Christophe",0.00447131287985498
2025-09-01,"saint christophe","Saint-Christophe",0.00582041708488252
2025-10-01,"saint christophe","Saint-Christophe",0.00892454885818346
2025-11-01,"saint christophe","Saint-Christophe",0.0110571756508043
2025-12-01,"saint christophe","Saint-Christophe",0.00563254524320838
2026-01-01,"saint christophe","Saint-Christophe",0.00467021460982434
2026-02-01,"saint christophe","Saint-Christophe",0.00542824644262425
2026-03-01,"saint christophe","Saint-Christophe",0.00418590504453655
2026-04-01,"saint christophe","Saint-Christophe",0.00803900013542953
2026-05-01,"saint christophe","Saint-Christophe",0.0126415465800839
2026-06-01,"saint christophe","Saint-Christophe",0.00487020731278191
2026-07-01,"saint christophe","Saint-Christophe",0.00378565840126781
2026-08-01,"saint christophe","Saint-Christophe",0.00426408004383442
2026-09-01,"saint christophe","Saint-Christophe",0.00598655369819035
2025-01-01,"saint denis","Saint-Denis",0.000245281858424749
2025-02-01,"saint denis","Saint-Denis",0.000443959782072543
2025-03-01,"saint denis","Saint-Denis",0.000266954679251205
2025-04-01,"saint denis","Saint-Denis",0.00033818372133391
2025-05-01,"saint denis","Saint-Denis",0.000124301664475513
2025-06-01,"saint denis","Saint-Denis",0.000251825959470254
2025-07-01,"saint denis","Saint-Denis",0.000384018636595007
2025-08-01,"saint denis","Saint-Denis",0.000332813692917954
2025-09-01,"saint denis","Saint-Denis",6.21185554997509e-05
2025-10-01,"saint denis","Saint-Denis",0.000142176598906049
2025-11-01,"saint denis","Saint-Denis",0.000314060864269413
2025-12-01,"saint denis","Saint-Denis",0.000390345126179085
2026-01-01,"saint denis","Saint-Denis",0.000230862549251743
2026-02-01,"saint denis","Saint-Denis",0.000460683975969666
2026-03-01,"saint denis","Saint-Denis",0.000264467572715734
2026-04-01,"saint denis","Saint-Denis",0.000311417027042979
2026-05-01,"saint denis","Saint-Denis",0.000125274186131463
2026-06-01,"saint denis","Saint-Denis",0.000261006417821932
2026-07-01,"saint denis","Saint-Denis",0.000386342333274284
2026-08-01,"saint denis","Saint-Denis",0.000309478730809318
2026-09-01,"saint denis","Saint-Denis",6.43229687917929e-05
2025-01-01,"saint marcel","Saint-Marcel",0.000706833039758826
2025-02-01,"saint marcel","Saint-Marcel",0.00065855701074457
2025-03-01,"saint marcel","Saint-Marcel",0.000517238796770681
2025-04-01,"saint marcel","Saint-Marcel",0.00092737462004855
2025-05-01,"saint marcel","Saint-Marcel",0.00153063598066802
2025-06-01,"saint marcel","Saint-Marcel",0.000790882296068001
2025-07-01,"saint marcel","Saint-Marcel",0.000659998128100202
2025-08-01,"saint marcel","Saint-Marcel",0.00103829196519916
2025-09-01,"saint marcel","Saint-Marcel",0.000590740055169186
2025-10-01,"saint marcel","Saint-Marcel",0.00121452992153921
2025-11-01,"saint marcel","Saint-Marcel",0.000924449666319435
2025-12-01,"saint marcel","Saint-Marcel",0.000899811101589905
2026-01-01,"saint marcel","Saint-Marcel",0.000676659633797927
2026-02-01,"saint marcel","Saint-Marcel",0.000681526609486083
2026-03-01,"saint marcel","Saint-Marcel",0.000527494090045537
2026-04-01,"saint marcel","Saint-Marcel",0.000855770619467836
2026-05-01,"saint marcel","Saint-Marcel",0.00156253104855497
2026-06-01,"saint marcel","Saint-Marcel",0.000815473485499111
2026-07-01,"saint marcel","Saint-Marcel",0.000668349844479268
2026-08-01,"saint marcel","Saint-Marcel",0.00102223332580346
2026-09-01,"saint marcel","Saint-Marcel",0.00060583259814136
2025-01-01,"saint nicolas","Saint-Nicolas",0.00321617693160761
2025-02-01,"saint nicolas","Saint-Nicolas",0.00363072270909922
2025-03-01,"saint nicolas","Saint-Nicolas",0.00291411979993752
2025-04-01,"saint nicolas","Saint-Nicolas",0.00357561249301689
2025-05-01,"saint nicolas","Saint-Nicolas",0.00256814008761436
2025-06-01,"saint nicolas","Saint-Nicolas",0.00251572908469344
2025-07-01,"saint nicolas","Saint-Nicolas",0.00139822395972253
2025-08-01,"saint nicolas","Saint-Nicolas",0.00148747662833799
2025-09-01,"saint nicolas","Saint-Nicolas",0.00232870980712178
2025-10-01,"saint nicolas","Saint-Nicolas",0.00501181464516481
2025-11-01,"saint nicolas","Saint-Nicolas",0.00453426450770714
2025-12-01,"saint nicolas","Saint-Nicolas",0.00383137320562107
2026-01-01,"saint nicolas","Saint-Nicolas",0.00324763863032807
2026-02-01,"saint nicolas","Saint-Nicolas",0.00357195012228192
2026-03-01,"saint nicolas","Saint-Nicolas",0.002942139470589
2026-04-01,"saint nicolas","Saint-Nicolas",0.00363099930954923
2026-05-01,"saint nicolas","Saint-Nicolas",0.00258449100156063
2026-06-01,"saint nicolas","Saint-Nicolas",0.00254868526525998
2026-07-01,"saint nicolas","Saint-Nicolas",0.00139255422317064
2026-08-01,"saint nicolas","Saint-Nicolas",0.00149816018768032
2026-09-01,"saint nicolas","Saint-Nicolas",0.00240027989557975
2025-01-01,"saint oyen","Saint-Oyen",0.00217858671184984
2025-02-01,"saint oyen","Saint-Oyen",0.00134571077044383
2025-03-01,"saint oyen","Saint-Oyen",0.00239848580248607
2025-04-01,"saint oyen","Saint-Oyen",0.00253803249091791
2025-05-01,"saint oyen","Saint-Oyen",0.00304533100957453
2025-06-01,"saint oyen","Saint-Oyen",0.00211602749691683
2025-07-01,"saint oyen","Saint-Oyen",0.00323521876438925
2025-08-01,"saint oyen","Saint-Oyen",0.00415173722825958
2025-09-01,"saint oyen","Saint-Oyen",0.00199759339655716
2025-10-01,"saint oyen","Saint-Oyen",0.0018692645107229
2025-11-01,"saint oyen","Saint-Oyen",0.000845179556754576
2025-12-01,"saint oyen","Saint-Oyen",0.00171885183041109
2026-01-01,"saint oyen","Saint-Oyen",0.00221641941540345
2026-02-01,"saint oyen","Saint-Oyen",0.00133437127418755
2026-03-01,"saint oyen","Saint-Oyen",0.00240715275972238
2026-04-01,"saint oyen","Saint-Oyen",0.00262185978677457
2026-05-01,"saint oyen","Saint-Oyen",0.00302121550006591
2026-06-01,"saint oyen","Saint-Oyen",0.00206063836555105
2026-07-01,"saint oyen","Saint-Oyen",0.00322029264687055
2026-08-01,"saint oyen","Saint-Oyen",0.00417577954140472
2026-09-01,"saint oyen","Saint-Oyen",0.00201442534539636
2025-01-01,"saint pierre","Saint-Pierre",0.00757724539743582
2025-02-01,"saint pierre","Saint-Pierre",0.00535205766058565
2025-03-01,"saint pierre","Saint-Pierre",0.00585373343704627
2025-04-01,"saint pierre","Saint-Pierre",0.00812619036200592
2025-05-01,"saint pierre","Saint-Pierre",0.0105289472371886
2025-06-01,"saint pierre","Saint-Pierre",0.00691374755532094
2025-07-01,"saint pierre","Saint-Pierre",0.00527347289691991
2025-08-01,"saint pierre","Saint-Pierre",0.00518665819295289
2025-09-01,"saint pierre","Saint-Pierre",0.0057269423970264
2025-10-01,"saint pierre","Saint-Pierre",0.0168604427781179
2025-11-01,"saint pierre","Saint-Pierre",0.0128992755292772
2025-12-01,"saint pierre","Saint-Pierre",0.0085014323955684
2026-01-01,"saint pierre","Saint-Pierre",0.00732632606282659
2026-02-01,"saint pierre","Saint-Pierre",0.00529668868858171
2026-03-01,"saint pierre","Saint-Pierre",0.00591900817434626
2026-04-01,"saint pierre","Saint-Pierre",0.00769338912600594
2026-05-01,"saint pierre","Saint-Pierre",0.01073808652805
2026-06-01,"saint pierre","Saint-Pierre",0.00712352464193358
2026-07-01,"saint pierre","Saint-Pierre",0.00529204369232764
2026-08-01,"saint pierre","Saint-Pierre",0.00513949661760031
2026-09-01,"saint pierre","Saint-Pierre",0.0058731081294028
2025-01-01,"saint rhemy en bosses","Saint-Rhémy-en-Bosses",0.00352599887732802
2025-02-01,"saint rhemy en bosses","Saint-Rhémy-en-Bosses",0.00354958459280719
2025-03-01,"saint rhemy en bosses","Saint-Rhémy-en-Bosses",0.00243139881800915
2025-04-01,"saint rhemy en bosses","Saint-Rhémy-en-Bosses",0.00172393756901268
2025-05-01,"saint rhemy en bosses","Saint-Rhémy-en-Bosses",0.00101792898881616
2025-06-01,"saint rhemy en bosses","Saint-Rhémy-en-Bosses",0.00339833739000688
2025-07-01,"saint rhemy en bosses","Saint-Rhémy-en-Bosses",0.00629973889641345
2025-08-01,"saint rhemy en bosses","Saint-Rhémy-en-Bosses",0.00766241313316184
2025-09-01,"saint rhemy en bosses","Saint-Rhémy-en-Bosses",0.00614924897855933
2025-10-01,"saint rhemy en bosses","Saint-Rhémy-en-Bosses",0.00101775322032843
2025-11-01,"saint rhemy en bosses","Saint-Rhémy-en-Bosses",0.00133161143751059
2025-12-01,"saint rhemy en bosses","Saint-Rhémy-en-Bosses",0.00303186183135646
2026-01-01,"saint rhemy en bosses","Saint-Rhémy-en-Bosses",0.00366000261035398
2026-02-01,"saint rhemy en bosses","Saint-Rhémy-en-Bosses",0.00363639507508911
2026-03-01,"saint rhemy en bosses","Saint-Rhémy-en-Bosses",0.00244953777485092
2026-04-01,"saint rhemy en bosses","Saint-Rhémy-en-Bosses",0.00186429189935963
2026-05-01,"saint rhemy en bosses","Saint-Rhémy-en-Bosses",0.000991993065019835
2026-06-01,"saint rhemy en bosses","Saint-Rhémy-en-Bosses",0.00327820594089883
2026-07-01,"saint rhemy en bosses","Saint-Rhémy-en-Bosses",0.00632941614815667
2026-08-01,"saint rhemy en bosses","Saint-Rhémy-en-Bosses",0.00757448198177052
2026-09-01,"saint rhemy en bosses","Saint-Rhémy-en-Bosses",0.00622436067095882
2025-01-01,"saint vincent","Saint-Vincent",0.0476081746235086
2025-02-01,"saint vincent","Saint-Vincent",0.0476793388998978
2025-03-01,"saint vincent","Saint-Vincent",0.0497941721636367
2025-04-01,"saint vincent","Saint-Vincent",0.0656769121216944
2025-05-01,"saint vincent","Saint-Vincent",0.105179715532347
2025-06-01,"saint vincent","Saint-Vincent",0.0396912930440365
2025-07-01,"saint vincent","Saint-Vincent",0.0291626778834705
2025-08-01,"saint vincent","Saint-Vincent",0.0317284194152958
2025-09-01,"saint vincent","Saint-Vincent",0.0532264151427082
2025-10-01,"saint vincent","Saint-Vincent",0.0996641143093474
2025-11-01,"saint vincent","Saint-Vincent",0.124940168107515
2025-12-01,"saint vincent","Saint-Vincent",0.0518638214661696
2026-01-01,"saint vincent","Saint-Vincent",0.0445634599420121
2026-02-01,"saint vincent","Saint-Vincent",0.0450511389423598
2026-03-01,"saint vincent","Saint-Vincent",0.047599803878082
2026-04-01,"saint vincent","Saint-Vincent",0.0630827590226677
2026-05-01,"saint vincent","Saint-Vincent",0.104317997835521
2026-06-01,"saint vincent","Saint-Vincent",0.0415628856425072
2026-07-01,"saint vincent","Saint-Vincent",0.0288232768871557
2026-08-01,"saint vincent","Saint-Vincent",0.0297456764275566
2026-09-01,"saint vincent","Saint-Vincent",0.0510959603129829
2025-01-01,"sarre","Sarre",0.00746830765450726
2025-02-01,"sarre","Sarre",0.0088142426654625
2025-03-01,"sarre","Sarre",0.00550124050531375
2025-04-01,"sarre","Sarre",0.00965453973415006
2025-05-01,"sarre","Sarre",0.0258527868913209
2025-06-01,"sarre","Sarre",0.0248967198456292
2025-07-01,"sarre","Sarre",0.0256593447031233
2025-08-01,"sarre","Sarre",0.0300506704558416
2025-09-01,"sarre","Sarre",0.0240078717409691
2025-10-01,"sarre","Sarre",0.0107053569934769
2025-11-01,"sarre","Sarre",0.0133809806199927
2025-12-01,"sarre","Sarre",0.00956265811148511
2026-01-01,"sarre","Sarre",0.00730473222756824
2026-02-01,"sarre","Sarre",0.00890719483429725
2026-03-01,"sarre","Sarre",0.00559480997693463
2026-04-01,"sarre","Sarre",0.00922548860247548
2026-05-01,"sarre","Sarre",0.0262116326244305
2026-06-01,"sarre","Sarre",0.0251757977796419
2026-07-01,"sarre","Sarre",0.0259767864707332
2026-08-01,"sarre","Sarre",0.0301960202660826
2026-09-01,"sarre","Sarre",0.02444951544443
2025-01-01,"torgnon","Torgnon",0.0192847486663296
2025-02-01,"torgnon","Torgnon",0.0174430273033919
2025-03-01,"torgnon","Torgnon",0.0150411151518243
2025-04-01,"torgnon","Torgnon",0.00375749119340328
2025-05-01,"torgnon","Torgnon",0.00408588196080931
2025-06-01,"torgnon","Torgnon",0.00791889977955049
2025-07-01,"torgnon","Torgnon",0.00911499316737381
2025-08-01,"torgnon","Torgnon",0.00831248700519301
2025-09-01,"torgnon","Torgnon",0.00379029266592885
2025-10-01,"torgnon","Torgnon",0.00400372233650305
2025-11-01,"torgnon","Torgnon",0.00476311483268685
2025-12-01,"torgnon","Torgnon",0.0123403173872476
2026-01-01,"torgnon","Torgnon",0.019681560739344
2026-02-01,"torgnon","Torgnon",0.0166867228666178
2026-03-01,"torgnon","Torgnon",0.0149392842091469
2026-04-01,"torgnon","Torgnon",0.00398502739237714
2026-05-01,"torgnon","Torgnon",0.00401827058319718
2026-06-01,"torgnon","Torgnon",0.00787391167382139
2026-07-01,"torgnon","Torgnon",0.00905850378100711
2026-08-01,"torgnon","Torgnon",0.0086711635437659
2026-09-01,"torgnon","Torgnon",0.00363823408143888
2025-01-01,"valgrisenche","Valgrisenche",0.00336029220669588
2025-02-01,"valgrisenche","Valgrisenche",0.0039431310494428
2025-03-01,"valgrisenche","Valgrisenche",0.00454079332504374
2025-04-01,"valgrisenche","Valgrisenche",0.00249282038130644
2025-05-01,"valgrisenche","Valgrisenche",0.00161412869240032
2025-06-01,"valgrisenche","Valgrisenche",0.00417314122752042
2025-07-01,"valgrisenche","Valgrisenche",0.0134506361495037
2025-08-01,"valgrisenche","Valgrisenche",0.0141179433022718
2025-09-01,"valgrisenche","Valgrisenche",0.0071185529793012
2025-10-01,"valgrisenche","Valgrisenche",0.00211453481581054
2025-11-01,"valgrisenche","Valgrisenche",0.00204198071100316
2025-12-01,"valgrisenche","Valgrisenche",0.00228421666840669
2026-01-01,"valgrisenche","Valgrisenche",0.00329678210891884
2026-02-01,"valgrisenche","Valgrisenche",0.00399068229720028
2026-03-01,"valgrisenche","Valgrisenche",0.00461583602570226
2026-04-01,"valgrisenche","Valgrisenche",0.00247051853239913
2026-05-01,"valgrisenche","Valgrisenche",0.00161066069143121
2026-06-01,"valgrisenche","Valgrisenche",0.00407080789690363
2026-07-01,"valgrisenche","Valgrisenche",0.0136644555164326
2026-08-01,"valgrisenche","Valgrisenche",0.0142419835664295
2026-09-01,"valgrisenche","Valgrisenche",0.00711456439347139
2025-01-01,"valpelline","Valpelline",0.000933217938064973
2025-02-01,"valpelline","Valpelline",0.00214138521470009
2025-03-01,"valpelline","Valpelline",0.000924250602561934
2025-04-01,"valpelline","Valpelline",0.00130365399273258
2025-05-01,"valpelline","Valpelline",0.00375044768760535
2025-06-01,"valpelline","Valpelline",0.00334408308542195
2025-07-01,"valpelline","Valpelline",0.00624501306008236
2025-08-01,"valpelline","Valpelline",0.00635865052299525
2025-09-01,"valpelline","Valpelline",0.00330536125909125
2025-10-01,"valpelline","Valpelline",0.00211819788621803
2025-11-01,"valpelline","Valpelline",0.00500650810803767
2025-12-01,"valpelline","Valpelline",0.00193319458052196
2026-01-01,"valpelline","Valpelline",0.000922115425851128
2026-02-01,"valpelline","Valpelline",0.00204891618686244
2026-03-01,"valpelline","Valpelline",0.000914011970648414
2026-04-01,"valpelline","Valpelline",0.00127737895035852
2026-05-01,"valpelline","Valpelline",0.00372636444105497
2026-06-01,"valpelline","Valpelline",0.0032839575844362
2026-07-01,"valpelline","Valpelline",0.00626303962364427
2026-08-01,"valpelline","Valpelline",0.00638341097540082
2026-09-01,"valpelline","Valpelline",0.00320771197917753
2025-01-01,"valsavarenche","Valsavarenche",0.000890997429290515
2025-02-01,"valsavarenche","Valsavarenche",0.00117356500299723
2025-03-01,"valsavarenche","Valsavarenche",0.0030837018869247
2025-04-01,"valsavarenche","Valsavarenche",0.0210688629227123
2025-05-01,"valsavarenche","Valsavarenche",0.0167838496371622
2025-06-01,"valsavarenche","Valsavarenche",0.0353915237865889
2025-07-01,"valsavarenche","Valsavarenche",0.0337335768723434
2025-08-01,"valsavarenche","Valsavarenche",0.035937818842853
2025-09-01,"valsavarenche","Valsavarenche",0.0200138949708148
2025-10-01,"valsavarenche","Valsavarenche",0.0020628269093961
2025-11-01,"valsavarenche","Valsavarenche",0.00152225739075022
2025-12-01,"valsavarenche","Valsavarenche",0.00115659777215286
2026-01-01,"valsavarenche","Valsavarenche",0.000842784194500048
2026-02-01,"valsavarenche","Valsavarenche",0.00119491354441531
2026-03-01,"valsavarenche","Valsavarenche",0.00319568559391135
2026-04-01,"valsavarenche","Valsavarenche",0.0183666729583912
2026-05-01,"valsavarenche","Valsavarenche",0.016891219067992
2026-06-01,"valsavarenche","Valsavarenche",0.0343873093474409
2026-07-01,"valsavarenche","Valsavarenche",0.0354710391825431
2026-08-01,"valsavarenche","Valsavarenche",0.0367675589650643
2026-09-01,"valsavarenche","Valsavarenche",0.0193128432408249
2025-01-01,"valtournenche","Valtournenche",0.151304745659939
2025-02-01,"valtournenche","Valtournenche",0.152342922850064
2025-03-01,"valtournenche","Valtournenche",0.188550899783826
2025-04-01,"valtournenche","Valtournenche",0.214962288261574
2025-05-01,"valtournenche","Valtournenche",0.0420165525034684
2025-06-01,"valtournenche","Valtournenche",0.0401084762764757
2025-07-01,"valtournenche","Valtournenche",0.0657673800870431
2025-08-01,"valtournenche","Valtournenche",0.0709000861138716
2025-09-01,"valtournenche","Valtournenche",0.0337768801075781
2025-10-01,"valtournenche","Valtournenche",0.0319143424092038
2025-11-01,"valtournenche","Valtournenche",0.146597997587201
2025-12-01,"valtournenche","Valtournenche",0.172237292192357
2026-01-01,"valtournenche","Valtournenche",0.153320045001505
2026-02-01,"valtournenche","Valtournenche",0.150713266813551
2026-03-01,"valtournenche","Valtournenche",0.189005875426895
2026-04-01,"valtournenche","Valtournenche",0.226661850793669
2026-05-01,"valtournenche","Valtournenche",0.0417533731615153
2026-06-01,"valtournenche","Valtournenche",0.0401901606646582
2026-07-01,"valtournenche","Valtournenche",0.0656668670302749
2026-08-01,"valtournenche","Valtournenche",0.0733802486588156
2026-09-01,"valtournenche","Valtournenche",0.0323939245742494
2025-01-01,"verrayes","Verrayes",0.00350872076172885
2025-02-01,"verrayes","Verrayes",0.00245693474238375
2025-03-01,"verrayes","Verrayes",0.0022329078369652
2025-04-01,"verrayes","Verrayes",0.00249331329891576
2025-05-01,"verrayes","Verrayes",0.00468015684420674
2025-06-01,"verrayes","Verrayes",0.00299311909267698
2025-07-01,"verrayes","Verrayes",0.00252073805078638
2025-08-01,"verrayes","Verrayes",0.00272775075056352
2025-09-01,"verrayes","Verrayes",0.00244769547092573
2025-10-01,"verrayes","Verrayes",0.00523219658253885
2025-11-01,"verrayes","Verrayes",0.007168597537793
2025-12-01,"verrayes","Verrayes",0.00278587156095472
2026-01-01,"verrayes","Verrayes",0.00338755753979733
2026-02-01,"verrayes","Verrayes",0.00231873600425667
2026-03-01,"verrayes","Verrayes",0.0021631401731605
2026-04-01,"verrayes","Verrayes",0.00239083319178983
2026-05-01,"verrayes","Verrayes",0.00466900543616587
2026-06-01,"verrayes","Verrayes",0.00315513633677695
2026-07-01,"verrayes","Verrayes",0.00249984331990526
2026-08-01,"verrayes","Verrayes",0.00263441463103834
2026-09-01,"verrayes","Verrayes",0.00240864871766938
2025-01-01,"verres","Verrès",0.000736655359158655
2025-02-01,"verres","Verrès",0.00117309876302501
2025-03-01,"verres","Verrès",0.000780054301310126
2025-04-01,"verres","Verrès",0.00204278339986048
2025-05-01,"verres","Verrès",0.00287094725224237
2025-06-01,"verres","Verrès",0.00149525009451109
2025-07-01,"verres","Verrès",0.0012583505899983
2025-08-01,"verres","Verrès",0.00134147584441171
2025-09-01,"verres","Verrès",0.00217080669915427
2025-10-01,"verres","Verrès",0.00215450203264027
2025-11-01,"verres","Verrès",0.00276528689418054
2025-12-01,"verres","Verrès",0.00100180167106304
2026-01-01,"verres","Verrès",0.00070900711535348
2026-02-01,"verres","Verrès",0.00118989320772876
2026-03-01,"verres","Verrès",0.000783622788843272
2026-04-01,"verres","Verrès",0.00201139884408558
2026-05-01,"verres","Verrès",0.00285099799742095
2026-06-01,"verres","Verrès",0.00151837660597767
2026-07-01,"verres","Verrès",0.00125948221525108
2026-08-01,"verres","Verrès",0.00131466536004486
2026-09-01,"verres","Verrès",0.00224758444253255
2025-01-01,"villeneuve","Villeneuve",0.00254626917391503
2025-02-01,"villeneuve","Villeneuve",0.00270039431653695
2025-03-01,"villeneuve","Villeneuve",0.00139507513665299
2025-04-01,"villeneuve","Villeneuve",0.00227076759358033
2025-05-01,"villeneuve","Villeneuve",0.00226587939048828
2025-06-01,"villeneuve","Villeneuve",0.00238542379208941
2025-07-01,"villeneuve","Villeneuve",0.00129708671049849
2025-08-01,"villeneuve","Villeneuve",0.00186668577983468
2025-09-01,"villeneuve","Villeneuve",0.00121651418414945
2025-10-01,"villeneuve","Villeneuve",0.00180852552934462
2025-11-01,"villeneuve","Villeneuve",0.00347876315233806
2025-12-01,"villeneuve","Villeneuve",0.00264354474301483
2026-01-01,"villeneuve","Villeneuve",0.00251246124362051
2026-02-01,"villeneuve","Villeneuve",0.00273913943161098
2026-03-01,"villeneuve","Villeneuve",0.0014073865284428
2026-04-01,"villeneuve","Villeneuve",0.00223315199132826
2026-05-01,"villeneuve","Villeneuve",0.00222394326222259
2026-06-01,"villeneuve","Villeneuve",0.0024498153910912
2026-07-01,"villeneuve","Villeneuve",0.00126145586662297
2026-08-01,"villeneuve","Villeneuve",0.00170446621174225
2026-09-01,"villeneuve","Villeneuve",0.00122465916888786
