comune_key,Consumo_Base_MWh,Mixed_Mediano_q50_MWh,Mixed_Picco_q95_MWh,GAMM_Mediano_q50_MWh,GAMM_Picco_q95_MWh,Prophet_Mediano_q50_MWh,Prophet_Picco_q95_MWh,Delta_Mixed_Picco_MWh,Delta_GAMM_Picco_MWh,Delta_Prophet_Picco_MWh
allein,22.488,141.90230022650107,150.5448550804942,117.2290751142295,126.35103146153449,40.34269473470509,42.00878670246479,128.0568550804942,103.86303146153449,19.52078670246479
antey saint andre,1474.3139999999999,1510.9411512831994,1530.502799839127,1587.4888188312152,1649.5774461959152,1510.688529964213,1538.926817225398,56.188799839127114,175.26344619591532,64.6128172253982
aosta,60423.76099999999,61867.07712072946,61245.9584386012,65676.8982931472,66262.92807674395,61109.31443072271,62276.212290390555,822.197438601208,5839.167076743957,1852.4512903905634
arnad,2927.598000000001,2779.386933527534,2894.0748444417454,3658.5241163869246,3754.7539515026756,2693.596541742434,2634.2687122239263,-33.52315555825544,827.1559515026747,-293.3292877760746
arvier,1154.483,1142.328903480684,1149.7120962105625,1223.6406914576435,1261.9020035200651,1290.0847285060815,1286.5624053056263,-4.770903789437398,107.41900352006519,132.07940530562632
avise,469.1429999999999,711.2963584203376,704.402490892111,741.7390217045906,752.09697758291,689.2291630258272,683.9020603280569,235.2594908921111,282.95397758291006,214.759060328057
ayas,10477.348999999998,10088.802693165993,10769.167560467562,10899.05521929509,11507.428359712334,10328.082292008074,11299.176060808219,291.81856046756366,1030.0793597123356,821.8270608082203
aymavilles,2394.3980000000006,2449.0315635877932,2477.7154828306648,2635.5157634632596,2718.702329717281,2448.8635703222544,2461.9120740368007,83.31748283066418,324.3043297172803,67.51407403680014
bard,1436.1079999999995,1182.0201056932617,1200.9369192586448,1235.1960335685199,1288.6978833892615,1813.7324328895397,1859.8747689482086,-235.17108074135467,-147.410116610738,423.7667689482091
bionaz,436.60900000000004,632.9739331372682,638.4407924883966,641.6552681686601,660.3466011788071,660.5018319586975,665.6540734453142,201.83179248839656,223.73760117880704,229.0450734453142
brissogne,4593.609,4505.436176120513,4504.115782051962,4313.022625966408,4342.008339432972,4425.204898958333,4396.666975584508,-89.49321794803836,-251.60066056702817,-196.9420244154926
brusson,2558.1590000000006,2595.5446221007423,2691.9115646983378,2695.6710685858743,2844.3302584093562,2505.148339434757,2531.1684509229462,133.7525646983372,286.1712584093557,-26.99054907705431
challand saint anselme,969.6660000000002,951.1475329052538,961.42534856518,1037.1809233915621,1080.2327307911821,975.5813873031161,980.5538816329978,-8.240651434820165,110.56673079118195,10.887881632997619
challand saint victor,627.1169999999997,627.75833463264,638.8088707310974,674.5691441697841,687.5739717002227,682.3685272881254,686.4099240587894,11.691870731097652,60.456971700222994,59.29292405878971
chambave,1159.0969999999998,1214.8675708913165,1220.3863074326403,1276.618702112769,1295.112335184062,1287.6923219742089,1289.248578596976,61.2893074326405,136.01533518406222,130.15157859697615
chamois,1116.6010000000003,1109.7710639551797,1137.366972531516,1147.0852741956808,1192.8353454937424,1090.9974225903145,1119.0961997226796,20.765972531515672,76.23434549374201,2.4951997226792173
champdepraz,782.0050000000001,775.2631399222778,777.3832992142366,818.6930107839422,836.2095338098912,839.6727739951762,843.2177082239026,-4.621700785763551,54.20453380989113,61.212708223902496
champorcher,1463.207,1343.361493004864,1387.2860727347252,1423.3585488687718,1472.1871457112247,1443.97250812005,1460.3910545916967,-75.92092726527494,8.980145711224623,-2.815945408303378
charvensod,2587.1050000000005,2661.181015710637,2683.6496373482823,2823.3706245395597,2947.3598290251325,2630.3638609765644,2621.915732012656,96.54463734828187,360.25482902513204,34.810732012655535
chatillon,6800.803,6384.638605726813,6167.317476801883,6758.152741235641,6987.405993462176,7743.507619545485,7186.534552337986,-633.4855231981173,186.60299346217653,385.7315523379857
cogne,5424.3870000000015,5147.527134066028,5383.789926054006,5493.057001324734,5798.477024873015,4886.381832633126,5045.8669234785475,-40.59707394599536,374.09002487301314,-378.52007652145403
courmayeur,18221.977999999996,19360.936268409467,19931.512467533597,18400.28513451599,19095.21756461848,17251.44358211977,18033.153307581237,1709.5344675336019,873.239564618485,-188.8246924187588
donnas,2621.7699999999995,2526.718395327612,2543.4069722743197,2788.2898719002314,2834.9826646530946,2582.589173719433,2578.8496878974825,-78.36302772567979,213.2126646530951,-42.92031210251707
doues,106.635,65.55403892648164,66.99514424798674,82.94156379555092,88.01728581916292,111.79636418744599,111.35892275334075,-39.63985575201326,-18.617714180837083,4.723922753340744
emarese,263.26399999999995,273.9784236925221,274.75642165650845,284.0776878518397,289.4378741268631,256.9404431415354,255.97246942024498,11.492421656508498,26.173874126863154,-7.291530579754976
etroubles,857.7230000000002,832.728163336979,854.0074378735155,947.4470672254341,983.9402560476695,910.5708759445404,925.0615866593639,-3.715562126484656,126.21725604766937,67.33858665936373
fenis,1774.624,1678.318098197852,1690.5861436913135,1784.1614137141269,1856.7335320998848,1971.162088222528,1987.0787196657566,-84.03785630868651,82.10953209988475,212.45471966575656
fontainemore,485.536,487.29934792498085,486.2826670736705,453.29391924892855,463.5405358295029,502.914237209006,502.88776226717755,0.7466670736704941,-21.995464170497087,17.35176226717755
gaby,643.9720000000001,950.589779255842,974.107410183669,1035.085049207793,1086.0925881080307,666.5064024857733,650.1162346459242,330.1354101836689,442.1205881080306,6.1442346459241435
gignod,540.716,463.8641054571857,482.00656236500487,487.2580868038621,517.1215553313392,632.9393695032227,630.7343162577836,-58.70943763499514,-23.5944446686608,90.01831625778357
gressan,9367.896,8946.316489459223,9261.566450366976,9493.116152889248,9840.301747078336,8782.981154919938,9142.505091081632,-106.32954963302473,472.4057470783355,-225.39090891836895
gressoney la trinite,5133.281999999999,5046.821215999415,5217.03970872879,5543.195800189756,5687.897874477987,5455.991048368507,5609.330177545608,83.75770872879093,554.6158744779877,476.0481775456092
gressoney saint jean,2882.788,2973.7201483829867,3089.774304883441,3277.25470311102,3474.9831152460397,3031.276865242769,3025.3694940887085,206.98630488344088,592.1951152460397,142.5814940887085
hone,1269.861,1371.9993556132288,1369.9752687151733,1410.1008680500024,1414.8963597413442,1383.5698099357137,1360.4511360990768,100.11426871517324,145.0353597413441,90.59013609907674
introd,844.5780000000002,857.9316774976427,862.7920043479633,920.3819591481988,944.4614700037092,871.1677736272445,880.1960445948666,18.214004347963055,99.88347000370902,35.61804459486643
issime,610.619,587.6374695214525,588.8649520586014,580.3702249757318,590.3882590977711,667.1549441330372,679.9414351076485,-21.754047941398653,-20.230740902228945,69.32243510764852
issogne,1710.4319999999993,1616.944083052041,1615.6149605547675,1641.962781427586,1657.0115890709278,1775.7038441834138,1761.4822639282254,-94.81703944523179,-53.42041092907152,51.05026392822606
jovencan,963.4770000000002,955.5290009143533,957.4900947502356,985.760228442517,1005.9726223668189,1010.4174166403174,1018.2598350294573,-5.986905249764618,42.49562236681868,54.782835029457146
la magdeleine,202.00999999999996,223.90644101926608,231.00096590007107,230.0340068335368,238.43811697390348,215.20251357934424,214.75555285289752,28.990965900071103,36.428116973903514,12.74555285289756
la salle,3824.524,3561.4907257288687,3606.428459413837,3771.941890590044,3942.1334466535336,3756.5420991658284,3825.982362431791,-218.09554058616277,117.60944665353372,1.4583624317911017
la thuile,6828.5,7229.134421428734,7472.758972108078,7419.301407811683,7559.004640752304,5776.808340008479,6021.418383733847,644.2589721080776,730.5046407523041,-807.0816162661531
lillianes,409.1,374.36459456419504,373.87005684956364,368.1911578325447,377.0685247825412,472.5150226731157,474.2878568491106,-35.229943150436384,-32.03147521745882,65.18785684911057
montjovet,1756.116,1737.0052582272356,1739.3971924264322,1851.2278939992505,1882.8141253986003,2018.7608368534934,2017.0257791866568,-16.7188075735678,126.69812539860027,260.9097791866568
morgex,8981.689,9845.424395646623,10014.90302126264,10016.620697521832,10392.847465605266,10778.623901287703,10728.231176121917,1033.21402126264,1411.1584656052655,1746.5421761219168
nus,2626.3569999999995,2614.0782304006602,2625.8732412795907,2829.3278387748414,2944.991651629031,2700.002515748093,2712.6107161684085,-0.48375872040878676,318.6346516290314,86.25371616840903
ollomont,339.802,350.23148158863853,358.2172489023509,377.30003250195523,384.89897417533757,353.594758449072,352.5277905699783,18.415248902350868,45.09697417533755,12.725790569978301
oyace,233.55,241.59868451238017,241.32205687259952,250.7164049509351,252.0687492305729,226.3464458582306,226.32137060246635,7.7720568725995065,18.518749230572894,-7.228629397533666
perloz,742.096,698.8786853325477,701.6737391496306,712.6405098496613,724.7557979838591,831.51321154701,825.537758409869,-40.42226085036941,-17.340202016140893,83.44175840986895
pollein,3859.672,3523.8998148287847,3652.1434049715544,3864.87597181059,4055.5233266760947,3695.8534538716403,3617.1830555444226,-207.52859502844558,195.8513266760947,-242.48894445557744
pont saint martin,6678.411,11307.694759323394,11262.291345978307,11107.259615086497,11414.284396576662,10608.911618817085,10296.483614556506,4583.880345978307,4735.873396576662,3618.072614556506
pontboset,199.80500000000006,195.20446707197098,198.6787017282048,206.6422901049882,215.27651995196166,223.1494201283428,222.82093393931206,-1.1262982717952639,15.471519951961596,23.015933939311992
pontey,1050.4330000000002,862.2255748761252,857.2974523672882,868.6027690560411,884.3078607539078,999.7659039991676,997.7158144092493,-193.13554763271202,-166.12513924609243,-52.71718559075089
pre saint didier,2421.819,2275.05325259546,2351.4839449668934,2418.3977904911562,2537.937309066192,2482.7560501196276,2635.86926423222,-70.33505503310653,116.11830906619207,214.0502642322199
quart,5768.788999999999,5945.42485339307,5976.855452807799,6117.221739536498,6278.979494765437,6288.743072524234,6341.628563298518,208.0664528078005,510.1904947654384,572.8395632985194
rhemes notre dame,699.989,756.2225249781096,818.3379717846127,788.6931694074729,817.8768155917935,506.42477255424814,588.027294907945,118.34897178461267,117.88781559179347,-111.96170509205501
rhemes saint georges,504.1909999999999,534.5453723521371,537.3206206246895,564.968917752058,580.0969138347572,495.10800787956407,496.30534883691803,33.12962062468955,75.90591383475726,-7.885651163081889
roisan,983.246,998.3605238556662,1006.0896724608729,1071.1310078782897,1090.3474759981818,1056.1791723580886,1061.4016676158806,22.84367246087288,107.10147599818185,78.15566761588059
saint christophe,2927.7479999999996,2616.6763056449686,2676.446599679735,2825.4884976299018,2997.0649059887705,2954.4343474705793,2918.3091244348093,-251.30140032026475,69.31690598877094,-9.438875565190301
saint denis,319.83099999999996,472.43907252656425,486.27009662895034,497.9115614986762,501.13566326152886,434.68512389279783,419.766683413374,166.43909662895038,181.3046632615289,99.93568341337402
saint marcel,2904.715,2707.9950061011896,2693.9016001962077,2793.174467230049,2800.4199296634474,2643.0148461517,2631.3113589450927,-210.81339980379244,-104.29507033655273,-273.40364105490744
saint nicolas,563.208,566.4879968439607,571.6354082765141,593.3977793731788,610.5102109337474,556.5930377985401,561.1889125072721,8.427408276514143,47.30221093374746,-2.019087492727863
saint oyen,349.21000000000004,341.5431614957609,346.7638015392477,364.8609718036999,381.6525283542379,378.12165252717205,385.03591685924476,-2.4461984607523277,32.44252835423788,35.82591685924473
saint pierre,3571.2050000000004,3494.4079903805946,3524.7340551153825,3661.579434781186,3774.4506703854836,3582.682600407123,3712.6563067609527,-46.47094488461789,203.2456703854832,141.45130676095232
saint rhemy en bosses,1739.1770000000001,1612.4966200660112,1624.172993305272,1775.3763094604537,1822.396745356548,1916.1141115330843,1869.5987187803858,-115.0040066947281,83.21974535654795,130.42171878038562
saint vincent,12291.660000000002,12280.783652736307,12732.94720659704,13448.714780908895,13877.599637341587,13634.558310973634,13728.93878999711,441.2872065970387,1585.9396373415857,1437.278789997108
sarre,4258.04,4387.780418838642,4411.099516472098,4664.207277869345,4816.33603442864,4351.174387057309,4314.110656778654,153.05951647209804,558.2960344286403,56.070656778653756
torgnon,2549.7979999999993,2652.139774575562,2806.15505063531,3004.75587493404,3140.934344599006,2730.0543169591924,2853.2648440735966,256.35705063531077,591.1363445990069,303.46684407359726
valgrisenche,531.391,806.4731698571821,815.0443092885776,830.6350648168586,858.4634372460645,862.4290769284542,876.5249410257869,283.6533092885776,327.0724372460645,345.13394102578695
valpelline,197.895,708.5664231766771,721.0971958090618,720.5400275502748,734.0067310278145,706.008957102463,730.395110886149,523.2021958090618,536.1117310278145,532.5001108861491
valsavarenche,497.158,542.0220309781133,552.7637908572735,571.0351113120979,591.7723507124967,544.4463473528051,555.9679069241051,55.60579085727352,94.61435071249673,58.80990692410512
valtournenche,17981.534,17609.44761133411,18757.30860252664,19292.05718103899,20068.361411808393,19526.324880477365,21261.97937806592,775.7746025266388,2086.8274118083937,3280.4453780659205
verrayes,1415.2100000000005,1456.844508192881,1435.6731329389313,1378.0407677860076,1408.1710175086423,1487.6602331708111,1511.4240155243954,20.463132938930812,-7.038982491358183,96.21401552439488
verres,7630.375,6110.975003323358,6350.862447675457,6827.272081552232,6862.365597589031,12039.934528264246,12214.84844594415,-1279.5125523245433,-768.0094024109694,4584.47344594415
villeneuve,1724.164,1651.590140839986,1647.6789046058077,1622.0166672014293,1643.935449839285,1853.3263728627273,1855.9393983053449,-76.48509539419229,-80.22855016071503,131.77539830534488
