"comune_key","n_obs","MAE_kwh","RMSE_kwh","Bias_kwh","MAPE_pct","model","best_RMSE_kwh","delta_from_best_RMSE","underperform_flag"
"valtournenche","9","43671.842494219454","55196.70651533844","-31211.463788573823","2.4101075070960376","Mixed","55196.70651533844","0","ok"
"saint vincent","9","46871.11375679169","56999.988171899364","-1577.2299677474011","3.5210333615510425","Mixed","56999.988171899364","0","ok"
"brissogne","9","18943.931525377808","21260.46370116951","-9805.57494121572","3.7392010099142086","Mixed","21260.46370116951","0","ok"
"saint christophe","9","14354.354930753083","16692.05807949534","-10315.63976905852","4.374734543799328","GAMM","16692.05807949534","0","ok"
"aosta","9","298861.9833589896","411186.3589824567","157831.23190003633","4.872625103686841","Mixed","411186.3589824567","0","ok"
"arnad","9","16744.146947699035","21024.128618563213","-16240.149578940789","4.948412721365856","Mixed","21024.128618563213","0","ok"
"gressan","9","37238.67691253694","54758.145514564974","18419.89133991016","5.011150976237017","GAMM","54758.145514564974","0","ok"
"saint pierre","9","17103.416171342535","28446.972224978002","10541.715239011824","5.121600659116277","GAMM","28446.972224978002","0","ok"
"pre saint didier","9","11120.966684705632","22203.005543741663","7727.07116041693","5.469657841684957","Prophet","19013.099254442153","3189.90628929951","ok"
"verrayes","9","9057.008814963272","11827.320036498757","-4104.444801103486","5.9940035908097755","GAMM","11827.320036498757","0","ok"
"pollein","9","25612.499124433016","29893.82174208424","1947.6835521842845","6.20652094240684","GAMM","29893.82174208424","0","ok"
"ayas","9","62948.92587343619","68338.5471821989","-9603.413601710616","6.213747861905721","Prophet","68338.5471821989","0","ok"
"champorcher","9","12686.855618787875","19139.345525279834","-1996.2234945860628","6.953594186101057","Prophet","17439.04981706963","1700.2957082102039","ok"
"pontboset","9","1232.9332512224748","2173.596640635245","750.4669191526658","7.140495218919867","GAMM","2173.596640635245","0","ok"
"saint nicolas","9","4170.931319593785","5951.480967993731","-706.8230669657044","7.310978291003117","Prophet","5951.480967993731","0","ok"
"introd","9","5236.794870835463","9034.86740238429","1505.6978345276698","7.344813991789037","Mixed","9034.86740238429","0","ok"
"challand saint anselme","9","6523.568176360628","10216.377036410682","663.3249693450327","7.3494150395249465","Prophet","10216.377036410682","0","ok"
"aymavilles","9","15524.593436068619","26424.27242515751","6256.311734302613","7.433687164203932","Mixed","26424.27242515751","0","ok"
"chambave","9","9214.959238585994","10750.016233569691","6211.191931765454","7.528264982489802","Mixed","10750.016233569691","0","ok"
"chamois","9","11227.33453726334","20142.43329268799","-2634.5138371162593","7.682149929796957","Prophet","13718.240401876677","6424.192890811313","high_gap"
"oyace","9","1890.881638899788","2471.732318930299","-800.4395285579526","7.92582617038215","Prophet","2471.732318930299","0","ok"
"brusson","9","17885.840295797927","22987.221979747035","-5732.20272575962","7.986380759237896","Prophet","22987.221979747035","0","ok"
"arvier","9","8678.942731447249","13085.805177588456","-1307.6876150315236","8.001242253085007","Mixed","13085.805177588456","0","ok"
"villeneuve","9","15039.806775938845","17563.057674133794","-8076.884631228294","8.107507254785238","Mixed","17563.057674133794","0","ok"
"etroubles","9","7144.173090432602","8656.408354946752","-2753.1412983097316","8.112401498521853","Mixed","8656.408354946752","0","ok"
"perloz","9","6543.167931659216","8131.538466510093","-3280.342158163111","8.18802795324942","GAMM","8131.538466510093","0","ok"
"quart","9","41658.35709049703","64319.10963291139","19776.747311105028","8.266190961956768","Mixed","64319.10963291139","0","ok"
"donnas","9","23001.107978182325","29373.512714257162","-10564.495301459208","8.287048807794559","Mixed","29373.512714257162","0","ok"
"la salle","9","30349.31619982562","39104.307610832926","-4727.233359506787","8.331637110914295","GAMM","39104.307610832926","0","ok"
"jovencan","9","7985.908142641685","11304.019476898227","-873.0574470467077","8.340947749775689","Mixed","10508.902274039605","795.1172028586225","ok"
"fontainemore","9","3426.492969621711","5800.681773344144","1930.830753408404","8.385214723910698","Prophet","5517.737936494542","282.9438368496021","ok"
"issogne","9","15978.537821807236","17267.93505423368","-10391.081028315604","8.467385013815084","Mixed","17267.93505423368","0","ok"
"antey saint andre","9","11129.83268971763","17271.40130590613","4237.7837401832785","8.638799182738701","Prophet","17271.40130590613","0","ok"
"fenis","9","14044.690690576752","21416.1972141591","1082.2602612903186","8.685333215893627","GAMM","21416.1972141591","0","ok"
"charvensod","9","19145.111081455878","32846.61569652133","8340.75548525962","8.728506016808888","Mixed","32846.61569652133","0","ok"
"montjovet","9","14916.61048498457","21604.630930724263","-2110.3501622163426","9.200583404527931","Mixed","21604.630930724263","0","ok"
"cogne","9","51204.55550199167","62828.114842656934","9052.00373408684","9.338881530187559","GAMM","62828.114842656934","0","ok"
"gignod","9","5834.696495260512","6591.8603509271825","-5678.828299570682","9.40174319300177","GAMM","6591.8603509271825","0","ok"
"saint marcel","9","26549.721432253387","32747.67365269638","-12417.37153555116","9.541061815043298","GAMM","32747.67365269638","0","ok"
"sarre","9","35601.371996161644","58503.75145083904","14517.337365202904","9.581329984702492","Mixed","58503.75145083904","0","ok"
"courmayeur","9","171762.30231097998","184368.61121021246","25949.644421684658","9.729876700954078","GAMM","184368.61121021246","0","ok"
"gressoney la trinite","9","41542.3018415669","48433.723789696145","-7421.57687820283","9.945113455847823","Mixed","48433.723789696145","0","ok"
"saint oyen","9","3594.776694095701","4704.23472598725","-834.7915621385562","9.948066694243975","Mixed","4674.83873246818","29.395993519070544","ok"
"chatillon","8","89742.09793735782","123032.27684221642","-2512.904764653067","10.226060691222404","GAMM","123032.27684221642","0","ok"
"ollomont","9","2690.194629475172","4964.413851290558","1128.1024821892352","10.264414753533595","Mixed","4696.8489295267545","267.5649217638038","ok"
"saint rhemy en bosses","9","16814.396134506722","25373.44515381397","4002.689042471288","10.322023499821393","GAMM","25167.56701694215","205.87813687181915","ok"
"challand saint victor","9","5185.081506045872","7663.96797427052","145.13334419922063","10.362353754264197","Mixed","7663.96797427052","0","ok"
"pontey","9","12259.824987839245","14151.138309944827","-5635.217087955379","10.40536649200661","Prophet","14151.138309944827","0","ok"
"nus","9","23647.98340927801","35871.843758534415","-1310.0729617405968","10.614812777685337","Mixed","35871.843758534415","0","ok"
"champdepraz","9","7359.853407644826","11549.036594221869","-737.5595008118083","10.765896593464328","Mixed","11549.036594221869","0","ok"
"hone","9","12275.409883005292","18400.38610305669","11335.579580294834","11.07042536426064","Mixed","18400.38610305669","0","ok"
"torgnon","9","24322.251213310494","32823.62178183471","12657.584073430658","11.083337298372163","Mixed","32823.62178183471","0","ok"
"rhemes saint georges","9","5423.942997838144","7158.131921090153","-1004.7291493331998","11.117888442407915","Prophet","7158.131921090153","0","ok"
"roisan","9","8891.386171219956","15059.161073894094","1702.0244817993896","11.30984026207707","Mixed","15059.161073894094","0","ok"
"issime","9","6934.940734544778","8816.701732393662","-2548.1651432832855","11.411733415565369","Mixed","8701.58711480681","115.11461758685073","ok"
"verres","9","99888.47820260811","111345.04634117238","-91452.48980780359","11.54025278235928","GAMM","111345.04634117238","0","ok"
"morgex","9","111945.05246954113","137753.30651562024","96899.22274870993","12.014831477915413","Mixed","137753.30651562024","0","ok"
"emarese","9","2997.0899108177423","4725.378009742521","1192.5760493239607","13.85306707561334","Mixed","4725.378009742521","0","ok"
"lillianes","9","6335.134384818863","7103.7904768837525","-3861.500502288895","14.773439465453958","Mixed","7103.7904768837525","0","ok"
"valsavarenche","9","7000.622879020582","8299.020044936695","5161.848218892281","15.313547451822357","Prophet","8299.020044936695","0","ok"
"bard","9","28761.687652704517","41847.97146050744","-22138.028411063176","15.423576239706549","GAMM","41847.97146050744","0","ok"
"gaby","8","11853.519918007176","13823.33140913869","2679.7169653122182","15.709934016634698","Prophet","13823.33140913869","0","ok"
"gressoney saint jean","9","41560.478699512445","48031.94135035462","16452.024850394482","15.84275681895379","Prophet","46815.87278625956","1216.0685640950542","ok"
"la thuile","9","162775.16841000394","209563.26272710192","-114323.45590206186","20.96842171223083","Prophet","185653.07923573937","23910.18349136255","ok"
"rhemes notre dame","9","13582.590037492824","14894.679611157662","10156.068607494373","22.016935860191094","GAMM","14280.252922079637","614.4266890780254","ok"
"doues","9","2955.729658421848","3510.2975995801467","-2689.232484118141","23.338971204060808","GAMM","3510.2975995801467","0","ok"
"la magdeleine","9","4329.061569488897","5319.664501571614","1465.212608599105","31.100259114727578","Prophet","5054.847483681985","264.8170178896289","ok"
"saint denis","8","19392.603709918538","43409.95774289183","19205.674707638052","39.9327926919195","Mixed","19783.95735276108","23626.000390130746","high_gap"
"bionaz","9","21825.40965463965","22651.828464395476","21825.40965463965","49.233619305241355","Mixed","22651.828464395476","0","ok"
"avise","9","24418.2071143376","26633.69187273311","24418.2071143376","49.70359597493129","Prophet","26633.69187273311","0","ok"
"pont saint martin","9","435227.62380053086","438310.9645211173","435227.62380053086","59.63093599487592","Prophet","438310.9645211173","0","ok"
"valgrisenche","9","30616.890876301262","31602.63411665105","30616.890876301262","59.75304453601805","Mixed","31602.63411665105","0","ok"
"allein","8","2246.460298671451","2910.1582374262016","2246.460298671451","80.89678242485611","Prophet","2910.1582374262016","0","ok"
"valpelline","9","56777.442410913616","74356.01376284393","56777.442410913616","239.91043493443448","Prophet","73486.09021444569","869.9235483982338","high_gap"
